stat_type,pr_max_res_pr_max
3,306.05394593304
4,7.6349744556265
