pr_max_res_pr_max,stat_type
301.53752077708,3
9.4030376862202,4
