pr_max_res_pr_max,stat_type
301.94251208812,3
6.533226165084,4
