stat_type,pr_max_res_value
3,303.98486301273
4,4.9611121239646
