time,J_out,P_in,P_out,TK_out,kg_out,kg_per_s
0,0,0,0,0,0,0
1,0,9.7725290407415,9.6648234867629,473.00000051916,0,0
