time,cm3_Albite,cm3_Anhydrite,cm3_Anorthite,cm3_Calcite,cm3_Chalcedony,cm3_Clinochl-7A,cm3_Illite,cm3_K-feldspar,cm3_Kaolinite,cm3_Laumontite,cm3_Paragonite,cm3_Phlogopite,cm3_Quartz,cm3_Zoisite,cm3_mineral,massfrac_Al,massfrac_Ca,massfrac_Cl,massfrac_H,massfrac_H2O,massfrac_HCO3,massfrac_K,massfrac_Mg,massfrac_Na,massfrac_SO4,massfrac_SiO2,pH,porosity,solution_temperature,temperature
0,0,0,0,0,0,0,0,0,0,0,0,0,0,0,0,0,0,0,0,0,0,0,0,0,0,0,0,0,0,0
100,43270.999045441,0.018382840431665,4667.9571628133,0.015640924964338,99.999996766225,99.999368829352,1865.3041023774,29231.762851642,99.999999999182,100.00000121564,99.999999992116,1848.5884501482,17515.351583228,100.00200037434,98999.998586592,4.4570449688601e-08,0.00058187764708002,0.0047443097831747,8.201489721315e-07,0.99182338925152,5.9062704903097e-05,0.00023054895054109,1.5395119212664e-07,0.0022810941411157,9.5166508847027e-06,0.00026918220017089,6.1827930179113,0.010000000141341,220,220
200,43270.997226917,0.018383168264859,4667.9561570081,0.015641501752949,99.999993590833,99.998989676449,1865.3041019395,29231.762843459,99.999999998401,100.00000240514,99.999999984084,1848.5884754705,17515.351613708,100.0038951993,98999.997324027,3.3037606506924e-08,0.00058108924098365,0.0047442983835755,8.1305628681898e-07,0.99182115084364,5.9061479171193e-05,0.00023054898504287,5.0892720932355e-07,0.0022815058688383,9.5070774267568e-06,0.00027148310022022,6.1803625327975,0.010000000267597,220,220
300,43270.995482059,0.018376445645148,4667.9551436988,0.015641558522769,99.999990469526,99.998770791728,1865.3041015279,29231.762835602,99.99999999763,100.0000036118,99.999999976398,1848.5885068096,17515.351658008,100.00569150803,98999.996202064,3.2335915095056e-08,0.00058038039419366,0.0047442884853152,8.1373361687649e-07,0.99181907650469,5.9060411309943e-05,0.00023054493309905,7.1265558688226e-07,0.0022819152168063,9.5063781207464e-06,0.00027366895134837,6.1633863251307,0.010000000379794,220,220
400,43270.993841092,0.018363716368822,4667.9541378761,0.015641021993764,99.999987397804,99.998602619345,1865.3041011492,29231.762828206,99.999999996871,100.00000485829,99.999999969291,1848.5885385096,17515.351714975,100.00741122318,98999.995172611,3.2132077564085e-08,0.00057973867775582,0.0047442799878221,8.1989872544537e-07,0.9918171972765,5.9060212562619e-05,0.00023053927082718,8.2219923409895e-07,0.0022823084617877,9.5202939459822e-06,0.00027568158876048,6.1422982612555,0.010000000482739,220,220
