time,cm3_Albite,cm3_Anhydrite,cm3_Anorthite,cm3_Calcite,cm3_Chalcedony,cm3_Clinochl-7A,cm3_Illite,cm3_K-feldspar,cm3_Kaolinite,cm3_Paragonite,cm3_Phlogopite,cm3_Quartz,cm3_mineral
0,0,0,0,0,0,0,0,0,0,0,0,0,0
100000000,43542.245259927,0.018378251101435,4697.2192402987,0.015640261685623,2.1964341818424e-09,2.6665243797526e-09,1.3891630436578e-08,29415.002235822,9.9519333165842e-09,1.3252999999734e-08,3720.3526445133,17625.146594673,98999.999993789
200000000,43542.245259927,0.01837825109878,4697.2192402998,0.015640261274955,2.1263765493507e-09,3.3618686845359e-10,1.3889261277305e-08,29415.00223582,9.9518666336154e-09,1.3252999999489e-08,3720.352644516,17625.146594674,98999.999993789
300000000,43542.245259927,0.018378251098424,4697.2192403,0.015640261218833,2.058553480458e-09,4.2385365526264e-11,1.3886892522085e-08,29415.00223582,9.9517999510935e-09,1.3252999999247e-08,3720.3526445164,17625.146594674,98999.999993789
400000000,43542.245259927,0.018378251098424,4697.2192403,0.015640261218833,2.058553480458e-09,4.2385365526264e-11,1.3886892522085e-08,29415.00223582,9.9517999510935e-09,1.3252999999247e-08,3720.3526445164,17625.146594674,98999.999993789
