time,bulk_moles_Cl-,free_cm3_Albite,free_cm3_Anhydrite,free_cm3_Anorthite,free_cm3_Calcite,free_cm3_Chalcedony,free_cm3_Clinochl-7A,free_cm3_Illite,free_cm3_K-feldspar,free_cm3_Kaolinite,free_cm3_Paragonite,free_cm3_Phlogopite,free_cm3_Quartz,kg_solvent_water,molal_Al+++,molal_Ca++,molal_H+,molal_HCO3-,molal_K+,molal_Mg++,molal_Na+,molal_SO4--,molal_SiO2,pH,transported_Al+++,transported_Ca++,transported_Cl-,transported_H+,transported_H2O,transported_HCO3-,transported_K+,transported_Mg++,transported_Na+,transported_SO4--,transported_SiO2
0,0,0,0,0,0,0,0,0,0,0,0,0,0,0,0,0,0,0,0,0,0,0,0,0,0,0,0,0,0,0,0,0,0,0,0
1,0.13500708594395,0,0,0,0.013439369584266,0,0,0,0.00029519449542334,0,0,3.3984642932706e-05,0,1.0000056830553,8.4393441291916e-21,0.00024161355756058,1.1476768384968e-07,0.0004359617432318,0.015916268596947,6.7129331425818e-08,0.11989487221222,0.0003097058026264,0.0036519267546548,7.0779751928447,1.0614807824407e-06,0.00031612471446848,0.13500708594358,0.00041047777467187,55.499948946797,0.0010361247107998,0.015997061480166,1.1876297686143e-07,0.11999999999924,0.00049999999855815,0.0036911844425842
1.01,0.13500708594394,18.380255060131,0.018382724474817,0.32271143065705,0.015662847338363,0,0,0,12.709514060648,0,0.56161660174578,0.78294164450385,5.6204820217229,1.0000199992641,5.8189081770297e-17,0.01158305400606,9.5205650061968e-07,7.7337642691557e-05,0.0059418672608216,4.6672711830379e-06,0.1000682013333,6.6497497956726e-05,0.0045109364293682,6.1604297876144,1.6652352197513e-06,0.014653957036307,0.13500708593205,0.00082040263479677,55.500305186777,0.00097592334058238,0.0059482530881947,6.3931209665035e-06,0.10008836481125,9.9853624840726e-05,0.0045169286187747
2,0.13500708594394,1638.9545152293,0.01837823226103,179.93129192746,0.015640262990753,0,0,0,1162.5921984913,0,58.554019520484,78.321787782924,699.31029069805,1.0006383866109,5.8096968688789e-17,0.011570884507621,9.5165072498215e-07,7.7361407898089e-05,0.0059389061065,4.6626763057447e-06,0.100020379171,6.6523540147676e-05,0.0045110404925255,6.1605984990193,1.6667239454773e-06,0.014646724074731,0.13500708592203,0.00082091474174603,55.534625186055,0.0009765348191011,0.0059489701692562,6.3903462657957e-06,0.10010240969396,9.9951409207011e-05,0.0045198277036079
