stat_type,np_min_res_np_min
3,302.71847163108
3.05,292.38383702486
3.95,309.69623731795
4,17.870683123804
4.05,14.52371734546
4.95,18.263972435822
