stat_type,pr_max_res_pr_max
3,309.89934506311
3.05,301.19064401102
3.95,318.5246913909
4,17.723814413793
4.05,12.187268975868
4.95,20.681790391585
