results:time_max,results:time_min
334.30236067764,323.96453755151
292.75209578128,284.54759594784
313.80303943784,304.49916922913
