stat_type,pc_max_res_pc_max
3,308.73043626971
3.05,308.73043626971
3.95,308.73043626971
4,5.9918224530376e-14
4.05,5.9918224530376e-14
4.95,5.9918224530376e-14
