stat_type,results_results:time_max,results_results:time_min
3,312.30779337115,302.05085422102
3.05,295.9421911367,286.62475981996
3.95,328.6733956056,317.47694862209
4,26.238310825465,24.690945479004
4.05,0,0
4.95,28.346054566529,26.718779264996
