results:time_max,results:time_min
325.99298186937,317.13412721752
288.73838158236,280.53906825679
306.86416626438,296.50629659072
