results:time_max,results:time_min
282.41071891171,273.93768291209
331.50752561506,320.21596611528
323.00513558669,311.9989136357
