eval_surr_np_max,eval_surr_np_min,eval_surr_pc_max,eval_surr_pc_min,eval_surr_pr_max,eval_surr_pr_min,stat_type
308.73065942993,299.25709822742,308.73043626971,299.25722583509,309.43592802569,299.93980165602,3
298.21650032844,288.94580954601,308.73043626971,299.25722583509,300.61799920492,291.11304660346,3.05
319.20901282328,309.56827808429,308.73043626971,299.25722583509,318.09002775357,308.5816359117,3.95
19.151521308177,18.166618969523,5.9918224530376e-14,0,17.779024083424,17.701920419793,4
15.171796837996,14.518969929275,5.9918224530376e-14,0,12.348045571106,11.993098446643,4.05
19.399513410983,18.186740334203,5.9918224530376e-14,0,20.452378758978,20.645162891936,4.95
