stat_type,pr_min_res_pr_min
3,300.39630751769
3.05,291.6131502849
3.95,309.24737827134
4,17.898652061118
4.05,12.392684471132
4.95,20.797716657424
