stat_type,np_max_res_np_max
3,312.20590412002
3.05,302.26167391768
3.95,319.86534576533
4,18.004667021591
4.05,13.956146182
4.95,18.747994449619
