results:time_max,results:time_min
313.64132476678,304.54090373858
334.51750052134,323.90898742192
292.7023996007,284.55981664608
