stat_type,eval_surr_pc_max,eval_surr_pc_min,eval_surr_pr_max,eval_surr_pr_min,eval_surr_np_max,eval_surr_np_min
3,308.73043626971,299.25722583509,309.89934506311,300.39630751769,312.20590412002,302.71847163108
3.05,308.73043626971,299.25722583509,301.19064401102,291.6131502849,302.26167391768,292.38383702486
3.95,308.73043626971,299.25722583509,318.5246913909,309.24737827134,319.86534576533,309.69623731795
4,5.9918224530376e-14,0,17.723814413793,17.898652061118,18.004667021591,17.870683123804
4.05,5.9918224530376e-14,0,12.187268975868,12.392684471132,13.956146182,14.52371734546
4.95,5.9918224530376e-14,0,20.681790391585,20.797716657424,18.747994449619,18.263972435822
