stat_type,pc_min_res_pc_min
3,299.25722583509
3.05,299.25722583509
3.95,299.25722583509
4,0
4.05,0
4.95,0
