SC_index, temperature
 52,531.2240663900415
 6,550.1037344398339
 40,535.9958506224066
 105,467.3236514522821