index, temperature
 33,454.04564315352695
 3,455.4979253112033
 28,453.83817427385884
 60,442.42738589211615
 106,401.5560165975103