SC_index, temperature
 52,518.7759336099584
 6,535.9958506224066
 40,532.6763485477178
 105,461.30705394190863