time,TTC-27,TTC-28,TTC-29,TTC-30,TTC-31,TTC-32,TTC-33,TTC-34,TTC-35
0,0,0,0,0,0,0,0,0,0
1,770.11350319823,791.81103612196,796.66075433607,799.38843425657,803.78457998139,810.30340648964,815.73620131073,798.39373460593,762.61015593643
