SC_index, temperature
 27, 719.7852760736197
 28, 731.4417177914111
 29, 745.8588957055215
 30, 759.6625766871166
 31, 752.760736196319
 32, 745.5521472392638
 33, 742.638036809816
 34, 746.6257668711656
 35, 721.9325153374233

