SC_index, temperature
 27, 491.8354144874477
 28, 532.7415010460251
 29, 543.773306746862
 30, 545.767455543933
 31, 545.8786610878661
 32, 543.9815964958159
 33, 533.925339958159
 34, 496.881929916318
 35, 449.29448875523013
