time,mdot_1,mdot_2
0,0,0
1,2.515729957036,7.984270042964
