stat_type,storage_data:temp_center_inner,storage_data:temp_center_outer,storage_data:temp_end_inner,storage_data:temp_end_outer,storage_data:dispx_center_inner,storage_data:dispx_center_outer,storage_data:dispx_end_inner,storage_data:dispx_end_outer,storage_data:dispz_inner,storage_data:dispz_outer
3,619.84940028377,596.37263293046,513.05687372849,514.5644287626,0.00042194019494443,0.00051500284662897,0.00037097920085086,0.00043082980562899,0.00059380200901579,0.00054486741823836
3.05,609.05771824207,586.56836835123,506.08174515008,507.47192585469,0.00038379570582915,0.00046568110595249,0.00030186484876361,0.00035775849465048,0.00052017150190479,0.00050141411157428
3.95,629.8932751499,605.33963955886,519.41720446278,521.07517025868,0.00045907607646836,0.0005635462500013,0.00044444512635838,0.00050839632703217,0.00067111004053374,0.00058389750821963
4,20.813916738432,18.834263706174,13.418310052631,13.632886442516,7.5662264294689e-05,9.8225997182518e-05,0.00014210899773577,0.00015084160600011,0.00015175642584388,8.2823925468401e-05
4.05,13.164956731347,11.75512857796,8.5683076966817,8.7803313031477,4.4893773345499e-05,6.0913312670796e-05,9.4207120661842e-05,9.9778317557369e-05,9.8787704520394e-05,4.0939162218092e-05
4.95,24.656542807633,21.848927442656,15.429865413368,15.77877825222,9.4064004737702e-05,0.00012054972807157,0.00016154184581008,0.00017209911373509,0.00017762054807598,0.00010709187854806
