time,Temp_1,Temp_2
0,473.1,483.1
1,478.13911368812,478.44832332153
