,n_ranks,n_samples,mem_total,mem_per_proc,mem_max_proc,run_time,run_time_min,run_time_max
0,32,128,2519,78.71875,82,2.0292716373,2.016510913,2.089833632
1,32,256,2521,78.78125,81,3.9772167603,3.954340981,4.058018745
2,32,512,2514,78.5625,81,7.9478753412,7.846395488,8.143454176
3,32,1024,2530,79.0625,82,15.7871979783,15.691057906,15.942418952
4,32,2048,2515,78.59375,81,31.6497220154,31.321441418,32.568762318
5,32,4096,2549,79.65625,82,63.1499660189,62.734694482,64.376776189
