,n_ranks,n_samples,mem_total,mem_per_proc,mem_max_proc,run_time,run_time_min,run_time_max
0,1,128,78,78.0,78,71.810977468,71.634895602,71.914922082
1,2,256,150,75.0,75,72.2981270966,72.168879708,72.48326965
2,4,512,301,75.25,76,72.3746634643,72.274083873,72.469316937
3,8,1024,604,75.5,77,72.4622250676,72.32796999,72.63967708
4,16,2048,1218,76.125,77,72.6804881784,72.586843117,72.830286129
5,32,4096,2440,76.25,78,73.2277432245,73.08634789199999,73.293887682
6,64,8192,4919,76.859375,78,77.57491414980001,77.37209804,77.731681102
