,n_ranks,n_samples,mem_total,mem_per_proc,mem_max_proc,run_time,run_time_min,run_time_max
0,32,128,2559,79.96875,82,2.1932855138,2.15790251,2.281688916
1,32,256,2548,79.625,82,4.356998193,4.316444427,4.429320498
2,32,512,2564,80.125,83,8.6779343837,8.62271507,8.889750145
3,32,1024,2552,79.75,82,17.5772209989,17.248186387,19.643992782
4,32,2048,2544,79.5,82,34.5391110398,34.364086421,34.983709269
5,32,4096,2564,80.125,81,69.4668331257,68.464734691,75.486363409
