,n_ranks,n_samples,mem_total,mem_per_proc,mem_max_proc,run_time,run_time_min,run_time_max
0,1,128,83,83.0,83,61.740467565399996,61.554750803,62.090050389
1,2,256,156,78.0,78,62.2599522727,62.024558793,62.454089133
2,4,512,315,78.75,80,62.8662005539,62.705661255,63.032550415
3,8,1024,633,79.125,81,62.5925956658,62.421876004,62.815912965
4,16,2048,1271,79.4375,81,62.476681917,62.272486432,62.707395927
5,32,4096,2545,79.53125,82,62.8058302358,62.468703885,63.566366799
6,64,8192,5080,79.375,82,66.3236214324,65.62647702,67.12188685
