,n_ranks,n_samples,mem_total,mem_per_proc,mem_max_proc,run_time,run_time_min,run_time_max
0,1,128,609,609.0,609,67.8570648358,62.127037318,69.163593626
1,2,256,1216,608.0,608,68.4051478914,62.520681493,69.771725399
2,4,512,2429,607.25,608,68.2274919214,62.190523373,69.270459978
3,8,1024,4859,607.375,608,68.8631094301,62.780010749,70.496357758
4,16,2048,9725,607.8125,609,69.1120807669,62.597538648,70.964449681
5,32,4096,19449,607.78125,610,69.965718151,63.020645073,75.338230442
6,64,8192,38905,607.890625,611,75.4735615012,66.668907694,82.824079363
