,n_ranks,n_samples,mem_total,mem_per_proc,mem_max_proc,run_time,run_time_min,run_time_max
0,32,128,2847,88.96875,93,2.3328152693,2.158070014,2.37496839
1,32,256,3433,107.28125,109,4.6564982251,4.21253921,4.835411313
2,32,512,4618,144.3125,148,9.257853477000001,8.480005229,9.366115407
3,32,1024,6975,217.96875,220,18.5204715741,16.861257544,18.881981657
4,32,2048,11710,365.9375,368,36.9686118368,33.944235811,37.42904444
5,32,4096,21150,660.9375,666,75.1239937799,68.71449414,76.202666702
