tensor_points,tensor_mu_avg,tensor_sig_avg,tensor_mu_max,tensor_sig_max,smolyak_points,smolyak_mu_avg,smolyak_sig_avg,smolyak_mu_max,smolyak_sig_max
256,2.350375871201417e-05,0.0019532734297017613,2.975771636288569e-05,0.004160546255324302,45,9.775381081529161e-05,0.004819981935645613,0.00014110906579028947,0.01046073673281149
625,9.123091330722592e-06,0.0006050852600341105,8.191265522922126e-06,0.001285627914499006,165,3.011796202568553e-05,0.0019581480243795386,3.967700033212669e-05,0.00417119152228658
1296,5.158727003135411e-06,0.00022132141412154437,2.2460234378829014e-06,0.00040745498057705377,494,1.0978973096456848e-05,0.0006696036068754,1.0974718988944138e-05,0.0014262601154640064
2401,4.071143961744539e-06,0.00013419464289838679,6.149907966754241e-07,0.0001647807145459242,1278,5.671741280473506e-06,0.0002553546671642302,3.0144210717415157e-06,0.0004818783687859218
4096,3.775769543967782e-06,5.4407838161975815e-05,1.72023789693184e-07,3.942979718115529e-05,2958,4.206949372970314e-06,0.00014694778614875357,8.202639593904841e-07,0.0001923434904118961
6561,3.6892476979037425e-06,1.7701333689822023e-05,4.226897963660839e-08,1.071260988976563e-05,6270,3.816422627273176e-06,5.829732221413553e-05,2.3171285566887403e-07,4.816829564278971e-05
10000,3.6659954004935754e-06,2.3287501901816283e-05,7.39991908891382e-09,9.717260381051988e-06,12375,3.701193474283046e-06,1.8977077644900707e-05,6.049328013928265e-08,7.893538437556589e-06
