sensitivity_0,sensitivity_1,sensitivity_2,sensitivity_3
-0.0029180610906004,0.0029791318112296,0.0059667315803082,0.9967285831471
