sensitivity_0,sensitivity_1,sensitivity_2,sensitivity_3
0.00048977808754907,0.002736208786568,0.0054375947034488,0.99733073283941
