mc_points,mc_mu,mc_sig,tensor_points,tensor_mu,tensor_sig,smolyak_points,smolyak_mu,smolyak_sig
10,0.004516361389537808,367.1628708976222,256,2.350375871201417e-05,122.66504511358144,45,9.775381081529161e-05,1071.7782227131243
32,0.002716923140662884,215.73593683068876,625,9.123091330722592e-06,0.4486246245962694,165,3.011796202568553e-05,416.1993942968424
100,0.0019448840606084684,137.94264093162073,1296,5.158727003135411e-06,0.00032515653134533,494,1.0978973096456848e-05,6.628530485019291
317,0.0009808317264780142,77.23735981007437,2401,4.071143961744539e-06,8.846193870415318e-05,1278,5.671741280473506e-06,0.0198131677575141
1000,0.0006227089298542582,43.28494496008104,4096,3.775769543967782e-06,4.8589613326158265e-05,2958,4.206949372970314e-06,0.001474805730299894
3163,0.0003484443320172953,23.734627099095853,6561,3.6892476979037425e-06,1.640452247756141e-05,6270,3.816422627273176e-06,6.102251889585498e-05
10000,9.448195516075369e-05,13.079438545413979,10000,3.6659954004935754e-06,2.297684114143742e-05,12375,3.701193474283046e-06,1.1472190423887334e-05
