sensitivity_0,sensitivity_1,sensitivity_2,sensitivity_3
-0.0019448922847485,0.001985597021982,0.0039768359173673,0.99772886409993
