type,value
1,301.32185290771
2,5.9586317050531
