type,value
1,300.88013372781
2,5.8563610898676
