type,value
1,301.23746765051
2,10.072470830135
