sensitivity_0,sensitivity_1,sensitivity_2,sensitivity_3
0.0020096459549681,0.0016675527179735,0.0033035953383587,0.99839951969051
