type,value
1,300.79308238661
2,10.041225714568
