results:average,results:max,results:min
-0.10536354906177,0.88987429552845,-1.2636687033743
-0.17115334299873,0.689262725342,-1.3119784234645
-0.093027383238454,0.92669348317043,-1.2544397917645
-0.13873115145842,0.79073056851906,-1.2883017136964
-0.13723896578736,0.7957236325072,-1.2871870647815
