stat_type,results_results:max,results_results:min,results_results:average
3,0.81235472813676,-1.2827526100435,-0.13130134674691
3.05,0.75778464775098,-1.2959279549646,-0.14925931992992
3.95,0.86692480852254,-1.2694386314846,-0.11327146507347
