results:average,results:max,results:min
-0.15192528466265,0.75145111880863,-1.2979446079505
-0.089445661692043,0.93626262632326,-1.2518171888509
-0.10638867604805,0.88646377923102,-1.2644460852191
-0.17513170712151,0.67877499895057,-1.314859197077
-0.1256751683602,0.83027682690795,-1.2786779016283
