hypercube_0,hypercube_1
0.35227631514319,7.3301574586011
0.2837195648445,11.064078357973
0.31582968537513,9.4024611402371
0.32156140920289,8.1075172097527
0.30813040106988,10.05193622599
