results:average,results:max,results:min
-0.17155152769109,0.68974160651019,-1.3122663496191
-0.076416246276121,0.97396678526076,-1.2420552065958
-0.1089164736587,0.88109022010824,-1.2662000307924
-0.11274371516626,0.86715767568304,-1.2691747572031
-0.15824713931737,0.73183879991852,-1.3025713355981
