hypercube_0,hypercube_1
0.36791768904243,6.8835149083081
0.27457597946387,11.359050473766
0.32474908388501,9.6328474109093
0.33313464133272,7.6730829348978
0.31290400001548,10.523191969793
