results:average,results:max,results:min
-0.094088605567233,0.92301737830194,-1.2552691829219
-0.16408697458784,0.71058310503675,-1.3068498461091
-0.082781681881638,0.95667825523881,-1.2467490661088
-0.14447266361239,0.77362218163277,-1.2925052672106
-0.14116995416963,0.7841409816444,-1.2900623430775
