time,Re,drag_coeff,lift_coeff,point_vel_x,point_vel_y
0,0,0,0,0,0
0.001,100,325.42516150203,-0.55168959101415,0.99772397250969,-3.6020900320096e-07
0.002,100,34.753177709375,-0.070243764209639,0.99404845737145,-3.5529064574912e-07
