time,Re,drag_coeff,lift_coeff
0,0,0,0
0.001,100,469.73713591558,-1.0307479958868
0.002,100,-222.96801767479,0.50821084022189
