time,Re,point_vel_x,point_vel_y
0,0,0,0
0.001,100,0.99772429919124,-4.2468573729638e-07
0.002,100,0.9940412651413,-3.480520428135e-07
