time,drag_coeff,lift_coeff
0,0,0
0.001,347.58152572095,-0.56333770597483
0.002,16.287809627331,-0.05021272443173
