results:T_avg,results:q_left
-17.603233620557,-53.742329214072
-16.924801372873,-49.696450737877
-20.47179817769,-60.159654045693
-27.013903943926,-78.542578504529
-18.718157613216,-55.775839906623
-40.93865615389,-120.68093900364
-21.156094285642,-59.900406878897
-18.560433005254,-54.509515812134
-16.700478640994,-50.677841812901
-35.663029807323,-106.76977619967
