stat_type,results_results:T_avg,results_results:q_left
3,-23.375058662136,-69.045533211603
3.05,-27.875501644835,-82.293912865824
3.95,-19.444830129779,-57.285219882695
