results:T_avg,results:q_left
-40.414919376842,-120.89216175758
-29.877010480986,-88.550886310429
-12.532849811723,-38.568037920901
-15.005781693297,-44.563436016697
-30.927145121862,-90.178015607941
-26.323275182365,-77.98633140157
-16.726351484645,-49.282216424571
-12.823249303382,-38.024402547352
-17.390391596439,-50.940910091502
-23.551853106322,-68.365289699347
