results_results:T_avg,results_results:q_left,stat_type
-22.557282715786,-66.735168777789,3
-27.365712573917,-81.073084491621,3.05
-18.130103652693,-53.687792828012,3.95
