time,maxdisp,resid_y
4,-7.2927692496406,-9075002.5182208
