time,maxdisp,resid_y
6.95,-7.9616237836111,-10312506.655328
