time,maxdisp,resid_y
4,-7.5246599906001,-9075000.4945815
