time,maxdisp,resid_y
6.95,-7.8090821640708,-10312542.502841
