x,y,z,id,pgas,density_liquid,density_gas,viscosity_liquid,viscosity_gas,x1,y0
0.5,0.5,0,0,12000000,1006.3484910926,657.86899131611,0.00059784733171261,5.1272503782954e-05,0.052007556656448,0.0021421021554618
1.5,0.5,0,1,16000000,1008.7186480498,759.86080706553,0.00059857407202375,6.470061847924e-05,0.055425005138023,0.0024138128696672
2.5,0.5,0,2,20000000,1010.7977989752,812.65073453481,0.00059931595676464,7.3357744797959e-05,0.057563386894165,0.0025428871950552
3.5,0.5,0,3,24000000,1012.7271602651,849.38409666276,0.00060007313291056,8.0300925762529e-05,0.059074627342323,0.002628929258315
