x,y,z,id,pgas,density_liquid,density_gas,viscosity_liquid,viscosity_gas,x1,y0
0.5,0.5,0,0,12000000,1006.3485195956,657.87217682595,0.00059784733171261,5.1272869312125e-05,0.052007689915328,0.0021421099097315
1.5,0.5,0,1,16000000,1008.7186760913,759.86247822158,0.00059857407202375,6.4700871206708e-05,0.055425136687698,0.0024138153445364
2.5,0.5,0,2,20000000,1010.7978290041,812.65207079746,0.00059931595676464,7.3357982478646e-05,0.05756352832852,0.0025428880880631
3.5,0.5,0,3,24000000,1012.7271929373,849.38529610135,0.00060007313291056,8.0301166671718e-05,0.059074781882114,0.0026289291907273
