x,y,z,id,pgas,density_liquid,density_gas,viscosity_liquid,viscosity_gas,x1,y0
0.5,0.5,0,0,12000000,1102.9554295791,657.86899131611,0.00082863930464544,5.1272503782954e-05,0.025332787509539,0.0019527240398541
1.5,0.5,0,1,16000000,1104.7193939193,759.86080706553,0.00082964659455733,6.470061847924e-05,0.027066286461626,0.0022019757943663
2.5,0.5,0,2,20000000,1106.3945315467,812.65073453481,0.00083067487522902,7.3357744797959e-05,0.028210748383181,0.0023207100758435
3.5,0.5,0,3,24000000,1108.0222902504,849.38409666276,0.00083172435037387,8.0300925762529e-05,0.029075892538427,0.0023998999702107
