x,y,z,id,pgas,density_liquid,density_gas,viscosity_liquid,viscosity_gas,x1,y0
0.5,0.5,0,0,12000000,1102.9554390066,657.87217682595,0.00082863930464544,5.1272869312125e-05,0.025332854246158,0.001952731163829
1.5,0.5,0,1,16000000,1104.7194031932,759.86247822158,0.00082964659455733,6.4700871206708e-05,0.027066352631385,0.0022019781152797
2.5,0.5,0,2,20000000,1106.3945414828,812.65207079746,0.00083067487522902,7.3357982478646e-05,0.02821081985637,0.0023207109630561
3.5,0.5,0,3,24000000,1108.0223010717,849.38529610135,0.00083172435037387,8.0301166671718e-05,0.029075971026294,0.0023998999903252
