time,mdot10,mdot11,mdot12,mdot13,mdot7,mdot8,mdot9
0,0,0,0,0,0,0,0
1,0.014962533415434,0.016611852105515,0.016423871332285,0.0095423970991296,0.0088959670195205,0.014246404016697,0.013641513521631
