"results:l2error:value",
0.0006183203894430075,
0.00031513281439315006,
0.0003046557003804341,
0.0005687926610983354,
0.0011695636499280098,
0.0024801093559574374,
0.0015842709716921742,
0.00047182449004882994,
0.00024218147315261865,
0.0005732994476687629,
0.00048185425767627294,
0.0005939617606608555,
0.00042919076573924976,
0.0007122785308927393,
0.0005516797745442211,
0.0005134402329385604,
0.00015381195177398318,
0.0017863174852499424,
0.00046959727881158887,
0.0007002480822981567,
0.0010516082914074783,
0.0020028017819068928,
0.00038504797137411544,
0.0016939107153106613,
0.00105861140658033,
0.00021662353233608698,
0.000715138695786721,
0.0011628690419034772,
0.0008397878209945399,
0.0009385317834876104,
0.00043060810567277627,
0.0013859987545918242,
0.0005116725931340964,
0.0006533789917551344,
0.000881415832914347,
0.0001856457685744164,
0.0013105208476763205,
0.00013023366709599208,
0.0015188828450069772,
0.0005168101378752274,
4.886151491773302e-05,
0.0014596793467555453,
0.0032213050650587625,
0.0006526961454099901,
0.00090565149002342,
0.011998030363012996,
0.0017248296139947782,
0.00814709663479354,
0.0010669975820623001,
0.0009873199405710045,
0.0044428261870306145,
0.00449629775447601,
0.0013209148740197562,
0.00450876709096194,
0.0017914142648521732,
0.010996130198897936,
0.0002784006758349982,
0.0003941155949249266,
0.0015326343033787925,
0.005986536779903415,
0.001936200332505432,
0.0011549170884485075,
0.009017710804415113,
0.0022194607655782812,
0.007677715695900901,
0.0003785037905310525,
0.0002437889884482583,
0.0014442276891507943,
0.00019160821391303972,
0.009463951412202293,
0.001707714011530348,
0.0061384833140048466,
0.015208431887830474,
0.002435591844646813,
0.004656097696630657,
0.015760722049044797,
0.009451338195770338,
0.0004160328205581294,
0.00039079860784553116,
0.0003151214400631032,
0.0017861239467612693,
0.0013897717958652614,
0.0013883134897523467,
0.0007042617215061971,
0.0058849606640415724,
0.01087780084733199,
0.0011551699360215057,
0.0018244150209727548,
0.0009379326880810364,
0.0006539791112933185
