time,reward/average_reward
0,0
20,-0.55349454341312
40,0.13253636927425
60,1.428417813278
80,2.7626139684329
100,4.3452803891852
120,6.4360692125811
140,7.9115584685624
160,8.5167962654787
180,8.8234408791001
200,8.9331365068667
220,9.0005772770945
