time,reward/average_reward
0,0
1,-6.3592167143572
2,-6.3592167143572
3,-6.2534814312155
4,-6.2534814312155
