time,Area_1,Area_2,Area_3,Disp_1,Disp_2,Disp_3,Pressure_FB1,Pressure_FB2,Pressure_FB3,Pressure_FB4,Pressure_FB5,Pressure_FB6,Pressure_FB7,Pressure_FB8,Pressure_FB9,Temp_B,Temp_B_01,Temp_B_02,Temp_B_03,Temp_B_04,Temp_B_05,Temp_B_06,Temp_B_07,Temp_B_08,Temp_B_09,Temp_B_10,Temp_B_11,Temp_B_12,Temp_B_13,Temp_B_14,Temp_B_15,Temp_B_16,Temp_B_17,Temp_B_18,Temp_B_19,Temp_B_20,Temp_B_21,Temp_B_22,Temp_B_E1,Temp_B_E2,Temp_B_E4,Temp_B_E5,WP_1,WP_2,WP_3
0,0,0,0,0,0,0,0,0,0,0,0,0,0,0,0,0,0,0,0,0,0,0,0,0,0,0,0,0,0,0,0,0,0,0,0,0,0,0,0,0,0,0,0,0,0
1,5.3791722096446e-05,4.6613558644748e-05,1.7078211344971e-05,0.00095011801434623,0.00031072455566998,1.4948819305229e-05,146325.91584707,134642.61749105,122847.68437028,116959.80243279,105180.75187512,99186.652882198,67574.619870036,11698.457624542,35086.874299393,307.54653896203,311.09645171552,309.48113895123,307.68876287113,307.69187450338,309.21729471055,310.04552080734,307.54792245214,306.96766725982,307.14184149956,306.92231360975,307.11343684266,307.06515867081,306.47834576928,306.33413427736,306.43284636023,306.34005177899,306.4266870796,306.56738654138,306.46391827258,306.3645650669,306.75093616177,306.86973989585,306.32676880567,306.42117020874,306.51574498045,306.41775803824,0.028871590068785,0.028871590068785,0.014109096198074
