no_modes,mean,max
1,0.10389269711871223,0.5766098790831405
2,0.017231874170629678,0.18469561738316073
4,0.0019609080327790606,0.01719165927981679
8,0.0006330483611329487,0.00841369295331835
16,3.180231161443582e-05,0.00048549651653388503
32,2.385480129179089e-06,3.6782094615273835e-05
