no_modes,mean,max
1,0.10245133211243683,0.6076305987181226
2,0.01775774999566551,0.2663345543214474
4,0.001862536785381031,0.02404226268086822
8,0.0009299293717423329,0.011161896525606878
16,4.3599827509191074e-05,0.0007098165334445845
32,3.642158408799851e-06,0.00011897729328444684
