ann_surr_0,gp_surr_0,np_surr_0,pc_surr_0,pr_surr_0
216.64260627255,2.4728829766283,1.852790031663,43.094513884901,0.00042500837123744
213.54294089555,5.0858454377367,3.0063070865281,73.975829847489,0.00035733584694498
216.55305250915,2.7243171425373,1.9206435121186,75.905877328266,0.00044189633480793
