rbf:length_factor0,rbf:length_factor1,rbf:length_factor2,rbf:length_factor3,rbf:noise_variance,rbf:signal_variance
0.22062155318139,1.0688580555515,1.1897605490361,0.65446403823876,0.001,0.72731728491112
