length_factor0,length_factor1,length_factor2,length_factor3,noise_variance,signal_variance
0.23235403250844,0.65418507757894,0.89795278902725,0.69611297821275,0.001,1.180318414456
