rbf:length_factor0,rbf:length_factor1,rbf:length_factor2,rbf:length_factor3,rbf:noise_variance,rbf:signal_variance
0.22216257758937,1.0599886480201,1.1784852496104,0.64925245313945,0.001,0.72466395330125
