time,DP_SubchannelDelta,T_Planar_Mean
0,0,0
1,9280.2105275163,707.44551218743
