time,mdot_1,mdot_2
0,0,0
1,2.5398084281515,7.9601915718485
