Re_bundle,Re_center,ff_center,Re_edge,ff_edge,Re_corner,ff_corner
1.00000000e+00,1.19411030e+00,9.99053438e+01,9.60624119e-01,1.03115663e+02,3.29148226e-01,2.85467488e+02
1.00315865e+00,1.19788208e+00,9.95907713e+01,9.63658395e-01,1.02790982e+02,3.30187890e-01,2.84568635e+02
1.00632728e+00,1.20166577e+00,9.92771893e+01,9.66702256e-01,1.02467324e+02,3.31230838e-01,2.83672613e+02
1.00950592e+00,1.20546141e+00,9.89645947e+01,9.69755731e-01,1.02144684e+02,3.32277081e-01,2.82779411e+02
1.01269459e+00,1.20926904e+00,9.86529844e+01,9.72818851e-01,1.01823061e+02,3.33326628e-01,2.81889022e+02
1.01589334e+00,1.21308870e+00,9.83423552e+01,9.75891646e-01,1.01502450e+02,3.34379491e-01,2.81001437e+02
1.01910219e+00,1.21692043e+00,9.80327041e+01,9.78974147e-01,1.01182849e+02,3.35435679e-01,2.80116646e+02
1.02232118e+00,1.22076425e+00,9.77240280e+01,9.82066385e-01,1.00864254e+02,3.36495203e-01,2.79234641e+02
1.02555034e+00,1.22462022e+00,9.74163238e+01,9.85168389e-01,1.00546662e+02,3.37558074e-01,2.78355414e+02
1.02878969e+00,1.22848837e+00,9.71095886e+01,9.88280192e-01,1.00230070e+02,3.38624302e-01,2.77478954e+02
1.03203928e+00,1.23236873e+00,9.68038191e+01,9.91401825e-01,9.99144752e+01,3.39693898e-01,2.76605255e+02
1.03529913e+00,1.23626136e+00,9.64990124e+01,9.94533317e-01,9.95998740e+01,3.40766872e-01,2.75734307e+02
1.03856928e+00,1.24016628e+00,9.61951654e+01,9.97674700e-01,9.92862633e+01,3.41843236e-01,2.74866101e+02
1.04184976e+00,1.24408353e+00,9.58922752e+01,1.00082601e+00,9.89736402e+01,3.42922999e-01,2.74000628e+02
1.04514060e+00,1.24801315e+00,9.55903387e+01,1.00398727e+00,9.86620013e+01,3.44006173e-01,2.73137881e+02
1.04844183e+00,1.25195519e+00,9.52893529e+01,1.00715851e+00,9.83513438e+01,3.45092769e-01,2.72277850e+02
1.05175349e+00,1.25590968e+00,9.49893148e+01,1.01033977e+00,9.80416644e+01,3.46182796e-01,2.71420528e+02
1.05507562e+00,1.25987666e+00,9.46902215e+01,1.01353108e+00,9.77329601e+01,3.47276267e-01,2.70565904e+02
1.05840823e+00,1.26385617e+00,9.43920699e+01,1.01673248e+00,9.74252278e+01,3.48373192e-01,2.69713972e+02
1.06175137e+00,1.26784825e+00,9.40948571e+01,1.01994398e+00,9.71184645e+01,3.49473581e-01,2.68864722e+02
1.06510508e+00,1.27185294e+00,9.37985801e+01,1.02316563e+00,9.68126670e+01,3.50577446e-01,2.68018147e+02
1.06846937e+00,1.27587028e+00,9.35032360e+01,1.02639745e+00,9.65078325e+01,3.51684798e-01,2.67174236e+02
1.07184429e+00,1.27990031e+00,9.32088219e+01,1.02963948e+00,9.62039578e+01,3.52795647e-01,2.66332983e+02
1.07522987e+00,1.28394307e+00,9.29153348e+01,1.03289175e+00,9.59010399e+01,3.53910005e-01,2.65494379e+02
1.07862615e+00,1.28799860e+00,9.26227718e+01,1.03615430e+00,9.55990758e+01,3.55027884e-01,2.64658416e+02
1.08203315e+00,1.29206693e+00,9.23311300e+01,1.03942715e+00,9.52980624e+01,3.56149293e-01,2.63825085e+02
1.08545092e+00,1.29614812e+00,9.20404064e+01,1.04271033e+00,9.49979969e+01,3.57274244e-01,2.62994377e+02
1.08887948e+00,1.30024220e+00,9.17505983e+01,1.04600389e+00,9.46988762e+01,3.58402749e-01,2.62166285e+02
1.09231887e+00,1.30434921e+00,9.14617027e+01,1.04930785e+00,9.44006974e+01,3.59534818e-01,2.61340801e+02
1.09576912e+00,1.30846920e+00,9.11737168e+01,1.05262225e+00,9.41034574e+01,3.60670463e-01,2.60517916e+02
1.09923028e+00,1.31260219e+00,9.08866376e+01,1.05594712e+00,9.38071534e+01,3.61809695e-01,2.59697622e+02
1.10270236e+00,1.31674825e+00,9.06004624e+01,1.05928248e+00,9.35117823e+01,3.62952525e-01,2.58879910e+02
1.10618541e+00,1.32090739e+00,9.03151883e+01,1.06262839e+00,9.32173413e+01,3.64098966e-01,2.58064774e+02
1.10967947e+00,1.32507968e+00,9.00308123e+01,1.06598486e+00,9.29238273e+01,3.65249027e-01,2.57252204e+02
1.11318456e+00,1.32926514e+00,8.97473319e+01,1.06935193e+00,9.26312376e+01,3.66402721e-01,2.56442193e+02
1.11670072e+00,1.33346383e+00,8.94647440e+01,1.07272964e+00,9.23395691e+01,3.67560060e-01,2.55634732e+02
1.12022799e+00,1.33767578e+00,8.91830459e+01,1.07611802e+00,9.20488190e+01,3.68721054e-01,2.54829813e+02
1.12376639e+00,1.34190103e+00,8.89022347e+01,1.07951710e+00,9.17589844e+01,3.69885715e-01,2.54027429e+02
1.12731598e+00,1.34613962e+00,8.86223078e+01,1.08292692e+00,9.14700624e+01,3.71054055e-01,2.53227572e+02
1.13087678e+00,1.35039161e+00,8.83432623e+01,1.08634751e+00,9.11820502e+01,3.72226085e-01,2.52430233e+02
1.13444882e+00,1.35465702e+00,8.80650954e+01,1.08977890e+00,9.08949448e+01,3.73401817e-01,2.51635404e+02
1.13803215e+00,1.35893591e+00,8.77878043e+01,1.09322113e+00,9.06087434e+01,3.74581263e-01,2.50843079e+02
1.14162680e+00,1.36322832e+00,8.75113864e+01,1.09667424e+00,9.03234432e+01,3.75764435e-01,2.50053248e+02
1.14523280e+00,1.36753428e+00,8.72358389e+01,1.10013825e+00,9.00390413e+01,3.76951343e-01,2.49265904e+02
1.14885019e+00,1.37185384e+00,8.69611589e+01,1.10361320e+00,8.97555348e+01,3.78142001e-01,2.48481039e+02
1.15247900e+00,1.37618705e+00,8.66873439e+01,1.10709913e+00,8.94729211e+01,3.79336420e-01,2.47698645e+02
1.15611928e+00,1.38053394e+00,8.64143910e+01,1.11059607e+00,8.91911973e+01,3.80534611e-01,2.46918715e+02
1.15977106e+00,1.38489457e+00,8.61422975e+01,1.11410405e+00,8.89103605e+01,3.81736587e-01,2.46141241e+02
1.16343437e+00,1.38926897e+00,8.58710608e+01,1.11762312e+00,8.86304080e+01,3.82942359e-01,2.45366215e+02
1.16710926e+00,1.39365718e+00,8.56006782e+01,1.12115330e+00,8.83513369e+01,3.84151941e-01,2.44593629e+02
1.17079575e+00,1.39805926e+00,8.53311468e+01,1.12469463e+00,8.80731446e+01,3.85365343e-01,2.43823476e+02
1.17449388e+00,1.40247524e+00,8.50624642e+01,1.12824715e+00,8.77958282e+01,3.86582577e-01,2.43055748e+02
1.17820370e+00,1.40690517e+00,8.47946276e+01,1.13181089e+00,8.75193850e+01,3.87803657e-01,2.42290437e+02
1.18192523e+00,1.41134909e+00,8.45276343e+01,1.13538588e+00,8.72438123e+01,3.89028593e-01,2.41527535e+02
1.18565852e+00,1.41580705e+00,8.42614817e+01,1.13897217e+00,8.69691073e+01,3.90257398e-01,2.40767036e+02
1.18940360e+00,1.42027909e+00,8.39961671e+01,1.14256979e+00,8.66952672e+01,3.91490085e-01,2.40008932e+02
1.19316051e+00,1.42476526e+00,8.37316879e+01,1.14617877e+00,8.64222893e+01,3.92726666e-01,2.39253215e+02
1.19692929e+00,1.42926559e+00,8.34680415e+01,1.14979915e+00,8.61501710e+01,3.93967152e-01,2.38499877e+02
1.20070997e+00,1.43378015e+00,8.32052253e+01,1.15343096e+00,8.58789095e+01,3.95211557e-01,2.37748911e+02
1.20450260e+00,1.43830896e+00,8.29432366e+01,1.15707425e+00,8.56085021e+01,3.96459892e-01,2.37000310e+02
1.20830720e+00,1.44285207e+00,8.26820727e+01,1.16072904e+00,8.53389462e+01,3.97712171e-01,2.36254066e+02
1.21212382e+00,1.44740954e+00,8.24217313e+01,1.16439538e+00,8.50702390e+01,3.98968405e-01,2.35510171e+02
1.21595250e+00,1.45198140e+00,8.21622095e+01,1.16807330e+00,8.48023779e+01,4.00228607e-01,2.34768619e+02
1.21979327e+00,1.45656770e+00,8.19035050e+01,1.17176283e+00,8.45353602e+01,4.01492789e-01,2.34029402e+02
1.22364617e+00,1.46116849e+00,8.16456150e+01,1.17546402e+00,8.42691833e+01,4.02760965e-01,2.33292512e+02
1.22751124e+00,1.46578381e+00,8.13885370e+01,1.17917690e+00,8.40038445e+01,4.04033146e-01,2.32557943e+02
1.23138852e+00,1.47041371e+00,8.11322685e+01,1.18290151e+00,8.37393411e+01,4.05309346e-01,2.31825686e+02
1.23527804e+00,1.47505824e+00,8.08768069e+01,1.18663788e+00,8.34756706e+01,4.06589576e-01,2.31095736e+02
1.23917986e+00,1.47971743e+00,8.06221496e+01,1.19038606e+00,8.32128303e+01,4.07873851e-01,2.30368083e+02
1.24309399e+00,1.48439134e+00,8.03682943e+01,1.19414607e+00,8.29508176e+01,4.09162182e-01,2.29642722e+02
1.24702049e+00,1.48908001e+00,8.01152382e+01,1.19791796e+00,8.26896300e+01,4.10454582e-01,2.28919645e+02
1.25095939e+00,1.49378350e+00,7.98629789e+01,1.20170177e+00,8.24292647e+01,4.11751065e-01,2.28198844e+02
1.25491074e+00,1.49850184e+00,7.96115139e+01,1.20549752e+00,8.21697192e+01,4.13051643e-01,2.27480314e+02
1.25887456e+00,1.50323508e+00,7.93608407e+01,1.20930527e+00,8.19109910e+01,4.14356329e-01,2.26764045e+02
1.26285091e+00,1.50798328e+00,7.91109568e+01,1.21312504e+00,8.16530774e+01,4.15665136e-01,2.26050032e+02
1.26683981e+00,1.51274647e+00,7.88618598e+01,1.21695688e+00,8.13959760e+01,4.16978077e-01,2.25338267e+02
1.27084132e+00,1.51752471e+00,7.86135470e+01,1.22080082e+00,8.11396840e+01,4.18295165e-01,2.24628743e+02
1.27485546e+00,1.52231804e+00,7.83660161e+01,1.22465691e+00,8.08841991e+01,4.19616414e-01,2.23921454e+02
1.27888229e+00,1.52712651e+00,7.81192646e+01,1.22852517e+00,8.06295186e+01,4.20941835e-01,2.23216391e+02
1.28292183e+00,1.53195017e+00,7.78732901e+01,1.23240565e+00,8.03756400e+01,4.22271444e-01,2.22513548e+02
1.28697413e+00,1.53678907e+00,7.76280901e+01,1.23629839e+00,8.01225608e+01,4.23605252e-01,2.21812919e+02
1.29103923e+00,1.54164325e+00,7.73836621e+01,1.24020343e+00,7.98702785e+01,4.24943273e-01,2.21114495e+02
1.29511718e+00,1.54651276e+00,7.71400037e+01,1.24412080e+00,7.96187905e+01,4.26285520e-01,2.20418271e+02
1.29920800e+00,1.55139765e+00,7.68971126e+01,1.24805054e+00,7.93680944e+01,4.27632008e-01,2.19724239e+02
1.30331174e+00,1.55629798e+00,7.66549863e+01,1.25199270e+00,7.91181877e+01,4.28982748e-01,2.19032392e+02
1.30742845e+00,1.56121378e+00,7.64136223e+01,1.25594730e+00,7.88690678e+01,4.30337755e-01,2.18342723e+02
1.31155816e+00,1.56614511e+00,7.61730183e+01,1.25991440e+00,7.86207324e+01,4.31697041e-01,2.17655226e+02
1.31570091e+00,1.57109201e+00,7.59331719e+01,1.26389403e+00,7.83731788e+01,4.33060622e-01,2.16969894e+02
1.31985675e+00,1.57605454e+00,7.56940808e+01,1.26788623e+00,7.81264048e+01,4.34428509e-01,2.16286720e+02
1.32402572e+00,1.58103275e+00,7.54557424e+01,1.27189104e+00,7.78804078e+01,4.35800717e-01,2.15605697e+02
1.32820786e+00,1.58602668e+00,7.52181545e+01,1.27590850e+00,7.76351853e+01,4.37177259e-01,2.14926818e+02
1.33240320e+00,1.59103639e+00,7.49813147e+01,1.27993865e+00,7.73907350e+01,4.38558150e-01,2.14250077e+02
1.33661180e+00,1.59606191e+00,7.47452207e+01,1.28398153e+00,7.71470544e+01,4.39943402e-01,2.13575467e+02
1.34083369e+00,1.60110332e+00,7.45098700e+01,1.28803718e+00,7.69041411e+01,4.41333029e-01,2.12902980e+02
1.34506891e+00,1.60616064e+00,7.42752604e+01,1.29210564e+00,7.66619926e+01,4.42727046e-01,2.12232612e+02
1.34931752e+00,1.61123394e+00,7.40413895e+01,1.29618695e+00,7.64206066e+01,4.44125466e-01,2.11564354e+02
1.35357954e+00,1.61632327e+00,7.38082550e+01,1.30028115e+00,7.61799806e+01,4.45528304e-01,2.10898200e+02
1.35785502e+00,1.62142867e+00,7.35758545e+01,1.30438829e+00,7.59401123e+01,4.46935572e-01,2.10234144e+02
1.36214401e+00,1.62655020e+00,7.33441858e+01,1.30850839e+00,7.57009993e+01,4.48347286e-01,2.09572178e+02
1.36644655e+00,1.63168790e+00,7.31132466e+01,1.31264152e+00,7.54626391e+01,4.49763458e-01,2.08912297e+02
1.37076268e+00,1.63684183e+00,7.28830346e+01,1.31678769e+00,7.52250295e+01,4.51184104e-01,2.08254494e+02
1.37509244e+00,1.64201205e+00,7.26535474e+01,1.32094696e+00,7.49881681e+01,4.52609237e-01,2.07598762e+02
1.37943588e+00,1.64719859e+00,7.24247828e+01,1.32511938e+00,7.47520524e+01,4.54038872e-01,2.06945095e+02
1.38379303e+00,1.65240151e+00,7.21967385e+01,1.32930496e+00,7.45166803e+01,4.55473022e-01,2.06293486e+02
1.38816395e+00,1.65762087e+00,7.19694122e+01,1.33350378e+00,7.42820492e+01,4.56911702e-01,2.05643928e+02
1.39254868e+00,1.66285672e+00,7.17428017e+01,1.33771585e+00,7.40481569e+01,4.58354927e-01,2.04996416e+02
1.39694725e+00,1.66810910e+00,7.15169048e+01,1.34194123e+00,7.38150011e+01,4.59802710e-01,2.04350943e+02
1.40135972e+00,1.67337808e+00,7.12917192e+01,1.34617995e+00,7.35825794e+01,4.61255066e-01,2.03707502e+02
1.40578613e+00,1.67866370e+00,7.10672425e+01,1.35043206e+00,7.33508896e+01,4.62712010e-01,2.03066087e+02
1.41022652e+00,1.68396601e+00,7.08434727e+01,1.35469761e+00,7.31199292e+01,4.64173556e-01,2.02426692e+02
1.41468093e+00,1.68928507e+00,7.06204075e+01,1.35897662e+00,7.28896961e+01,4.65639718e-01,2.01789310e+02
1.41914941e+00,1.69462093e+00,7.03980447e+01,1.36326915e+00,7.26601880e+01,4.67110511e-01,2.01153935e+02
1.42363201e+00,1.69997365e+00,7.01763820e+01,1.36757525e+00,7.24314024e+01,4.68585950e-01,2.00520560e+02
1.42812877e+00,1.70534327e+00,6.99554172e+01,1.37189494e+00,7.22033373e+01,4.70066050e-01,1.99889180e+02
1.43263973e+00,1.71072985e+00,6.97351483e+01,1.37622828e+00,7.19759903e+01,4.71550824e-01,1.99259788e+02
1.43716494e+00,1.71613345e+00,6.95155728e+01,1.38057530e+00,7.17493591e+01,4.73040289e-01,1.98632378e+02
1.44170444e+00,1.72155412e+00,6.92966888e+01,1.38493606e+00,7.15234415e+01,4.74534458e-01,1.98006943e+02
1.44625828e+00,1.72699191e+00,6.90784939e+01,1.38931059e+00,7.12982353e+01,4.76033346e-01,1.97383477e+02
1.45082650e+00,1.73244687e+00,6.88609861e+01,1.39369893e+00,7.10737382e+01,4.77536970e-01,1.96761975e+02
1.45540916e+00,1.73791907e+00,6.86441632e+01,1.39810114e+00,7.08499479e+01,4.79045342e-01,1.96142429e+02
1.46000629e+00,1.74340855e+00,6.84280229e+01,1.40251725e+00,7.06268623e+01,4.80558479e-01,1.95524835e+02
1.46461794e+00,1.74891537e+00,6.82125633e+01,1.40694732e+00,7.04044791e+01,4.82076396e-01,1.94909185e+02
1.46924416e+00,1.75443958e+00,6.79977820e+01,1.41139137e+00,7.01827962e+01,4.83599107e-01,1.94295473e+02
1.47388498e+00,1.75998124e+00,6.77836770e+01,1.41584947e+00,6.99618112e+01,4.85126628e-01,1.93683694e+02
1.47854047e+00,1.76554041e+00,6.75702462e+01,1.42032164e+00,6.97415221e+01,4.86658973e-01,1.93073841e+02
1.48321067e+00,1.77111713e+00,6.73574874e+01,1.42480794e+00,6.95219266e+01,4.88196159e-01,1.92465908e+02
1.48789561e+00,1.77671147e+00,6.71453985e+01,1.42930841e+00,6.93030226e+01,4.89738200e-01,1.91859890e+02
1.49259535e+00,1.78232349e+00,6.69339775e+01,1.43382310e+00,6.90848078e+01,4.91285112e-01,1.91255780e+02
1.49730994e+00,1.78795322e+00,6.67232221e+01,1.43835204e+00,6.88672801e+01,4.92836910e-01,1.90653572e+02
1.50203942e+00,1.79360074e+00,6.65131303e+01,1.44289530e+00,6.86504373e+01,4.94393610e-01,1.90053260e+02
1.50678384e+00,1.79926610e+00,6.63037001e+01,1.44745290e+00,6.84342773e+01,4.95955227e-01,1.89454838e+02
1.51154324e+00,1.80494936e+00,6.60949293e+01,1.45202490e+00,6.82187979e+01,4.97521776e-01,1.88858301e+02
1.51631768e+00,1.81065056e+00,6.58868158e+01,1.45661134e+00,6.80039971e+01,4.99093274e-01,1.88263642e+02
1.52110720e+00,1.81636977e+00,6.56793577e+01,1.46121226e+00,6.77898725e+01,5.00669736e-01,1.87670855e+02
1.52591185e+00,1.82210705e+00,6.54725527e+01,1.46582772e+00,6.75764222e+01,5.02251176e-01,1.87079935e+02
1.53073167e+00,1.82786245e+00,6.52663990e+01,1.47045776e+00,6.73636440e+01,5.03837613e-01,1.86490875e+02
1.53556672e+00,1.83363603e+00,6.50608943e+01,1.47510242e+00,6.71515357e+01,5.05429060e-01,1.85903670e+02
1.54041703e+00,1.83942785e+00,6.48560367e+01,1.47976176e+00,6.69400953e+01,5.07025534e-01,1.85318314e+02
1.54528267e+00,1.84523796e+00,6.46518242e+01,1.48443581e+00,6.67293207e+01,5.08627050e-01,1.84734802e+02
1.55016368e+00,1.85106642e+00,6.44482547e+01,1.48912462e+00,6.65192097e+01,5.10233626e-01,1.84153126e+02
1.55506011e+00,1.85691329e+00,6.42453261e+01,1.49382825e+00,6.63097603e+01,5.11845276e-01,1.83573282e+02
1.55997200e+00,1.86277863e+00,6.40430365e+01,1.49854673e+00,6.61009704e+01,5.13462016e-01,1.82995264e+02
1.56489941e+00,1.86866250e+00,6.38413839e+01,1.50328012e+00,6.58928380e+01,5.15083863e-01,1.82419066e+02
1.56984238e+00,1.87456495e+00,6.36403662e+01,1.50802845e+00,6.56853608e+01,5.16710833e-01,1.81844682e+02
1.57480096e+00,1.88048605e+00,6.34399814e+01,1.51279179e+00,6.54785370e+01,5.18342943e-01,1.81272107e+02
1.57977521e+00,1.88642585e+00,6.32402276e+01,1.51757017e+00,6.52723644e+01,5.19980207e-01,1.80701334e+02
1.58476517e+00,1.89238441e+00,6.30411028e+01,1.52236364e+00,6.50668409e+01,5.21622643e-01,1.80132359e+02
1.58977089e+00,1.89836179e+00,6.28426049e+01,1.52717226e+00,6.48619646e+01,5.23270267e-01,1.79565175e+02
1.59479242e+00,1.90435805e+00,6.26447321e+01,1.53199606e+00,6.46577334e+01,5.24923095e-01,1.78999778e+02
1.59982981e+00,1.91037326e+00,6.24474823e+01,1.53683510e+00,6.44541453e+01,5.26581144e-01,1.78436160e+02
1.60488312e+00,1.91640746e+00,6.22508536e+01,1.54168943e+00,6.42511982e+01,5.28244430e-01,1.77874317e+02
1.60995238e+00,1.92246072e+00,6.20548440e+01,1.54655909e+00,6.40488901e+01,5.29912969e-01,1.77314243e+02
1.61503766e+00,1.92853310e+00,6.18594515e+01,1.55144413e+00,6.38472190e+01,5.31586780e-01,1.76755933e+02
1.62013900e+00,1.93462467e+00,6.16646744e+01,1.55634460e+00,6.36461829e+01,5.33265877e-01,1.76199381e+02
1.62525645e+00,1.94073547e+00,6.14705105e+01,1.56126055e+00,6.34457799e+01,5.34950277e-01,1.75644581e+02
1.63039007e+00,1.94686557e+00,6.12769580e+01,1.56619202e+00,6.32460078e+01,5.36639999e-01,1.75091528e+02
1.63553990e+00,1.95301504e+00,6.10840149e+01,1.57113908e+00,6.30468648e+01,5.38335057e-01,1.74540216e+02
1.64070600e+00,1.95918394e+00,6.08916793e+01,1.57610176e+00,6.28483488e+01,5.40035470e-01,1.73990641e+02
1.64588842e+00,1.96537231e+00,6.06999494e+01,1.58108011e+00,6.26504579e+01,5.41741253e-01,1.73442795e+02
1.65108721e+00,1.97158024e+00,6.05088231e+01,1.58607419e+00,6.24531900e+01,5.43452425e-01,1.72896675e+02
1.65630242e+00,1.97780777e+00,6.03182987e+01,1.59108405e+00,6.22565433e+01,5.45169001e-01,1.72352274e+02
1.66153410e+00,1.98405498e+00,6.01283741e+01,1.59610973e+00,6.20605158e+01,5.46891000e-01,1.71809588e+02
1.66678230e+00,1.99032191e+00,5.99390476e+01,1.60115128e+00,6.18651056e+01,5.48618437e-01,1.71268610e+02
1.67204709e+00,1.99660865e+00,5.97503172e+01,1.60620876e+00,6.16703106e+01,5.50351331e-01,1.70729336e+02
1.67732850e+00,2.00291524e+00,5.95621811e+01,1.61128221e+00,6.14761289e+01,5.52089699e-01,1.70191759e+02
1.68262659e+00,2.00924175e+00,5.93746373e+01,1.61637169e+00,6.12825587e+01,5.53833558e-01,1.69655876e+02
1.68794142e+00,2.01558824e+00,5.91876841e+01,1.62147724e+00,6.10895980e+01,5.55582925e-01,1.69121679e+02
1.69327304e+00,2.02195478e+00,5.90013195e+01,1.62659892e+00,6.08972449e+01,5.57337817e-01,1.68589165e+02
1.69862150e+00,2.02834143e+00,5.88155418e+01,1.63173678e+00,6.07054974e+01,5.59098253e-01,1.68058327e+02
1.70398685e+00,2.03474825e+00,5.86303489e+01,1.63689087e+00,6.05143537e+01,5.60864249e-01,1.67529161e+02
1.70936915e+00,2.04117531e+00,5.84457393e+01,1.64206124e+00,6.03238118e+01,5.62635823e-01,1.67001661e+02
1.71476845e+00,2.04762267e+00,5.82617109e+01,1.64724793e+00,6.01338699e+01,5.64412994e-01,1.66475822e+02
1.72018481e+00,2.05409040e+00,5.80782619e+01,1.65245102e+00,5.99445261e+01,5.66195777e-01,1.65951639e+02
1.72561827e+00,2.06057855e+00,5.78953906e+01,1.65767053e+00,5.97557785e+01,5.67984192e-01,1.65429106e+02
1.73106890e+00,2.06708720e+00,5.77130950e+01,1.66290653e+00,5.95676251e+01,5.69778256e-01,1.64908219e+02
1.73653674e+00,2.07361641e+00,5.75313735e+01,1.66815908e+00,5.93800642e+01,5.71577986e-01,1.64388971e+02
1.74202185e+00,2.08016624e+00,5.73502242e+01,1.67342821e+00,5.91930939e+01,5.73383402e-01,1.63871359e+02
1.74752429e+00,2.08673676e+00,5.71696452e+01,1.67871398e+00,5.90067123e+01,5.75194520e-01,1.63355376e+02
1.75304411e+00,2.09332803e+00,5.69896349e+01,1.68401645e+00,5.88209176e+01,5.77011358e-01,1.62841018e+02
1.75858136e+00,2.09994012e+00,5.68101913e+01,1.68933567e+00,5.86357078e+01,5.78833936e-01,1.62328280e+02
1.76413611e+00,2.10657310e+00,5.66313128e+01,1.69467170e+00,5.84510813e+01,5.80662270e-01,1.61817156e+02
1.76970840e+00,2.11322703e+00,5.64529974e+01,1.70002457e+00,5.82670360e+01,5.82496380e-01,1.61307642e+02
1.77529829e+00,2.11990197e+00,5.62752436e+01,1.70539436e+00,5.80835703e+01,5.84336282e-01,1.60799731e+02
1.78090584e+00,2.12659800e+00,5.60980494e+01,1.71078110e+00,5.79006823e+01,5.86181997e-01,1.60293420e+02
1.78653110e+00,2.13331519e+00,5.59214132e+01,1.71618486e+00,5.77183701e+01,5.88033541e-01,1.59788704e+02
1.79217413e+00,2.14005358e+00,5.57453332e+01,1.72160569e+00,5.75366319e+01,5.89890934e-01,1.59285576e+02
1.79783498e+00,2.14681327e+00,5.55698075e+01,1.72704364e+00,5.73554661e+01,5.91754193e-01,1.58784033e+02
1.80351371e+00,2.15359430e+00,5.53948346e+01,1.73249877e+00,5.71748706e+01,5.93623338e-01,1.58284069e+02
1.80921038e+00,2.16039675e+00,5.52204126e+01,1.73797113e+00,5.69948438e+01,5.95498387e-01,1.57785679e+02
1.81492505e+00,2.16722069e+00,5.50465398e+01,1.74346077e+00,5.68153838e+01,5.97379359e-01,1.57288858e+02
1.82065776e+00,2.17406618e+00,5.48732145e+01,1.74896776e+00,5.66364889e+01,5.99266271e-01,1.56793602e+02
1.82640858e+00,2.18093330e+00,5.47004349e+01,1.75449214e+00,5.64581573e+01,6.01159144e-01,1.56299905e+02
1.83217757e+00,2.18782211e+00,5.45281993e+01,1.76003396e+00,5.62803872e+01,6.03057996e-01,1.55807763e+02
1.83796478e+00,2.19473267e+00,5.43565061e+01,1.76559330e+00,5.61031769e+01,6.04962846e-01,1.55317170e+02
1.84377027e+00,2.20166507e+00,5.41853535e+01,1.77117019e+00,5.59265245e+01,6.06873712e-01,1.54828122e+02
1.84959410e+00,2.20861936e+00,5.40147398e+01,1.77676470e+00,5.57504284e+01,6.08790615e-01,1.54340614e+02
1.85543632e+00,2.21559562e+00,5.38446633e+01,1.78237688e+00,5.55748867e+01,6.10713572e-01,1.53854641e+02
1.86129699e+00,2.22259391e+00,5.36751223e+01,1.78800678e+00,5.53998977e+01,6.12642603e-01,1.53370198e+02
1.86717618e+00,2.22961431e+00,5.35061152e+01,1.79365447e+00,5.52254598e+01,6.14577727e-01,1.52887280e+02
1.87307394e+00,2.23665688e+00,5.33376402e+01,1.79932000e+00,5.50515711e+01,6.16518963e-01,1.52405883e+02
1.87899032e+00,2.24372170e+00,5.31696957e+01,1.80500343e+00,5.48782299e+01,6.18466331e-01,1.51926002e+02
1.88492540e+00,2.25080883e+00,5.30022800e+01,1.81070480e+00,5.47054346e+01,6.20419851e-01,1.51447632e+02
1.89087922e+00,2.25791835e+00,5.28353914e+01,1.81642419e+00,5.45331833e+01,6.22379540e-01,1.50970768e+02
1.89685185e+00,2.26505033e+00,5.26690284e+01,1.82216164e+00,5.43614744e+01,6.24345420e-01,1.50495406e+02
1.90284334e+00,2.27220483e+00,5.25031891e+01,1.82791721e+00,5.41903061e+01,6.26317509e-01,1.50021540e+02
1.90885376e+00,2.27938193e+00,5.23378720e+01,1.83369096e+00,5.40196768e+01,6.28295828e-01,1.49549166e+02
1.91488316e+00,2.28658171e+00,5.21730755e+01,1.83948295e+00,5.38495847e+01,6.30280395e-01,1.49078280e+02
1.92093161e+00,2.29380422e+00,5.20087979e+01,1.84529323e+00,5.36800283e+01,6.32271231e-01,1.48608877e+02
1.92699916e+00,2.30104955e+00,5.18450375e+01,1.85112187e+00,5.35110057e+01,6.34268355e-01,1.48140951e+02
1.93308588e+00,2.30831776e+00,5.16817928e+01,1.85696892e+00,5.33425153e+01,6.36271787e-01,1.47674499e+02
1.93919182e+00,2.31560893e+00,5.15190620e+01,1.86283444e+00,5.31745554e+01,6.38281548e-01,1.47209515e+02
1.94531705e+00,2.32292313e+00,5.13568437e+01,1.86871848e+00,5.30071244e+01,6.40297656e-01,1.46745996e+02
1.95146163e+00,2.33026043e+00,5.11951361e+01,1.87462111e+00,5.28402206e+01,6.42320133e-01,1.46283936e+02
1.95762562e+00,2.33762091e+00,5.10339377e+01,1.88054238e+00,5.26738424e+01,6.44348998e-01,1.45823331e+02
1.96380907e+00,2.34500464e+00,5.08732469e+01,1.88648236e+00,5.25079880e+01,6.46384272e-01,1.45364176e+02
1.97001206e+00,2.35241169e+00,5.07130620e+01,1.89244110e+00,5.23426558e+01,6.48425974e-01,1.44906467e+02
1.97623464e+00,2.35984214e+00,5.05533816e+01,1.89841866e+00,5.21778442e+01,6.50474125e-01,1.44450200e+02
1.98247687e+00,2.36729606e+00,5.03942039e+01,1.90441510e+00,5.20135515e+01,6.52528746e-01,1.43995369e+02
1.98873883e+00,2.37477352e+00,5.02355274e+01,1.91043048e+00,5.18497762e+01,6.54589856e-01,1.43541970e+02
1.99502056e+00,2.38227460e+00,5.00773505e+01,1.91646487e+00,5.16865165e+01,6.56657477e-01,1.43089998e+02
2.00132213e+00,2.38979937e+00,4.99196717e+01,1.92251831e+00,5.15237709e+01,6.58731629e-01,1.42639450e+02
2.00764361e+00,2.39734791e+00,4.97624893e+01,1.92859088e+00,5.13615377e+01,6.60812332e-01,1.42190320e+02
2.01398506e+00,2.40492030e+00,4.96058019e+01,1.93468262e+00,5.11998154e+01,6.62899608e-01,1.41742605e+02
2.02034653e+00,2.41251660e+00,4.94496079e+01,1.94079361e+00,5.10386023e+01,6.64993476e-01,1.41296299e+02
2.02672810e+00,2.42013690e+00,4.92939056e+01,1.94692390e+00,5.08778968e+01,6.67093958e-01,1.40851399e+02
2.03312983e+00,2.42778127e+00,4.91386937e+01,1.95307355e+00,5.07176973e+01,6.69201075e-01,1.40407899e+02
2.03955178e+00,2.43544978e+00,4.89839704e+01,1.95924263e+00,5.05580022e+01,6.71314848e-01,1.39965796e+02
2.04599401e+00,2.44314252e+00,4.88297343e+01,1.96543119e+00,5.03988099e+01,6.73435297e-01,1.39525085e+02
2.05245659e+00,2.45085955e+00,4.86759839e+01,1.97163930e+00,5.02401189e+01,6.75562444e-01,1.39085762e+02
2.05893958e+00,2.45860096e+00,4.85227175e+01,1.97786702e+00,5.00819276e+01,6.77696310e-01,1.38647822e+02
2.06544305e+00,2.46636682e+00,4.83699338e+01,1.98411441e+00,4.99242344e+01,6.79836916e-01,1.38211261e+02
2.07196707e+00,2.47415722e+00,4.82176311e+01,1.99038154e+00,4.97670377e+01,6.81984284e-01,1.37776074e+02
2.07851169e+00,2.48197221e+00,4.80658080e+01,1.99666846e+00,4.96103359e+01,6.84138434e-01,1.37342258e+02
2.08507698e+00,2.48981190e+00,4.79144630e+01,2.00297524e+00,4.94541276e+01,6.86299388e-01,1.36909808e+02
2.09166301e+00,2.49767634e+00,4.77635945e+01,2.00930194e+00,4.92984112e+01,6.88467169e-01,1.36478719e+02
2.09826984e+00,2.50556563e+00,4.76132010e+01,2.01564862e+00,4.91431850e+01,6.90641796e-01,1.36048988e+02
2.10489755e+00,2.51347984e+00,4.74632810e+01,2.02201535e+00,4.89884476e+01,6.92823292e-01,1.35620610e+02
2.11154618e+00,2.52141904e+00,4.73138332e+01,2.02840219e+00,4.88341974e+01,6.95011679e-01,1.35193580e+02
2.11821582e+00,2.52938333e+00,4.71648558e+01,2.03480921e+00,4.86804329e+01,6.97206979e-01,1.34767896e+02
2.12490652e+00,2.53737277e+00,4.70163476e+01,2.04123646e+00,4.85271526e+01,6.99409212e-01,1.34343551e+02
2.13161836e+00,2.54538744e+00,4.68683070e+01,2.04768401e+00,4.83743549e+01,7.01618402e-01,1.33920543e+02
2.13835140e+00,2.55342743e+00,4.67207325e+01,2.05415193e+00,4.82220383e+01,7.03834569e-01,1.33498867e+02
2.14510571e+00,2.56149282e+00,4.65736227e+01,2.06064028e+00,4.80702013e+01,7.06057737e-01,1.33078518e+02
2.15188135e+00,2.56958368e+00,4.64269761e+01,2.06714912e+00,4.79188424e+01,7.08287927e-01,1.32659493e+02
2.15867839e+00,2.57770010e+00,4.62807912e+01,2.07367853e+00,4.77679601e+01,7.10525161e-01,1.32241787e+02
2.16549690e+00,2.58584215e+00,4.61350666e+01,2.08022855e+00,4.76175529e+01,7.12769462e-01,1.31825397e+02
2.17233695e+00,2.59400992e+00,4.59898009e+01,2.08679927e+00,4.74676192e+01,7.15020852e-01,1.31410318e+02
2.17919860e+00,2.60220350e+00,4.58449926e+01,2.09339074e+00,4.73181577e+01,7.17279353e-01,1.30996545e+02
2.18608193e+00,2.61042295e+00,4.57006402e+01,2.10000303e+00,4.71691668e+01,7.19544988e-01,1.30584076e+02
2.19298700e+00,2.61866836e+00,4.55567424e+01,2.10663621e+00,4.70206449e+01,7.21817780e-01,1.30172905e+02
2.19991388e+00,2.62693982e+00,4.54132976e+01,2.11329033e+00,4.68725908e+01,7.24097750e-01,1.29763029e+02
2.20686264e+00,2.63523741e+00,4.52703045e+01,2.11996548e+00,4.67250028e+01,7.26384922e-01,1.29354443e+02
2.21383335e+00,2.64356120e+00,4.51277617e+01,2.12666171e+00,4.65778796e+01,7.28679319e-01,1.28947144e+02
2.22082608e+00,2.65191129e+00,4.49856677e+01,2.13337909e+00,4.64312195e+01,7.30980962e-01,1.28541128e+02
2.22784089e+00,2.66028775e+00,4.48440211e+01,2.14011769e+00,4.62850213e+01,7.33289876e-01,1.28136390e+02
2.23487786e+00,2.66869067e+00,4.47028205e+01,2.14687758e+00,4.61392834e+01,7.35606083e-01,1.27732926e+02
2.24193706e+00,2.67712014e+00,4.45620644e+01,2.15365881e+00,4.59940044e+01,7.37929605e-01,1.27330733e+02
2.24901856e+00,2.68557622e+00,4.44217516e+01,2.16046147e+00,4.58491829e+01,7.40260467e-01,1.26929806e+02
2.25612242e+00,2.69405902e+00,4.42818806e+01,2.16728561e+00,4.57048173e+01,7.42598692e-01,1.26530141e+02
2.26324872e+00,2.70256861e+00,4.41424500e+01,2.17413131e+00,4.55609063e+01,7.44944302e-01,1.26131735e+02
2.27039754e+00,2.71110508e+00,4.40034585e+01,2.18099863e+00,4.54174484e+01,7.47297321e-01,1.25734583e+02
2.27756893e+00,2.71966852e+00,4.38649046e+01,2.18788765e+00,4.52744423e+01,7.49657772e-01,1.25338682e+02
2.28476298e+00,2.72825900e+00,4.37267869e+01,2.19479842e+00,4.51318864e+01,7.52025680e-01,1.24944028e+02
2.29197974e+00,2.73687662e+00,4.35891041e+01,2.20173102e+00,4.49897794e+01,7.54401066e-01,1.24550616e+02
2.29921931e+00,2.74552146e+00,4.34518549e+01,2.20868552e+00,4.48481198e+01,7.56783956e-01,1.24158443e+02
2.30648174e+00,2.75419360e+00,4.33150378e+01,2.21566199e+00,4.47069063e+01,7.59174372e-01,1.23767504e+02
2.31376711e+00,2.76289314e+00,4.31786515e+01,2.22266049e+00,4.45661375e+01,7.61572339e-01,1.23377797e+02
2.32107549e+00,2.77162015e+00,4.30426947e+01,2.22968110e+00,4.44258118e+01,7.63977880e-01,1.22989316e+02
2.32840696e+00,2.78037473e+00,4.29071659e+01,2.23672389e+00,4.42859280e+01,7.66391019e-01,1.22602059e+02
2.33576158e+00,2.78915697e+00,4.27720639e+01,2.24378892e+00,4.41464847e+01,7.68811781e-01,1.22216022e+02
2.34313944e+00,2.79796694e+00,4.26373873e+01,2.25087626e+00,4.40074804e+01,7.71240189e-01,1.21831199e+02
2.35054060e+00,2.80680474e+00,4.25031347e+01,2.25798599e+00,4.38689139e+01,7.73676268e-01,1.21447589e+02
2.35796514e+00,2.81567046e+00,4.23693049e+01,2.26511818e+00,4.37307836e+01,7.76120041e-01,1.21065186e+02
2.36541313e+00,2.82456418e+00,4.22358964e+01,2.27227290e+00,4.35930882e+01,7.78571533e-01,1.20683988e+02
2.37288464e+00,2.83348599e+00,4.21029080e+01,2.27945022e+00,4.34558264e+01,7.81030769e-01,1.20303989e+02
2.38037975e+00,2.84243598e+00,4.19703384e+01,2.28665020e+00,4.33189969e+01,7.83497772e-01,1.19925187e+02
2.38789854e+00,2.85141425e+00,4.18381862e+01,2.29387293e+00,4.31825981e+01,7.85972568e-01,1.19547578e+02
2.39544108e+00,2.86042087e+00,4.17064500e+01,2.30111848e+00,4.30466288e+01,7.88455181e-01,1.19171158e+02
2.40300744e+00,2.86945594e+00,4.15751287e+01,2.30838691e+00,4.29110877e+01,7.90945636e-01,1.18795923e+02
2.41059770e+00,2.87851955e+00,4.14442209e+01,2.31567830e+00,4.27759733e+01,7.93443957e-01,1.18421870e+02
2.41821194e+00,2.88761179e+00,4.13137253e+01,2.32299272e+00,4.26412844e+01,7.95950170e-01,1.18048995e+02
2.42585023e+00,2.89673274e+00,4.11836405e+01,2.33033024e+00,4.25070195e+01,7.98464298e-01,1.17677293e+02
2.43351264e+00,2.90588251e+00,4.10539654e+01,2.33769094e+00,4.23731775e+01,8.00986368e-01,1.17306762e+02
2.44119926e+00,2.91506118e+00,4.09246985e+01,2.34507489e+00,4.22397568e+01,8.03516405e-01,1.16937398e+02
2.44891016e+00,2.92426884e+00,4.07958387e+01,2.35248216e+00,4.21067563e+01,8.06054433e-01,1.16569196e+02
2.45664541e+00,2.93350558e+00,4.06673847e+01,2.35991283e+00,4.19741745e+01,8.08600477e-01,1.16202154e+02
2.46440509e+00,2.94277151e+00,4.05393350e+01,2.36736697e+00,4.18420102e+01,8.11154564e-01,1.15836268e+02
2.47218929e+00,2.95206669e+00,4.04116886e+01,2.37484466e+00,4.17102621e+01,8.13716718e-01,1.15471534e+02
2.47999807e+00,2.96139124e+00,4.02844441e+01,2.38234596e+00,4.15789287e+01,8.16286965e-01,1.15107948e+02
2.48783152e+00,2.97074524e+00,4.01576003e+01,2.38987096e+00,4.14480089e+01,8.18865331e-01,1.14745507e+02
2.49568971e+00,2.98012879e+00,4.00311558e+01,2.39741973e+00,4.13175014e+01,8.21451840e-01,1.14384207e+02
2.50357272e+00,2.98954198e+00,3.99051095e+01,2.40499234e+00,4.11874047e+01,8.24046520e-01,1.14024045e+02
2.51148064e+00,2.99898490e+00,3.97794601e+01,2.41258887e+00,4.10577177e+01,8.26649395e-01,1.13665017e+02
2.51941353e+00,3.00845764e+00,3.96542063e+01,2.42020940e+00,4.09284391e+01,8.29260492e-01,1.13307119e+02
2.52737147e+00,3.01796031e+00,3.95293469e+01,2.42785400e+00,4.07995675e+01,8.31879836e-01,1.12950348e+02
2.53535456e+00,3.02749299e+00,3.94048806e+01,2.43552274e+00,4.06711017e+01,8.34507454e-01,1.12594701e+02
2.54336286e+00,3.03705579e+00,3.92808063e+01,2.44321571e+00,4.05430404e+01,8.37143372e-01,1.12240173e+02
2.55139645e+00,3.04664878e+00,3.91571226e+01,2.45093297e+00,4.04153823e+01,8.39787616e-01,1.11886762e+02
2.55945543e+00,3.05627208e+00,3.90338284e+01,2.45867461e+00,4.02881262e+01,8.42440212e-01,1.11534464e+02
2.56753985e+00,3.06592578e+00,3.89109223e+01,2.46644071e+00,4.01612707e+01,8.45101186e-01,1.11183275e+02
2.57564981e+00,3.07560997e+00,3.87884033e+01,2.47423133e+00,4.00348147e+01,8.47770566e-01,1.10833191e+02
2.58378539e+00,3.08532475e+00,3.86662701e+01,2.48204657e+00,3.99087569e+01,8.50448377e-01,1.10484210e+02
2.59194667e+00,3.09507021e+00,3.85445214e+01,2.48988649e+00,3.97830960e+01,8.53134647e-01,1.10136328e+02
2.60013372e+00,3.10484646e+00,3.84231560e+01,2.49775117e+00,3.96578307e+01,8.55829401e-01,1.09789541e+02
2.60834664e+00,3.11465359e+00,3.83021729e+01,2.50564069e+00,3.95329599e+01,8.58532668e-01,1.09443846e+02
2.61658549e+00,3.12449169e+00,3.81815706e+01,2.51355514e+00,3.94084823e+01,8.61244473e-01,1.09099240e+02
2.62485037e+00,3.13436087e+00,3.80613481e+01,2.52149458e+00,3.92843966e+01,8.63964843e-01,1.08755718e+02
2.63314136e+00,3.14426122e+00,3.79415041e+01,2.52945910e+00,3.91607016e+01,8.66693807e-01,1.08413279e+02
2.64145853e+00,3.15419284e+00,3.78220375e+01,2.53744878e+00,3.90373961e+01,8.69431390e-01,1.08071917e+02
2.64980198e+00,3.16415584e+00,3.77029471e+01,2.54546369e+00,3.89144788e+01,8.72177620e-01,1.07731631e+02
2.65817178e+00,3.17415030e+00,3.75842316e+01,2.55350392e+00,3.87919486e+01,8.74932525e-01,1.07392416e+02
2.66656802e+00,3.18417633e+00,3.74658899e+01,2.56156955e+00,3.86698042e+01,8.77696131e-01,1.07054268e+02
2.67499077e+00,3.19423403e+00,3.73479209e+01,2.56966066e+00,3.85480444e+01,8.80468467e-01,1.06717186e+02
2.68344014e+00,3.20432351e+00,3.72303233e+01,2.57777732e+00,3.84266680e+01,8.83249559e-01,1.06381165e+02
2.69191619e+00,3.21444484e+00,3.71130960e+01,2.58591962e+00,3.83056737e+01,8.86039436e-01,1.06046202e+02
2.70041901e+00,3.22459815e+00,3.69962378e+01,2.59408763e+00,3.81850604e+01,8.88838126e-01,1.05712294e+02
2.70894869e+00,3.23478353e+00,3.68797475e+01,2.60228145e+00,3.80648269e+01,8.91645655e-01,1.05379437e+02
2.71750531e+00,3.24500109e+00,3.67636241e+01,2.61050115e+00,3.79449720e+01,8.94462052e-01,1.05047628e+02
2.72608896e+00,3.25525091e+00,3.66478663e+01,2.61874681e+00,3.78254945e+01,8.97287346e-01,1.04716864e+02
2.73469973e+00,3.26553311e+00,3.65324729e+01,2.62701852e+00,3.77063931e+01,9.00121563e-01,1.04387142e+02
2.74333769e+00,3.27584779e+00,3.64174429e+01,2.63531635e+00,3.75876668e+01,9.02964733e-01,1.04058457e+02
2.75200294e+00,3.28619505e+00,3.63027751e+01,2.64364040e+00,3.74693143e+01,9.05816883e-01,1.03730808e+02
2.76069555e+00,3.29657499e+00,3.61884684e+01,2.65199073e+00,3.73513345e+01,9.08678043e-01,1.03404190e+02
2.76941563e+00,3.30698772e+00,3.60745216e+01,2.66036745e+00,3.72337262e+01,9.11548239e-01,1.03078601e+02
2.77816324e+00,3.31743334e+00,3.59609335e+01,2.66877062e+00,3.71164881e+01,9.14427502e-01,1.02754037e+02
2.78693849e+00,3.32791196e+00,3.58477032e+01,2.67720033e+00,3.69996193e+01,9.17315859e-01,1.02430495e+02
2.79574146e+00,3.33842367e+00,3.57348293e+01,2.68565667e+00,3.68831184e+01,9.20213340e-01,1.02107971e+02
2.80457223e+00,3.34896858e+00,3.56223109e+01,2.69413973e+00,3.67669843e+01,9.23119973e-01,1.01786463e+02
2.81343089e+00,3.35954681e+00,3.55101467e+01,2.70264957e+00,3.66512159e+01,9.26035786e-01,1.01465968e+02
2.82231754e+00,3.37015844e+00,3.53983357e+01,2.71118630e+00,3.65358120e+01,9.28960810e-01,1.01146481e+02
2.83123226e+00,3.38080360e+00,3.52868768e+01,2.71974999e+00,3.64207715e+01,9.31895073e-01,1.00828001e+02
2.84017513e+00,3.39148238e+00,3.51757688e+01,2.72834073e+00,3.63060932e+01,9.34838604e-01,1.00510523e+02
2.84914625e+00,3.40219488e+00,3.50650107e+01,2.73695861e+00,3.61917761e+01,9.37791433e-01,1.00194045e+02
2.85814571e+00,3.41294123e+00,3.49546013e+01,2.74560370e+00,3.60778188e+01,9.40753589e-01,9.98785637e+01
2.86717359e+00,3.42372152e+00,3.48445396e+01,2.75427611e+00,3.59642204e+01,9.43725101e-01,9.95640755e+01
2.87622999e+00,3.43453586e+00,3.47348244e+01,2.76297591e+00,3.58509797e+01,9.46705999e-01,9.92505776e+01
2.88531500e+00,3.44538436e+00,3.46254547e+01,2.77170318e+00,3.57380955e+01,9.49696313e-01,9.89380668e+01
2.89442870e+00,3.45626713e+00,3.45164293e+01,2.78045802e+00,3.56255668e+01,9.52696072e-01,9.86265400e+01
2.90357119e+00,3.46718427e+00,3.44077473e+01,2.78924052e+00,3.55133924e+01,9.55705307e-01,9.83159941e+01
2.91274256e+00,3.47813589e+00,3.42994074e+01,2.79805076e+00,3.54015712e+01,9.58724046e-01,9.80064260e+01
2.92194290e+00,3.48912211e+00,3.41914087e+01,2.80688882e+00,3.52901021e+01,9.61752321e-01,9.76978326e+01
2.93117230e+00,3.50014303e+00,3.40837500e+01,2.81575481e+00,3.51789839e+01,9.64790160e-01,9.73902110e+01
2.94043085e+00,3.51119876e+00,3.39764303e+01,2.82464879e+00,3.50682157e+01,9.67837596e-01,9.70835579e+01
2.94971864e+00,3.52228941e+00,3.38694486e+01,2.83357087e+00,3.49577962e+01,9.70894657e-01,9.67778704e+01
2.95903577e+00,3.53341509e+00,3.37628036e+01,2.84252113e+00,3.48477244e+01,9.73961374e-01,9.64731454e+01
2.96838233e+00,3.54457592e+00,3.36564945e+01,2.85149966e+00,3.47379992e+01,9.77037778e-01,9.61693799e+01
2.97775842e+00,3.55577200e+00,3.35505201e+01,2.86050656e+00,3.46286195e+01,9.80123899e-01,9.58665709e+01
2.98716412e+00,3.56700344e+00,3.34448795e+01,2.86954190e+00,3.45195842e+01,9.83219769e-01,9.55647153e+01
2.99659952e+00,3.57827036e+00,3.33395714e+01,2.87860578e+00,3.44108922e+01,9.86325417e-01,9.52638102e+01
3.00606474e+00,3.58957286e+00,3.32345949e+01,2.88769829e+00,3.43025424e+01,9.89440874e-01,9.49638525e+01
3.01555985e+00,3.60091107e+00,3.31299490e+01,2.89681952e+00,3.41945338e+01,9.92566173e-01,9.46648393e+01
3.02508495e+00,3.61228509e+00,3.30256325e+01,2.90596956e+00,3.40868653e+01,9.95701343e-01,9.43667677e+01
3.03464013e+00,3.62369504e+00,3.29216445e+01,2.91514851e+00,3.39795358e+01,9.98846416e-01,9.40696345e+01
3.04422550e+00,3.63514103e+00,3.28179840e+01,2.92435644e+00,3.38725443e+01,1.00200142e+00,9.37734370e+01
3.05384115e+00,3.64662317e+00,3.27146498e+01,2.93359346e+00,3.37658896e+01,1.00516640e+00,9.34781721e+01
3.06348717e+00,3.65814158e+00,3.26116410e+01,2.94285966e+00,3.36595708e+01,1.00834137e+00,9.31838368e+01
3.07316365e+00,3.66969637e+00,3.25089566e+01,2.95215513e+00,3.35535867e+01,1.01152636e+00,9.28904284e+01
3.08287070e+00,3.68128766e+00,3.24065955e+01,2.96147996e+00,3.34479363e+01,1.01472142e+00,9.25979438e+01
3.09260842e+00,3.69291556e+00,3.23045566e+01,2.97083424e+00,3.33426187e+01,1.01792657e+00,9.23063802e+01
3.10237689e+00,3.70458019e+00,3.22028391e+01,2.98021806e+00,3.32376326e+01,1.02114185e+00,9.20157346e+01
3.11217621e+00,3.71628167e+00,3.21014419e+01,2.98963153e+00,3.31329771e+01,1.02436728e+00,9.17260042e+01
3.12200649e+00,3.72802011e+00,3.20003639e+01,2.99907474e+00,3.30286511e+01,1.02760290e+00,9.14371860e+01
3.13186782e+00,3.73979562e+00,3.18996042e+01,3.00854777e+00,3.29246536e+01,1.03084874e+00,9.11492773e+01
3.14176030e+00,3.75160833e+00,3.17991617e+01,3.01805072e+00,3.28209836e+01,1.03410483e+00,9.08622751e+01
3.15168402e+00,3.76345835e+00,3.16990355e+01,3.02758369e+00,3.27176400e+01,1.03737120e+00,9.05761766e+01
3.16163909e+00,3.77534580e+00,3.15992246e+01,3.03714677e+00,3.26146218e+01,1.04064790e+00,9.02909789e+01
3.17162560e+00,3.78727080e+00,3.14997280e+01,3.04674005e+00,3.25119279e+01,1.04393494e+00,9.00066792e+01
3.18164366e+00,3.79923347e+00,3.14005446e+01,3.05636364e+00,3.24095575e+01,1.04723237e+00,8.97232747e+01
3.19169336e+00,3.81123392e+00,3.13016736e+01,3.06601763e+00,3.23075093e+01,1.05054021e+00,8.94407625e+01
3.20177481e+00,3.82327228e+00,3.12031138e+01,3.07570211e+00,3.22057825e+01,1.05385850e+00,8.91591399e+01
3.21188810e+00,3.83534866e+00,3.11048644e+01,3.08541718e+00,3.21043760e+01,1.05718727e+00,8.88784041e+01
3.22203333e+00,3.84746319e+00,3.10069243e+01,3.09516293e+00,3.20032888e+01,1.06052655e+00,8.85985522e+01
3.23221061e+00,3.85961598e+00,3.09092927e+01,3.10493947e+00,3.19025198e+01,1.06387639e+00,8.83195815e+01
3.24242004e+00,3.87180716e+00,3.08119684e+01,3.11474689e+00,3.18020682e+01,1.06723680e+00,8.80414891e+01
3.25266171e+00,3.88403685e+00,3.07149506e+01,3.12458529e+00,3.17019329e+01,1.07060783e+00,8.77642724e+01
3.26293573e+00,3.89630516e+00,3.06182383e+01,3.13445476e+00,3.16021128e+01,1.07398951e+00,8.74879286e+01
3.27324221e+00,3.90861223e+00,3.05218305e+01,3.14435541e+00,3.15026071e+01,1.07738186e+00,8.72124549e+01
3.28358124e+00,3.92095817e+00,3.04257262e+01,3.15428733e+00,3.14034147e+01,1.08078494e+00,8.69378486e+01
3.29395292e+00,3.93334311e+00,3.03299246e+01,3.16425063e+00,3.13045346e+01,1.08419876e+00,8.66641069e+01
3.30435737e+00,3.94576717e+00,3.02344246e+01,3.17424539e+00,3.12059658e+01,1.08762337e+00,8.63912272e+01
3.31479468e+00,3.95823047e+00,3.01392253e+01,3.18427172e+00,3.11077074e+01,1.09105879e+00,8.61192067e+01
3.32526496e+00,3.97073314e+00,3.00443258e+01,3.19432972e+00,3.10097584e+01,1.09450506e+00,8.58480427e+01
3.33576831e+00,3.98327530e+00,2.99497250e+01,3.20441950e+00,3.09121178e+01,1.09796222e+00,8.55777325e+01
3.34630484e+00,3.99585708e+00,2.98554222e+01,3.21454114e+00,3.08147847e+01,1.10143030e+00,8.53082735e+01
3.35687465e+00,4.00847859e+00,2.97614163e+01,3.22469475e+00,3.07177580e+01,1.10490933e+00,8.50396628e+01
3.36747784e+00,4.02113998e+00,2.96677063e+01,3.23488044e+00,3.06210368e+01,1.10839936e+00,8.47718980e+01
3.37811453e+00,4.03384135e+00,2.95742915e+01,3.24509830e+00,3.05246202e+01,1.11190040e+00,8.45049763e+01
3.38878482e+00,4.04658285e+00,2.94811708e+01,3.25534843e+00,3.04285072e+01,1.11541251e+00,8.42388950e+01
3.39948880e+00,4.05936459e+00,2.93883432e+01,3.26563094e+00,3.03326968e+01,1.11893571e+00,8.39736516e+01
3.41022660e+00,4.07218671e+00,2.92958080e+01,3.27594593e+00,3.02371881e+01,1.12247004e+00,8.37092433e+01
3.42099832e+00,4.08504933e+00,2.92035641e+01,3.28629350e+00,3.01419801e+01,1.12601553e+00,8.34456676e+01
3.43180406e+00,4.09795257e+00,2.91116107e+01,3.29667375e+00,3.00470719e+01,1.12957222e+00,8.31829218e+01
3.44264393e+00,4.11089657e+00,2.90199468e+01,3.30708679e+00,2.99524625e+01,1.13314014e+00,8.29210033e+01
3.45351804e+00,4.12388146e+00,2.89285716e+01,3.31753272e+00,2.98581510e+01,1.13671933e+00,8.26599095e+01
3.46442650e+00,4.13690736e+00,2.88374840e+01,3.32801165e+00,2.97641365e+01,1.14030983e+00,8.23996378e+01
3.47536941e+00,4.14997441e+00,2.87466833e+01,3.33852368e+00,2.96704180e+01,1.14391167e+00,8.21401856e+01
3.48634689e+00,4.16308273e+00,2.86561685e+01,3.34906891e+00,2.95769946e+01,1.14752489e+00,8.18815504e+01
3.49735904e+00,4.17623245e+00,2.85659386e+01,3.35964745e+00,2.94838654e+01,1.15114952e+00,8.16237295e+01
3.50840598e+00,4.18942371e+00,2.84759929e+01,3.37025940e+00,2.93910294e+01,1.15478560e+00,8.13667204e+01
3.51948781e+00,4.20265664e+00,2.83863304e+01,3.38090488e+00,2.92984857e+01,1.15843317e+00,8.11105206e+01
3.53060464e+00,4.21593137e+00,2.82969502e+01,3.39158397e+00,2.92062334e+01,1.16209225e+00,8.08551275e+01
3.54175659e+00,4.22924802e+00,2.82078515e+01,3.40229680e+00,2.91142716e+01,1.16576290e+00,8.06005385e+01
3.55294376e+00,4.24260674e+00,2.81190333e+01,3.41304347e+00,2.90225993e+01,1.16944513e+00,8.03467512e+01
3.56416627e+00,4.25600765e+00,2.80304947e+01,3.42382408e+00,2.89312157e+01,1.17313900e+00,8.00937629e+01
3.57542423e+00,4.26945090e+00,2.79422349e+01,3.43463875e+00,2.88401198e+01,1.17684454e+00,7.98415713e+01
3.58671774e+00,4.28293660e+00,2.78542531e+01,3.44548757e+00,2.87493108e+01,1.18056178e+00,7.95901737e+01
3.59804693e+00,4.29646490e+00,2.77665482e+01,3.45637067e+00,2.86587877e+01,1.18429076e+00,7.93395677e+01
3.60941191e+00,4.31003594e+00,2.76791196e+01,3.46728813e+00,2.85685496e+01,1.18803153e+00,7.90897508e+01
3.62081278e+00,4.32364983e+00,2.75919662e+01,3.47824009e+00,2.84785957e+01,1.19178410e+00,7.88407205e+01
3.63224966e+00,4.33730673e+00,2.75050872e+01,3.48922663e+00,2.83889249e+01,1.19554853e+00,7.85924743e+01
3.64372267e+00,4.35100677e+00,2.74184818e+01,3.50024788e+00,2.82995366e+01,1.19932485e+00,7.83450098e+01
3.65523192e+00,4.36475008e+00,2.73321491e+01,3.51130394e+00,2.82104297e+01,1.20311310e+00,7.80983244e+01
3.66677752e+00,4.37853681e+00,2.72460882e+01,3.52239493e+00,2.81216034e+01,1.20691332e+00,7.78524158e+01
3.67835959e+00,4.39236708e+00,2.71602983e+01,3.53352094e+00,2.80330567e+01,1.21072553e+00,7.76072815e+01
3.68997825e+00,4.40624103e+00,2.70747785e+01,3.54468210e+00,2.79447889e+01,1.21454979e+00,7.73629190e+01
3.70163360e+00,4.42015881e+00,2.69895280e+01,3.55587852e+00,2.78567990e+01,1.21838613e+00,7.71193260e+01
3.71332577e+00,4.43412055e+00,2.69045460e+01,3.56711029e+00,2.77690861e+01,1.22223459e+00,7.68765000e+01
3.72505487e+00,4.44812638e+00,2.68198315e+01,3.57837755e+00,2.76816495e+01,1.22609520e+00,7.66344385e+01
3.73682102e+00,4.46217646e+00,2.67353837e+01,3.58968040e+00,2.75944881e+01,1.22996801e+00,7.63931393e+01
3.74862433e+00,4.47627092e+00,2.66512019e+01,3.60101894e+00,2.75076012e+01,1.23385305e+00,7.61525998e+01
3.76046492e+00,4.49040990e+00,2.65672851e+01,3.61239331e+00,2.74209879e+01,1.23775036e+00,7.59128177e+01
3.77234292e+00,4.50459354e+00,2.64836326e+01,3.62380360e+00,2.73346473e+01,1.24165998e+00,7.56737906e+01
3.78425843e+00,4.51882197e+00,2.64002434e+01,3.63524993e+00,2.72485785e+01,1.24558195e+00,7.54355162e+01
3.79621159e+00,4.53309535e+00,2.63171168e+01,3.64673241e+00,2.71627808e+01,1.24951631e+00,7.51979920e+01
3.80820249e+00,4.54741382e+00,2.62342520e+01,3.65825117e+00,2.70772532e+01,1.25346309e+00,7.49612156e+01
3.82023128e+00,4.56177751e+00,2.61516480e+01,3.66980630e+00,2.69919949e+01,1.25742235e+00,7.47251849e+01
3.83229805e+00,4.57618658e+00,2.60693042e+01,3.68139794e+00,2.69070051e+01,1.26139410e+00,7.44898973e+01
3.84440294e+00,4.59064115e+00,2.59872197e+01,3.69302619e+00,2.68222828e+01,1.26537841e+00,7.42553506e+01
3.85654607e+00,4.60514138e+00,2.59053936e+01,3.70469117e+00,2.67378274e+01,1.26937530e+00,7.40215424e+01
3.86872755e+00,4.61968742e+00,2.58238251e+01,3.71639300e+00,2.66536378e+01,1.27338481e+00,7.37884703e+01
3.88094751e+00,4.63427940e+00,2.57425135e+01,3.72813179e+00,2.65697134e+01,1.27740699e+00,7.35561322e+01
3.89320607e+00,4.64891747e+00,2.56614579e+01,3.73990765e+00,2.64860532e+01,1.28144187e+00,7.33245256e+01
3.90550335e+00,4.66360178e+00,2.55806575e+01,3.75172072e+00,2.64026564e+01,1.28548950e+00,7.30936483e+01
3.91783947e+00,4.67833247e+00,2.55001116e+01,3.76357109e+00,2.63195222e+01,1.28954991e+00,7.28634979e+01
3.93021456e+00,4.69310969e+00,2.54198193e+01,3.77545890e+00,2.62366498e+01,1.29362315e+00,7.26340723e+01
3.94262874e+00,4.70793358e+00,2.53397797e+01,3.78738426e+00,2.61540383e+01,1.29770925e+00,7.24053690e+01
3.95508212e+00,4.72280430e+00,2.52599922e+01,3.79934728e+00,2.60716870e+01,1.30180826e+00,7.21773858e+01
3.96757485e+00,4.73772199e+00,2.51804560e+01,3.81134809e+00,2.59895949e+01,1.30592022e+00,7.19501205e+01
3.98010703e+00,4.75268680e+00,2.51011701e+01,3.82338681e+00,2.59077613e+01,1.31004517e+00,7.17235708e+01
3.99267880e+00,4.76769888e+00,2.50221340e+01,3.83546356e+00,2.58261854e+01,1.31418314e+00,7.14977344e+01
4.00529028e+00,4.78275838e+00,2.49433466e+01,3.84757845e+00,2.57448664e+01,1.31833419e+00,7.12726091e+01
4.01794159e+00,4.79786544e+00,2.48648074e+01,3.85973160e+00,2.56638034e+01,1.32249835e+00,7.10481927e+01
4.03063287e+00,4.81302022e+00,2.47865154e+01,3.87192315e+00,2.55829956e+01,1.32667566e+00,7.08244828e+01
4.04336423e+00,4.82822287e+00,2.47084700e+01,3.88415320e+00,2.55024423e+01,1.33086616e+00,7.06014774e+01
4.05613581e+00,4.84347354e+00,2.46306703e+01,3.89642189e+00,2.54221427e+01,1.33506990e+00,7.03791742e+01
4.06894772e+00,4.85877238e+00,2.45531156e+01,3.90872932e+00,2.53420958e+01,1.33928692e+00,7.01575709e+01
4.08180011e+00,4.87411955e+00,2.44758051e+01,3.92107563e+00,2.52623010e+01,1.34351726e+00,6.99366654e+01
4.09469309e+00,4.88951519e+00,2.43987380e+01,3.93346094e+00,2.51827575e+01,1.34776097e+00,6.97164554e+01
4.10762680e+00,4.90495946e+00,2.43219135e+01,3.94588537e+00,2.51034644e+01,1.35201807e+00,6.94969389e+01
4.12060135e+00,4.92045252e+00,2.42453310e+01,3.95834905e+00,2.50244210e+01,1.35628862e+00,6.92781135e+01
4.13361690e+00,4.93599451e+00,2.41689896e+01,3.97085209e+00,2.49456265e+01,1.36057267e+00,6.90599771e+01
4.14667355e+00,4.95158559e+00,2.40928886e+01,3.98339463e+00,2.48670801e+01,1.36487024e+00,6.88425276e+01
4.15977144e+00,4.96722592e+00,2.40170272e+01,3.99597678e+00,2.47887809e+01,1.36918139e+00,6.86257628e+01
4.17291071e+00,4.98291566e+00,2.39414046e+01,4.00859867e+00,2.47107284e+01,1.37350616e+00,6.84096805e+01
4.18609148e+00,4.99865495e+00,2.38660202e+01,4.02126044e+00,2.46329216e+01,1.37784458e+00,6.81942786e+01
4.19931388e+00,5.01444395e+00,2.37908731e+01,4.03396220e+00,2.45553598e+01,1.38219671e+00,6.79795549e+01
4.21257805e+00,5.03028283e+00,2.37159627e+01,4.04670407e+00,2.44780422e+01,1.38656259e+00,6.77655073e+01
4.22588411e+00,5.04617174e+00,2.36412881e+01,4.05948620e+00,2.44009680e+01,1.39094226e+00,6.75521337e+01
4.23923220e+00,5.06211084e+00,2.35668487e+01,4.07230870e+00,2.43241366e+01,1.39533576e+00,6.73394319e+01
4.25262246e+00,5.07810028e+00,2.34926436e+01,4.08517170e+00,2.42475470e+01,1.39974314e+00,6.71273999e+01
4.26605501e+00,5.09414022e+00,2.34186722e+01,4.09807533e+00,2.41711987e+01,1.40416444e+00,6.69160355e+01
4.27952998e+00,5.11023083e+00,2.33449337e+01,4.11101972e+00,2.40950907e+01,1.40859970e+00,6.67053366e+01
4.29304753e+00,5.12637227e+00,2.32714274e+01,4.12400500e+00,2.40192224e+01,1.41304898e+00,6.64953012e+01
4.30660776e+00,5.14256469e+00,2.31981525e+01,4.13703129e+00,2.39435929e+01,1.41751230e+00,6.62859271e+01
4.32021084e+00,5.15880826e+00,2.31251084e+01,4.15009873e+00,2.38682016e+01,1.42198973e+00,6.60772123e+01
4.33385687e+00,5.17510313e+00,2.30522942e+01,4.16320744e+00,2.37930477e+01,1.42648130e+00,6.58691546e+01
4.34754601e+00,5.19144947e+00,2.29797093e+01,4.17635756e+00,2.37181304e+01,1.43098706e+00,6.56617520e+01
4.36127839e+00,5.20784745e+00,2.29073530e+01,4.18954922e+00,2.36434490e+01,1.43550705e+00,6.54550025e+01
4.37505415e+00,5.22429722e+00,2.28352245e+01,4.20278254e+00,2.35690027e+01,1.44004131e+00,6.52489040e+01
4.38887342e+00,5.24079895e+00,2.27633231e+01,4.21605766e+00,2.34947909e+01,1.44458990e+00,6.50434545e+01
4.40273634e+00,5.25735281e+00,2.26916481e+01,4.22937472e+00,2.34208127e+01,1.44915285e+00,6.48386518e+01
4.41664305e+00,5.27395895e+00,2.26201988e+01,4.24273384e+00,2.33470675e+01,1.45373022e+00,6.46344940e+01
4.43059368e+00,5.29061755e+00,2.25489745e+01,4.25613515e+00,2.32735544e+01,1.45832205e+00,6.44309790e+01
4.44458838e+00,5.30732876e+00,2.24779744e+01,4.26957880e+00,2.32002729e+01,1.46292838e+00,6.42281048e+01
4.45862728e+00,5.32409276e+00,2.24071979e+01,4.28306490e+00,2.31272220e+01,1.46754926e+00,6.40258695e+01
4.47271053e+00,5.34090971e+00,2.23366442e+01,4.29659361e+00,2.30544012e+01,1.47218473e+00,6.38242709e+01
4.48683826e+00,5.35777978e+00,2.22663127e+01,4.31016505e+00,2.29818097e+01,1.47683485e+00,6.36233071e+01
4.50101061e+00,5.37470313e+00,2.21962027e+01,4.32377936e+00,2.29094468e+01,1.48149966e+00,6.34229760e+01
4.51522774e+00,5.39167995e+00,2.21263134e+01,4.33743667e+00,2.28373117e+01,1.48617920e+00,6.32232758e+01
4.52948976e+00,5.40871038e+00,2.20566441e+01,4.35113712e+00,2.27654037e+01,1.49087352e+00,6.30242043e+01
4.54379684e+00,5.42579461e+00,2.19871942e+01,4.36488084e+00,2.26937222e+01,1.49558267e+00,6.28257597e+01
4.55814911e+00,5.44293280e+00,2.19179631e+01,4.37866797e+00,2.26222663e+01,1.50030669e+00,6.26279399e+01
4.57254671e+00,5.46012512e+00,2.18489498e+01,4.39249866e+00,2.25510355e+01,1.50504564e+00,6.24307429e+01
4.58698979e+00,5.47737175e+00,2.17801539e+01,4.40637303e+00,2.24800289e+01,1.50979955e+00,6.22341669e+01
4.60147849e+00,5.49467286e+00,2.17115747e+01,4.42029122e+00,2.24092459e+01,1.51456848e+00,6.20382099e+01
4.61601295e+00,5.51202861e+00,2.16432113e+01,4.43425338e+00,2.23386858e+01,1.51935247e+00,6.18428698e+01
4.63059333e+00,5.52943919e+00,2.15750632e+01,4.44825964e+00,2.22683479e+01,1.52415158e+00,6.16481449e+01
4.64521976e+00,5.54690475e+00,2.15071297e+01,4.46231014e+00,2.21982314e+01,1.52896584e+00,6.14540330e+01
4.65989238e+00,5.56442549e+00,2.14394101e+01,4.47640502e+00,2.21283357e+01,1.53379531e+00,6.12605324e+01
4.67461136e+00,5.58200157e+00,2.13719037e+01,4.49054442e+00,2.20586601e+01,1.53864003e+00,6.10676410e+01
4.68937682e+00,5.59963316e+00,2.13046099e+01,4.50472848e+00,2.19892039e+01,1.54350006e+00,6.08753570e+01
4.70418893e+00,5.61732045e+00,2.12375279e+01,4.51895734e+00,2.19199664e+01,1.54837544e+00,6.06836785e+01
4.71904782e+00,5.63506360e+00,2.11706572e+01,4.53323115e+00,2.18509469e+01,1.55326622e+00,6.04926035e+01
4.73395364e+00,5.65286280e+00,2.11039971e+01,4.54755005e+00,2.17821447e+01,1.55817244e+00,6.03021301e+01
4.74890655e+00,5.67071822e+00,2.10375468e+01,4.56191417e+00,2.17135591e+01,1.56309416e+00,6.01122565e+01
4.76390669e+00,5.68863004e+00,2.09713058e+01,4.57632366e+00,2.16451895e+01,1.56803143e+00,5.99229807e+01
4.77895420e+00,5.70659844e+00,2.09052733e+01,4.59077867e+00,2.15770352e+01,1.57298430e+00,5.97343009e+01
4.79404925e+00,5.72462359e+00,2.08394488e+01,4.60527934e+00,2.15090955e+01,1.57795281e+00,5.95462152e+01
4.80919198e+00,5.74270568e+00,2.07738315e+01,4.61982581e+00,2.14413697e+01,1.58293701e+00,5.93587217e+01
4.82438254e+00,5.76084488e+00,2.07084208e+01,4.63441823e+00,2.13738571e+01,1.58793695e+00,5.91718186e+01
4.83962108e+00,5.77904138e+00,2.06432161e+01,4.64905674e+00,2.13065571e+01,1.59295269e+00,5.89855040e+01
4.85490775e+00,5.79729535e+00,2.05782167e+01,4.66374148e+00,2.12394691e+01,1.59798427e+00,5.87997760e+01
4.87024271e+00,5.81560698e+00,2.05134220e+01,4.67847262e+00,2.11725922e+01,1.60303175e+00,5.86146328e+01
4.88562611e+00,5.83397646e+00,2.04488312e+01,4.69325028e+00,2.11059260e+01,1.60809516e+00,5.84300726e+01
4.90105810e+00,5.85240395e+00,2.03844439e+01,4.70807462e+00,2.10394697e+01,1.61317458e+00,5.82460935e+01
4.91653883e+00,5.87088965e+00,2.03202593e+01,4.72294578e+00,2.09732226e+01,1.61827003e+00,5.80626938e+01
4.93206846e+00,5.88943374e+00,2.02562768e+01,4.73786392e+00,2.09071841e+01,1.62338158e+00,5.78798715e+01
4.94764714e+00,5.90803641e+00,2.01924957e+01,4.75282918e+00,2.08413535e+01,1.62850928e+00,5.76976248e+01
4.96327503e+00,5.92669783e+00,2.01289155e+01,4.76784170e+00,2.07757302e+01,1.63365317e+00,5.75159520e+01
4.97895228e+00,5.94541820e+00,2.00655355e+01,4.78290165e+00,2.07103136e+01,1.63881331e+00,5.73348512e+01
4.99467906e+00,5.96419770e+00,2.00023550e+01,4.79800917e+00,2.06451029e+01,1.64398975e+00,5.71543207e+01
5.01045550e+00,5.98303652e+00,1.99393735e+01,4.81316440e+00,2.05800976e+01,1.64918254e+00,5.69743585e+01
5.02628178e+00,6.00193485e+00,1.98765903e+01,4.82836751e+00,2.05152969e+01,1.65439173e+00,5.67949631e+01
5.04215805e+00,6.02089286e+00,1.98140048e+01,4.84361864e+00,2.04507003e+01,1.65961738e+00,5.66161325e+01
5.05808447e+00,6.03991076e+00,1.97516163e+01,4.85891794e+00,2.03863071e+01,1.66485953e+00,5.64378650e+01
5.07406119e+00,6.05898873e+00,1.96894243e+01,4.87426556e+00,2.03221166e+01,1.67011824e+00,5.62601588e+01
5.09008838e+00,6.07812696e+00,1.96274281e+01,4.88966167e+00,2.02581282e+01,1.67539356e+00,5.60830121e+01
5.10616619e+00,6.09732564e+00,1.95656271e+01,4.90510640e+00,2.01943413e+01,1.68068554e+00,5.59064232e+01
5.12229479e+00,6.11658497e+00,1.95040207e+01,4.92059992e+00,2.01307553e+01,1.68599424e+00,5.57303904e+01
5.13847433e+00,6.13590512e+00,1.94426083e+01,4.93614238e+00,2.00673695e+01,1.69131971e+00,5.55549118e+01
5.15470498e+00,6.15528631e+00,1.93813893e+01,4.95173393e+00,2.00041833e+01,1.69666200e+00,5.53799858e+01
5.17098689e+00,6.17472871e+00,1.93203630e+01,4.96737473e+00,1.99411960e+01,1.70202116e+00,5.52056105e+01
5.18732023e+00,6.19423252e+00,1.92595289e+01,4.98306493e+00,1.98784070e+01,1.70739725e+00,5.50317843e+01
5.20370517e+00,6.21379794e+00,1.91988863e+01,4.99880469e+00,1.98158158e+01,1.71279032e+00,5.48585055e+01
5.22014186e+00,6.23342516e+00,1.91384347e+01,5.01459417e+00,1.97534216e+01,1.71820043e+00,5.46857722e+01
5.23663046e+00,6.25311437e+00,1.90781734e+01,5.03043352e+00,1.96912239e+01,1.72362762e+00,5.45135828e+01
5.25317115e+00,6.27286578e+00,1.90181018e+01,5.04632291e+00,1.96292221e+01,1.72907196e+00,5.43419356e+01
5.26976408e+00,6.29267957e+00,1.89582194e+01,5.06226248e+00,1.95674154e+01,1.73453350e+00,5.41708289e+01
5.28640943e+00,6.31255595e+00,1.88985256e+01,5.07825240e+00,1.95058034e+01,1.74001228e+00,5.40002609e+01
5.30310735e+00,6.33249511e+00,1.88390197e+01,5.09429283e+00,1.94443854e+01,1.74550837e+00,5.38302300e+01
5.31985801e+00,6.35249725e+00,1.87797012e+01,5.11038392e+00,1.93831608e+01,1.75102183e+00,5.36607345e+01
5.33666159e+00,6.37256257e+00,1.87205694e+01,5.12652584e+00,1.93221289e+01,1.75655269e+00,5.34917726e+01
5.35351824e+00,6.39269127e+00,1.86616239e+01,5.14271874e+00,1.92612892e+01,1.76210103e+00,5.33233428e+01
5.37042814e+00,6.41288355e+00,1.86028639e+01,5.15896280e+00,1.92006411e+01,1.76766689e+00,5.31554433e+01
5.38739144e+00,6.43313961e+00,1.85442890e+01,5.17525816e+00,1.91401839e+01,1.77325033e+00,5.29880725e+01
5.40440833e+00,6.45345965e+00,1.84858985e+01,5.19160499e+00,1.90799171e+01,1.77885141e+00,5.28212287e+01
5.42147897e+00,6.47384388e+00,1.84276918e+01,5.20800346e+00,1.90198401e+01,1.78447018e+00,5.26549102e+01
5.43860353e+00,6.49429249e+00,1.83696685e+01,5.22445373e+00,1.89599522e+01,1.79010670e+00,5.24891154e+01
5.45578218e+00,6.51480570e+00,1.83118278e+01,5.24095595e+00,1.89002529e+01,1.79576102e+00,5.23238426e+01
5.47301509e+00,6.53538369e+00,1.82541692e+01,5.25751030e+00,1.88407416e+01,1.80143321e+00,5.21590903e+01
5.49030244e+00,6.55602669e+00,1.81966922e+01,5.27411694e+00,1.87814177e+01,1.80712331e+00,5.19948567e+01
5.50764439e+00,6.57673489e+00,1.81393962e+01,5.29077604e+00,1.87222805e+01,1.81283138e+00,5.18311402e+01
5.52504111e+00,6.59750850e+00,1.80822806e+01,5.30748775e+00,1.86633296e+01,1.81855748e+00,5.16679392e+01
5.54249279e+00,6.61834772e+00,1.80253448e+01,5.32425225e+00,1.86045642e+01,1.82430167e+00,5.15052521e+01
5.55999959e+00,6.63925277e+00,1.79685883e+01,5.34106971e+00,1.85459839e+01,1.83006400e+00,5.13430773e+01
5.57756168e+00,6.66022386e+00,1.79120106e+01,5.35794028e+00,1.84875881e+01,1.83584453e+00,5.11814130e+01
5.59517926e+00,6.68126118e+00,1.78556109e+01,5.37486414e+00,1.84293761e+01,1.84164332e+00,5.10202578e+01
5.61285247e+00,6.70236495e+00,1.77993889e+01,5.39184146e+00,1.83713475e+01,1.84746043e+00,5.08596101e+01
5.63058151e+00,6.72353538e+00,1.77433438e+01,5.40887241e+00,1.83135015e+01,1.85329592e+00,5.06994682e+01
5.64836656e+00,6.74477268e+00,1.76874753e+01,5.42595715e+00,1.82558377e+01,1.85914983e+00,5.05398305e+01
5.66620777e+00,6.76607706e+00,1.76317826e+01,5.44309585e+00,1.81983554e+01,1.86502224e+00,5.03806955e+01
5.68410535e+00,6.78744874e+00,1.75762653e+01,5.46028869e+00,1.81410542e+01,1.87091319e+00,5.02220615e+01
5.70205945e+00,6.80888792e+00,1.75209229e+01,5.47753584e+00,1.80839334e+01,1.87682275e+00,5.00639270e+01
5.72007027e+00,6.83039482e+00,1.74657546e+01,5.49483746e+00,1.80269924e+01,1.88275098e+00,4.99062905e+01
5.73813797e+00,6.85196965e+00,1.74107601e+01,5.51219374e+00,1.79702307e+01,1.88869793e+00,4.97491503e+01
5.75626275e+00,6.87361263e+00,1.73559388e+01,5.52960483e+00,1.79136477e+01,1.89466367e+00,4.95925049e+01
5.77444477e+00,6.89532398e+00,1.73012900e+01,5.54707092e+00,1.78572429e+01,1.90064825e+00,4.94363527e+01
5.79268423e+00,6.91710390e+00,1.72468134e+01,5.56459218e+00,1.78010157e+01,1.90665173e+00,4.92806922e+01
5.81098129e+00,6.93895261e+00,1.71925082e+01,5.58216879e+00,1.77449656e+01,1.91267418e+00,4.91255218e+01
5.82933616e+00,6.96087034e+00,1.71383741e+01,5.59980091e+00,1.76890919e+01,1.91871565e+00,4.89708400e+01
5.84774899e+00,6.98285730e+00,1.70844104e+01,5.61748873e+00,1.76333942e+01,1.92477621e+00,4.88166453e+01
5.86621999e+00,7.00491371e+00,1.70306166e+01,5.63523241e+00,1.75778718e+01,1.93085590e+00,4.86629361e+01
5.88474933e+00,7.02703979e+00,1.69769922e+01,5.65303214e+00,1.75225243e+01,1.93695480e+00,4.85097108e+01
5.90333720e+00,7.04923575e+00,1.69235367e+01,5.67088810e+00,1.74673510e+01,1.94307297e+00,4.83569680e+01
5.92198378e+00,7.07150183e+00,1.68702495e+01,5.68880046e+00,1.74123515e+01,1.94921045e+00,4.82047062e+01
5.94068926e+00,7.09383824e+00,1.68171300e+01,5.70676939e+00,1.73575251e+01,1.95536733e+00,4.80529238e+01
5.95945383e+00,7.11624519e+00,1.67641778e+01,5.72479508e+00,1.73028714e+01,1.96154365e+00,4.79016193e+01
5.97827766e+00,7.13872293e+00,1.67113924e+01,5.74287771e+00,1.72483897e+01,1.96773948e+00,4.77507912e+01
5.99716095e+00,7.16127166e+00,1.66587731e+01,5.76101746e+00,1.71940797e+01,1.97395489e+00,4.76004380e+01
6.01610389e+00,7.18389162e+00,1.66063196e+01,5.77921450e+00,1.71399406e+01,1.98018992e+00,4.74505583e+01
6.03510666e+00,7.20658303e+00,1.65540312e+01,5.79746902e+00,1.70859719e+01,1.98644465e+00,4.73011505e+01
6.05416946e+00,7.22934611e+00,1.65019074e+01,5.81578120e+00,1.70321733e+01,1.99271913e+00,4.71522131e+01
6.07329246e+00,7.25218109e+00,1.64499478e+01,5.83415123e+00,1.69785440e+01,1.99901344e+00,4.70037447e+01
6.09247588e+00,7.27508819e+00,1.63981517e+01,5.85257927e+00,1.69250835e+01,2.00532762e+00,4.68557437e+01
6.11171988e+00,7.29806766e+00,1.63465188e+01,5.87106553e+00,1.68717914e+01,2.01166175e+00,4.67082088e+01
6.13102467e+00,7.32111971e+00,1.62950484e+01,5.88961017e+00,1.68186671e+01,2.01801589e+00,4.65611384e+01
6.15039044e+00,7.34424457e+00,1.62437401e+01,5.90821340e+00,1.67657101e+01,2.02439010e+00,4.64145311e+01
6.16981737e+00,7.36744247e+00,1.61925934e+01,5.92687538e+00,1.67129198e+01,2.03078444e+00,4.62683854e+01
6.18930567e+00,7.39071365e+00,1.61416076e+01,5.94559631e+00,1.66602958e+01,2.03719898e+00,4.61226999e+01
6.20885553e+00,7.41405834e+00,1.60907825e+01,5.96437637e+00,1.66078374e+01,2.04363378e+00,4.59774731e+01
6.22846714e+00,7.43747676e+00,1.60401174e+01,5.98321576e+00,1.65555442e+01,2.05008891e+00,4.58327036e+01
6.24814069e+00,7.46096915e+00,1.59896117e+01,6.00211465e+00,1.65034157e+01,2.05656442e+00,4.56883900e+01
6.26787638e+00,7.48453575e+00,1.59392652e+01,6.02107323e+00,1.64514513e+01,2.06306039e+00,4.55445307e+01
6.28767442e+00,7.50817678e+00,1.58890771e+01,6.04009170e+00,1.63996505e+01,2.06957688e+00,4.54011244e+01
6.30753499e+00,7.53189249e+00,1.58390471e+01,6.05917024e+00,1.63480129e+01,2.07611395e+00,4.52581696e+01
6.32745829e+00,7.55568311e+00,1.57891746e+01,6.07830904e+00,1.62965378e+01,2.08267167e+00,4.51156650e+01
6.34744452e+00,7.57954888e+00,1.57394592e+01,6.09750830e+00,1.62452248e+01,2.08925010e+00,4.49736091e+01
6.36749388e+00,7.60349003e+00,1.56899002e+01,6.11676820e+00,1.61940734e+01,2.09584931e+00,4.48320004e+01
6.38760657e+00,7.62750680e+00,1.56404974e+01,6.13608894e+00,1.61430830e+01,2.10246937e+00,4.46908377e+01
6.40778279e+00,7.65159943e+00,1.55912501e+01,6.15547070e+00,1.60922532e+01,2.10911034e+00,4.45501194e+01
6.42802274e+00,7.67576816e+00,1.55421578e+01,6.17491368e+00,1.60415834e+01,2.11577228e+00,4.44098442e+01
6.44832662e+00,7.70001323e+00,1.54932201e+01,6.19441808e+00,1.59910732e+01,2.12245527e+00,4.42700107e+01
6.46869463e+00,7.72433489e+00,1.54444365e+01,6.21398408e+00,1.59407220e+01,2.12915936e+00,4.41306175e+01
6.48912698e+00,7.74873336e+00,1.53958066e+01,6.23361189e+00,1.58905294e+01,2.13588463e+00,4.39916632e+01
6.50962387e+00,7.77320891e+00,1.53473297e+01,6.25330169e+00,1.58404948e+01,2.14263115e+00,4.38531464e+01
6.53018550e+00,7.79776176e+00,1.52990055e+01,6.27305369e+00,1.57906178e+01,2.14939897e+00,4.37150657e+01
6.55081207e+00,7.82239217e+00,1.52508334e+01,6.29286808e+00,1.57408978e+01,2.15618817e+00,4.35774199e+01
6.57150380e+00,7.84710037e+00,1.52028131e+01,6.31274505e+00,1.56913343e+01,2.16299882e+00,4.34402074e+01
6.59226089e+00,7.87188663e+00,1.51549439e+01,6.33268481e+00,1.56419269e+01,2.16983097e+00,4.33034270e+01
6.61308354e+00,7.89675117e+00,1.51072254e+01,6.35268755e+00,1.55926751e+01,2.17668471e+00,4.31670773e+01
6.63397196e+00,7.92169425e+00,1.50596572e+01,6.37275347e+00,1.55435784e+01,2.18356010e+00,4.30311569e+01
6.65492636e+00,7.94671611e+00,1.50122388e+01,6.39288278e+00,1.54946362e+01,2.19045720e+00,4.28956645e+01
6.67594695e+00,7.97181702e+00,1.49649697e+01,6.41307566e+00,1.54458482e+01,2.19737609e+00,4.27605987e+01
6.69703394e+00,7.99699720e+00,1.49178494e+01,6.43333233e+00,1.53972138e+01,2.20431684e+00,4.26259581e+01
6.71818753e+00,8.02225693e+00,1.48708775e+01,6.45365298e+00,1.53487325e+01,2.21127951e+00,4.24917416e+01
6.73940794e+00,8.04759644e+00,1.48240535e+01,6.47403782e+00,1.53004038e+01,2.21826417e+00,4.23579476e+01
6.76069538e+00,8.07301598e+00,1.47773769e+01,6.49448704e+00,1.52522274e+01,2.22527089e+00,4.22245749e+01
6.78205005e+00,8.09851582e+00,1.47308473e+01,6.51500086e+00,1.52042026e+01,2.23229974e+00,4.20916222e+01
6.80347218e+00,8.12409621e+00,1.46844642e+01,6.53557947e+00,1.51563291e+01,2.23935080e+00,4.19590880e+01
6.82496198e+00,8.14975739e+00,1.46382272e+01,6.55622309e+00,1.51086062e+01,2.24642412e+00,4.18269712e+01
6.84651965e+00,8.17549963e+00,1.45921357e+01,6.57693191e+00,1.50610337e+01,2.25351979e+00,4.16952704e+01
6.86814541e+00,8.20132318e+00,1.45461894e+01,6.59770614e+00,1.50136109e+01,2.26063788e+00,4.15639843e+01
6.88983949e+00,8.22722830e+00,1.45003877e+01,6.61854599e+00,1.49663375e+01,2.26777844e+00,4.14331116e+01
6.91160208e+00,8.25321524e+00,1.44547303e+01,6.63945167e+00,1.49192129e+01,2.27494156e+00,4.13026509e+01
6.93343342e+00,8.27928426e+00,1.44092166e+01,6.66042338e+00,1.48722367e+01,2.28212731e+00,4.11726011e+01
6.95533372e+00,8.30543563e+00,1.43638462e+01,6.68146133e+00,1.48254084e+01,2.28933575e+00,4.10429607e+01
6.97730319e+00,8.33166960e+00,1.43186187e+01,6.70256573e+00,1.47787276e+01,2.29656696e+00,4.09137285e+01
6.99934206e+00,8.35798644e+00,1.42735336e+01,6.72373680e+00,1.47321937e+01,2.30382102e+00,4.07849032e+01
7.02145053e+00,8.38438640e+00,1.42285904e+01,6.74497473e+00,1.46858064e+01,2.31109798e+00,4.06564836e+01
7.04362884e+00,8.41086975e+00,1.41837888e+01,6.76627976e+00,1.46395651e+01,2.31839794e+00,4.05284683e+01
7.06587721e+00,8.43743675e+00,1.41391282e+01,6.78765207e+00,1.45934694e+01,2.32572095e+00,4.04008561e+01
7.08819585e+00,8.46408767e+00,1.40946083e+01,6.80909189e+00,1.45475189e+01,2.33306709e+00,4.02736457e+01
7.11058499e+00,8.49082277e+00,1.40502285e+01,6.83059944e+00,1.45017131e+01,2.34043643e+00,4.01468359e+01
7.13304484e+00,8.51764231e+00,1.40059885e+01,6.85217492e+00,1.44560514e+01,2.34782905e+00,4.00204253e+01
7.15557564e+00,8.54454657e+00,1.39618877e+01,6.87381855e+00,1.44105336e+01,2.35524503e+00,3.98944128e+01
7.17817761e+00,8.57153581e+00,1.39179259e+01,6.89553054e+00,1.43651591e+01,2.36268442e+00,3.97687970e+01
7.20085096e+00,8.59861030e+00,1.38741024e+01,6.91731111e+00,1.43199274e+01,2.37014732e+00,3.96435768e+01
7.22359594e+00,8.62577031e+00,1.38304170e+01,6.93916048e+00,1.42748382e+01,2.37763379e+00,3.95187509e+01
7.24641275e+00,8.65301611e+00,1.37868691e+01,6.96107887e+00,1.42298909e+01,2.38514390e+00,3.93943180e+01
7.26930164e+00,8.68034796e+00,1.37434583e+01,6.98306649e+00,1.41850852e+01,2.39267774e+00,3.92702769e+01
7.29226283e+00,8.70776615e+00,1.37001842e+01,7.00512356e+00,1.41404205e+01,2.40023537e+00,3.91466264e+01
7.31529654e+00,8.73527095e+00,1.36570463e+01,7.02725030e+00,1.40958965e+01,2.40781688e+00,3.90233652e+01
7.33840301e+00,8.76286262e+00,1.36140443e+01,7.04944693e+00,1.40515127e+01,2.41542233e+00,3.89004921e+01
7.36158246e+00,8.79054144e+00,1.35711777e+01,7.07171367e+00,1.40072686e+01,2.42305181e+00,3.87780059e+01
7.38483513e+00,8.81830769e+00,1.35284461e+01,7.09405075e+00,1.39631639e+01,2.43070538e+00,3.86559054e+01
7.40816125e+00,8.84616165e+00,1.34858490e+01,7.11645837e+00,1.39191980e+01,2.43838313e+00,3.85341894e+01
7.43156104e+00,8.87410359e+00,1.34433860e+01,7.13893678e+00,1.38753705e+01,2.44608513e+00,3.84128565e+01
7.45503475e+00,8.90213378e+00,1.34010567e+01,7.16148619e+00,1.38316811e+01,2.45381146e+00,3.82919058e+01
7.47858260e+00,8.93025251e+00,1.33588608e+01,7.18410683e+00,1.37881292e+01,2.46156219e+00,3.81713359e+01
7.50220484e+00,8.95846007e+00,1.33167977e+01,7.20679891e+00,1.37447144e+01,2.46933741e+00,3.80511456e+01
7.52590168e+00,8.98675671e+00,1.32748670e+01,7.22956267e+00,1.37014364e+01,2.47713718e+00,3.79313337e+01
7.54967338e+00,9.01514274e+00,1.32330683e+01,7.25239834e+00,1.36582946e+01,2.48496160e+00,3.78118991e+01
7.57352016e+00,9.04361843e+00,1.31914013e+01,7.27530613e+00,1.36152887e+01,2.49281072e+00,3.76928406e+01
7.59744227e+00,9.07218406e+00,1.31498655e+01,7.29828629e+00,1.35724181e+01,2.50068464e+00,3.75741570e+01
7.62143993e+00,9.10083993e+00,1.31084604e+01,7.32133902e+00,1.35296826e+01,2.50858343e+00,3.74558470e+01
7.64551340e+00,9.12958630e+00,1.30671857e+01,7.34446458e+00,1.34870816e+01,2.51650717e+00,3.73379096e+01
7.66966291e+00,9.15842348e+00,1.30260410e+01,7.36766318e+00,1.34446147e+01,2.52445594e+00,3.72203435e+01
7.69388870e+00,9.18735174e+00,1.29850259e+01,7.39093505e+00,1.34022816e+01,2.53242981e+00,3.71031476e+01
7.71819101e+00,9.21637138e+00,1.29441398e+01,7.41428044e+00,1.33600818e+01,2.54042888e+00,3.69863208e+01
7.74257008e+00,9.24548268e+00,1.29033826e+01,7.43769956e+00,1.33180148e+01,2.54845320e+00,3.68698617e+01
7.76702615e+00,9.27468593e+00,1.28627536e+01,7.46119266e+00,1.32760803e+01,2.55650288e+00,3.67537694e+01
7.79155948e+00,9.30398142e+00,1.28222526e+01,7.48475996e+00,1.32342779e+01,2.56457798e+00,3.66380426e+01
7.81617030e+00,9.33336945e+00,1.27818791e+01,7.50840171e+00,1.31926070e+01,2.57267858e+00,3.65226802e+01
7.84085885e+00,9.36285031e+00,1.27416327e+01,7.53211813e+00,1.31510674e+01,2.58080478e+00,3.64076811e+01
7.86562538e+00,9.39242429e+00,1.27015131e+01,7.55590946e+00,1.31096586e+01,2.58895664e+00,3.62930440e+01
7.89047015e+00,9.42209168e+00,1.26615198e+01,7.57977594e+00,1.30683801e+01,2.59713425e+00,3.61787679e+01
7.91539339e+00,9.45185277e+00,1.26216524e+01,7.60371780e+00,1.30272316e+01,2.60533769e+00,3.60648516e+01
7.94039535e+00,9.48170788e+00,1.25819105e+01,7.62773529e+00,1.29862127e+01,2.61356704e+00,3.59512941e+01
7.96547629e+00,9.51165728e+00,1.25422938e+01,7.65182865e+00,1.29453230e+01,2.62182239e+00,3.58380940e+01
7.99063645e+00,9.54170129e+00,1.25028018e+01,7.67599810e+00,1.29045619e+01,2.63010381e+00,3.57252504e+01
8.01587608e+00,9.57184019e+00,1.24634342e+01,7.70024390e+00,1.28639293e+01,2.63841139e+00,3.56127621e+01
8.04119544e+00,9.60207429e+00,1.24241905e+01,7.72456628e+00,1.28234246e+01,2.64674521e+00,3.55006281e+01
8.06659477e+00,9.63240389e+00,1.23850704e+01,7.74896549e+00,1.27830474e+01,2.65510535e+00,3.53888470e+01
8.09207432e+00,9.66282930e+00,1.23460734e+01,7.77344177e+00,1.27427973e+01,2.66349191e+00,3.52774180e+01
8.11763436e+00,9.69335080e+00,1.23071993e+01,7.79799536e+00,1.27026740e+01,2.67190495e+00,3.51663398e+01
8.14327513e+00,9.72396871e+00,1.22684475e+01,7.82262650e+00,1.26626770e+01,2.68034456e+00,3.50556114e+01
8.16899690e+00,9.75468333e+00,1.22298178e+01,7.84733545e+00,1.26228060e+01,2.68881083e+00,3.49452316e+01
8.19479991e+00,9.78549497e+00,1.21913097e+01,7.87212244e+00,1.25830605e+01,2.69730385e+00,3.48351993e+01
8.22068442e+00,9.81640394e+00,1.21529229e+01,7.89698773e+00,1.25434402e+01,2.70582369e+00,3.47255136e+01
8.24665069e+00,9.84741053e+00,1.21146569e+01,7.92193156e+00,1.25039446e+01,2.71437044e+00,3.46161732e+01
8.27269898e+00,9.87851506e+00,1.20765114e+01,7.94695417e+00,1.24645733e+01,2.72294419e+00,3.45071770e+01
8.29882955e+00,9.90971784e+00,1.20384861e+01,7.97205583e+00,1.24253261e+01,2.73154502e+00,3.43985241e+01
8.32504266e+00,9.94101918e+00,1.20005804e+01,7.99723677e+00,1.23862024e+01,2.74017302e+00,3.42902133e+01
8.35133856e+00,9.97241939e+00,1.19627941e+01,8.02249725e+00,1.23472019e+01,2.74882827e+00,3.41822435e+01
8.37771752e+00,1.00039188e+01,1.19251268e+01,8.04783752e+00,1.23083242e+01,2.75751086e+00,3.40746137e+01
8.40417981e+00,1.00355177e+01,1.18875781e+01,8.07325783e+00,1.22695689e+01,2.76622087e+00,3.39673228e+01
8.43072568e+00,1.00672164e+01,1.18501476e+01,8.09875843e+00,1.22309356e+01,2.77495840e+00,3.38603697e+01
8.45735540e+00,1.00990152e+01,1.18128350e+01,8.12433958e+00,1.21924240e+01,2.78372352e+00,3.37537534e+01
8.48406923e+00,1.01309145e+01,1.17756399e+01,8.15000153e+00,1.21540337e+01,2.79251633e+00,3.36474728e+01
8.51086744e+00,1.01629145e+01,1.17385618e+01,8.17574454e+00,1.21157642e+01,2.80133692e+00,3.35415268e+01
8.53775030e+00,1.01950156e+01,1.17016006e+01,8.20156886e+00,1.20776152e+01,2.81018536e+00,3.34359144e+01
8.56471808e+00,1.02272181e+01,1.16647557e+01,8.22747476e+00,1.20395864e+01,2.81906176e+00,3.33306346e+01
8.59177103e+00,1.02595223e+01,1.16280268e+01,8.25346248e+00,1.20016773e+01,2.82796619e+00,3.32256862e+01
8.61890944e+00,1.02919285e+01,1.15914136e+01,8.27953229e+00,1.19638875e+01,2.83689875e+00,3.31210683e+01
8.64613356e+00,1.03244371e+01,1.15549156e+01,8.30568444e+00,1.19262168e+01,2.84585952e+00,3.30167798e+01
8.67344368e+00,1.03570484e+01,1.15185326e+01,8.33191920e+00,1.18886646e+01,2.85484860e+00,3.29128197e+01
8.70084006e+00,1.03897627e+01,1.14822641e+01,8.35823682e+00,1.18512307e+01,2.86386607e+00,3.28091870e+01
8.72832298e+00,1.04225804e+01,1.14461099e+01,8.38463757e+00,1.18139147e+01,2.87291202e+00,3.27058805e+01
8.75589270e+00,1.04555017e+01,1.14100694e+01,8.41112172e+00,1.17767162e+01,2.88198655e+00,3.26028993e+01
8.78354951e+00,1.04885269e+01,1.13741425e+01,8.43768951e+00,1.17396348e+01,2.89108974e+00,3.25002424e+01
8.81129368e+00,1.05216565e+01,1.13383287e+01,8.46434123e+00,1.17026701e+01,2.90022168e+00,3.23979087e+01
8.83912548e+00,1.05548908e+01,1.13026276e+01,8.49107713e+00,1.16658218e+01,2.90938247e+00,3.22958973e+01
8.86704519e+00,1.05882300e+01,1.12670390e+01,8.51789748e+00,1.16290896e+01,2.91857219e+00,3.21942070e+01
8.89505309e+00,1.06216745e+01,1.12315624e+01,8.54480254e+00,1.15924730e+01,2.92779094e+00,3.20928369e+01
8.92314946e+00,1.06552247e+01,1.11961975e+01,8.57179259e+00,1.15559718e+01,2.93703881e+00,3.19917860e+01
8.95133457e+00,1.06888808e+01,1.11609440e+01,8.59886789e+00,1.15195854e+01,2.94631589e+00,3.18910533e+01
8.97960871e+00,1.07226433e+01,1.11258015e+01,8.62602871e+00,1.14833136e+01,2.95562227e+00,3.17906378e+01
9.00797216e+00,1.07565123e+01,1.10907696e+01,8.65327532e+00,1.14471561e+01,2.96495805e+00,3.16905385e+01
9.03642520e+00,1.07904884e+01,1.10558480e+01,8.68060800e+00,1.14111123e+01,2.97432332e+00,3.15907543e+01
9.06496811e+00,1.08245718e+01,1.10210364e+01,8.70802701e+00,1.13751821e+01,2.98371817e+00,3.14912843e+01
9.09360118e+00,1.08587628e+01,1.09863344e+01,8.73553263e+00,1.13393650e+01,2.99314269e+00,3.13921276e+01
9.12232470e+00,1.08930619e+01,1.09517417e+01,8.76312513e+00,1.13036607e+01,3.00259699e+00,3.12932830e+01
9.15113894e+00,1.09274693e+01,1.09172579e+01,8.79080478e+00,1.12680688e+01,3.01208114e+00,3.11947497e+01
9.18004419e+00,1.09619853e+01,1.08828827e+01,8.81857186e+00,1.12325890e+01,3.02159526e+00,3.10965266e+01
9.20904074e+00,1.09966104e+01,1.08486157e+01,8.84642665e+00,1.11972209e+01,3.03113942e+00,3.09986128e+01
9.23812889e+00,1.10313449e+01,1.08144566e+01,8.87436943e+00,1.11619641e+01,3.04071373e+00,3.09010073e+01
9.26730891e+00,1.10661890e+01,1.07804050e+01,8.90240046e+00,1.11268184e+01,3.05031829e+00,3.08037091e+01
9.29658111e+00,1.11011433e+01,1.07464607e+01,8.93052004e+00,1.10917833e+01,3.05995318e+00,3.07067173e+01
9.32594576e+00,1.11362079e+01,1.07126233e+01,8.95872843e+00,1.10568585e+01,3.06961850e+00,3.06100309e+01
9.35540317e+00,1.11713833e+01,1.06788924e+01,8.98702593e+00,1.10220438e+01,3.07931435e+00,3.05136490e+01
9.38495362e+00,1.12066698e+01,1.06452677e+01,9.01541281e+00,1.09873386e+01,3.08904083e+00,3.04175705e+01
9.41459741e+00,1.12420677e+01,1.06117489e+01,9.04388935e+00,1.09527427e+01,3.09879803e+00,3.03217945e+01
9.44433484e+00,1.12775775e+01,1.05783356e+01,9.07245584e+00,1.09182557e+01,3.10858606e+00,3.02263201e+01
9.47416620e+00,1.13131994e+01,1.05450276e+01,9.10111256e+00,1.08838774e+01,3.11840499e+00,3.01311464e+01
9.50409178e+00,1.13489339e+01,1.05118244e+01,9.12985980e+00,1.08496072e+01,3.12825495e+00,3.00362723e+01
9.53411189e+00,1.13847812e+01,1.04787258e+01,9.15869784e+00,1.08154450e+01,3.13813601e+00,2.99416969e+01
9.56422682e+00,1.14207418e+01,1.04457313e+01,9.18762697e+00,1.07813904e+01,3.14804829e+00,2.98474193e+01
9.59443687e+00,1.14568159e+01,1.04128408e+01,9.21664747e+00,1.07474430e+01,3.15799187e+00,2.97534386e+01
9.62474235e+00,1.14930040e+01,1.03800538e+01,9.24575964e+00,1.07136024e+01,3.16796687e+00,2.96597538e+01
9.65514355e+00,1.15293064e+01,1.03473701e+01,9.27496377e+00,1.06798685e+01,3.17797337e+00,2.95663640e+01
9.68564078e+00,1.15657234e+01,1.03147893e+01,9.30426014e+00,1.06462407e+01,3.18801148e+00,2.94732682e+01
9.71623434e+00,1.16022555e+01,1.02823111e+01,9.33364905e+00,1.06127188e+01,3.19808129e+00,2.93804656e+01
9.74692453e+00,1.16389030e+01,1.02499351e+01,9.36313079e+00,1.05793025e+01,3.20818291e+00,2.92879551e+01
9.77771166e+00,1.16756662e+01,1.02176611e+01,9.39270565e+00,1.05459914e+01,3.21831644e+00,2.91957360e+01
9.80859604e+00,1.17125456e+01,1.01854887e+01,9.42237393e+00,1.05127852e+01,3.22848198e+00,2.91038072e+01
9.83957797e+00,1.17495414e+01,1.01534176e+01,9.45213592e+00,1.04796835e+01,3.23867963e+00,2.90121679e+01
9.87065776e+00,1.17866541e+01,1.01214474e+01,9.48199192e+00,1.04466861e+01,3.24890949e+00,2.89208171e+01
9.90183573e+00,1.18238840e+01,1.00895780e+01,9.51194222e+00,1.04137925e+01,3.25917166e+00,2.88297540e+01
9.93311217e+00,1.18612315e+01,1.00578089e+01,9.54198713e+00,1.03810026e+01,3.26946625e+00,2.87389776e+01
9.96448740e+00,1.18986970e+01,1.00261398e+01,9.57212693e+00,1.03483159e+01,3.27979335e+00,2.86484871e+01
9.99596174e+00,1.19362809e+01,9.99457045e+00,9.60236194e+00,1.03157321e+01,3.29015307e+00,2.85582814e+01
1.00275355e+01,1.19739834e+01,9.96310049e+00,9.63269245e+00,1.02832509e+01,3.30054552e+00,2.84683598e+01
1.00592090e+01,1.20118050e+01,9.93172962e+00,9.66311876e+00,1.02508719e+01,3.31097079e+00,2.83787213e+01
1.00909825e+01,1.20497461e+01,9.90045753e+00,9.69364118e+00,1.02185950e+01,3.32142899e+00,2.82893651e+01
1.01228564e+01,1.20878071e+01,9.86928391e+00,9.72426001e+00,1.01864196e+01,3.33192022e+00,2.82002902e+01
1.01548310e+01,1.21259883e+01,9.83820844e+00,9.75497555e+00,1.01543456e+01,3.34244459e+00,2.81114958e+01
1.01869065e+01,1.21642900e+01,9.80723083e+00,9.78578812e+00,1.01223726e+01,3.35300221e+00,2.80229810e+01
1.02190834e+01,1.22027128e+01,9.77635075e+00,9.81669801e+00,1.00905002e+01,3.36359317e+00,2.79347449e+01
1.02513619e+01,1.22412569e+01,9.74556790e+00,9.84770553e+00,1.00587282e+01,3.37421759e+00,2.78467866e+01
1.02837424e+01,1.22799227e+01,9.71488198e+00,9.87881099e+00,1.00270562e+01,3.38487557e+00,2.77591053e+01
1.03162252e+01,1.23187107e+01,9.68429268e+00,9.91001471e+00,9.99548396e+00,3.39556721e+00,2.76717001e+01
1.03488105e+01,1.23576212e+01,9.65379970e+00,9.94131698e+00,9.96401113e+00,3.40629262e+00,2.75845700e+01
1.03814988e+01,1.23966546e+01,9.62340273e+00,9.97271813e+00,9.93263739e+00,3.41705191e+00,2.74977144e+01
1.04142903e+01,1.24358113e+01,9.59310147e+00,1.00042185e+01,9.90136244e+00,3.42784518e+00,2.74111322e+01
1.04471854e+01,1.24750917e+01,9.56289562e+00,1.00358183e+01,9.87018597e+00,3.43867255e+00,2.73248226e+01
1.04801844e+01,1.25144962e+01,9.53278488e+00,1.00675179e+01,9.83910767e+00,3.44953411e+00,2.72387848e+01
1.05132877e+01,1.25540251e+01,9.50276895e+00,1.00993177e+01,9.80812722e+00,3.46042999e+00,2.71530179e+01
1.05464955e+01,1.25936789e+01,9.47284753e+00,1.01312179e+01,9.77724431e+00,3.47136028e+00,2.70675210e+01
1.05798082e+01,1.26334579e+01,9.44302032e+00,1.01632189e+01,9.74645865e+00,3.48232509e+00,2.69822934e+01
1.06132261e+01,1.26733626e+01,9.41328704e+00,1.01953210e+01,9.71576993e+00,3.49332454e+00,2.68973341e+01
1.06467496e+01,1.27133933e+01,9.38364737e+00,1.02275244e+01,9.68517783e+00,3.50435874e+00,2.68126423e+01
1.06803790e+01,1.27535505e+01,9.35410103e+00,1.02598296e+01,9.65468206e+00,3.51542778e+00,2.67282172e+01
1.07141145e+01,1.27938345e+01,9.32464772e+00,1.02922368e+01,9.62428231e+00,3.52653179e+00,2.66440579e+01
1.07479567e+01,1.28342458e+01,9.29528716e+00,1.03247464e+01,9.59397829e+00,3.53767087e+00,2.65601636e+01
1.07819057e+01,1.28747847e+01,9.26601904e+00,1.03573587e+01,9.56376968e+00,3.54884514e+00,2.64765335e+01
1.08159620e+01,1.29154516e+01,9.23684307e+00,1.03900740e+01,9.53365618e+00,3.56005470e+00,2.63931667e+01
1.08501259e+01,1.29562470e+01,9.20775898e+00,1.04228926e+01,9.50363751e+00,3.57129967e+00,2.63100624e+01
1.08843976e+01,1.29971713e+01,9.17876646e+00,1.04558149e+01,9.47371336e+00,3.58258016e+00,2.62272198e+01
1.09187776e+01,1.30382248e+01,9.14986523e+00,1.04888411e+01,9.44388343e+00,3.59389628e+00,2.61446380e+01
1.09532662e+01,1.30794080e+01,9.12105500e+00,1.05219717e+01,9.41414742e+00,3.60524815e+00,2.60623162e+01
1.09878638e+01,1.31207213e+01,9.09233549e+00,1.05552070e+01,9.38450505e+00,3.61663587e+00,2.59802537e+01
1.10225706e+01,1.31621651e+01,9.06370640e+00,1.05885472e+01,9.35495601e+00,3.62805956e+00,2.58984495e+01
1.10573871e+01,1.32037398e+01,9.03516746e+00,1.06219927e+01,9.32550001e+00,3.63951933e+00,2.58169029e+01
1.10923135e+01,1.32454458e+01,9.00671838e+00,1.06555439e+01,9.29613676e+00,3.65101530e+00,2.57356131e+01
1.11273502e+01,1.32872835e+01,8.97835888e+00,1.06892010e+01,9.26686596e+00,3.66254758e+00,2.56545792e+01
1.11624976e+01,1.33292534e+01,8.95008868e+00,1.07229645e+01,9.23768733e+00,3.67411629e+00,2.55738005e+01
1.11977561e+01,1.33713559e+01,8.92190748e+00,1.07568346e+01,9.20860058e+00,3.68572154e+00,2.54932762e+01
1.12331259e+01,1.34135913e+01,8.89381503e+00,1.07908117e+01,9.17960541e+00,3.69736345e+00,2.54130054e+01
1.12686074e+01,1.34559602e+01,8.86581103e+00,1.08248961e+01,9.15070154e+00,3.70904213e+00,2.53329873e+01
1.13042010e+01,1.34984628e+01,8.83789520e+00,1.08590881e+01,9.12188867e+00,3.72075770e+00,2.52532212e+01
1.13399070e+01,1.35410998e+01,8.81006727e+00,1.08933882e+01,9.09316653e+00,3.73251028e+00,2.51737062e+01
1.13757258e+01,1.35838714e+01,8.78232697e+00,1.09277966e+01,9.06453483e+00,3.74429997e+00,2.50944417e+01
1.14116578e+01,1.36267781e+01,8.75467401e+00,1.09623137e+01,9.03599329e+00,3.75612691e+00,2.50154267e+01
1.14477032e+01,1.36698203e+01,8.72710812e+00,1.09969398e+01,9.00754161e+00,3.76799120e+00,2.49366605e+01
1.14838625e+01,1.37129985e+01,8.69962903e+00,1.10316753e+01,8.97917951e+00,3.77989297e+00,2.48581423e+01
1.15201360e+01,1.37563131e+01,8.67223646e+00,1.10665205e+01,8.95090672e+00,3.79183234e+00,2.47798713e+01
1.15565241e+01,1.37997645e+01,8.64493014e+00,1.11014758e+01,8.92272296e+00,3.80380941e+00,2.47018468e+01
1.15930271e+01,1.38433531e+01,8.61770981e+00,1.11365415e+01,8.89462793e+00,3.81582432e+00,2.46240680e+01
1.16296455e+01,1.38870794e+01,8.59057518e+00,1.11717179e+01,8.86662137e+00,3.82787717e+00,2.45465340e+01
1.16663795e+01,1.39309439e+01,8.56352599e+00,1.12070055e+01,8.83870299e+00,3.83996810e+00,2.44692442e+01
1.17032295e+01,1.39749469e+01,8.53656197e+00,1.12424045e+01,8.81087252e+00,3.85209722e+00,2.43921978e+01
1.17401959e+01,1.40190888e+01,8.50968285e+00,1.12779153e+01,8.78312968e+00,3.86426465e+00,2.43153939e+01
1.17772791e+01,1.40633703e+01,8.48288837e+00,1.13135383e+01,8.75547419e+00,3.87647051e+00,2.42388319e+01
1.18144794e+01,1.41077915e+01,8.45617826e+00,1.13492739e+01,8.72790579e+00,3.88871493e+00,2.41625110e+01
1.18517972e+01,1.41523531e+01,8.42955224e+00,1.13851223e+01,8.70042418e+00,3.90099802e+00,2.40864304e+01
1.18892329e+01,1.41970555e+01,8.40301007e+00,1.14210839e+01,8.67302911e+00,3.91331991e+00,2.40105893e+01
1.19267868e+01,1.42418990e+01,8.37655147e+00,1.14571591e+01,8.64572030e+00,3.92568073e+00,2.39349870e+01
1.19644594e+01,1.42868842e+01,8.35017617e+00,1.14933483e+01,8.61849747e+00,3.93808058e+00,2.38596228e+01
1.20022509e+01,1.43320115e+01,8.32388393e+00,1.15296517e+01,8.59136037e+00,3.95051960e+00,2.37844959e+01
1.20401619e+01,1.43772813e+01,8.29767447e+00,1.15660699e+01,8.56430871e+00,3.96299792e+00,2.37096055e+01
1.20781925e+01,1.44226941e+01,8.27154754e+00,1.16026031e+01,8.53734222e+00,3.97551564e+00,2.36349510e+01
1.21163433e+01,1.44682504e+01,8.24550288e+00,1.16392516e+01,8.51046065e+00,3.98807291e+00,2.35605315e+01
1.21546146e+01,1.45139505e+01,8.21954022e+00,1.16760160e+01,8.48366371e+00,4.00066984e+00,2.34863463e+01
1.21930068e+01,1.45597950e+01,8.19365931e+00,1.17128964e+01,8.45695116e+00,4.01330656e+00,2.34123947e+01
1.22315203e+01,1.46057843e+01,8.16785989e+00,1.17498934e+01,8.43032271e+00,4.02598319e+00,2.33386760e+01
1.22701554e+01,1.46519189e+01,8.14214171e+00,1.17870072e+01,8.40377811e+00,4.03869987e+00,2.32651894e+01
1.23089125e+01,1.46981992e+01,8.11650450e+00,1.18242382e+01,8.37731709e+00,4.05145671e+00,2.31919342e+01
1.23477921e+01,1.47446257e+01,8.09094802e+00,1.18615869e+01,8.35093939e+00,4.06425385e+00,2.31189096e+01
1.23867944e+01,1.47911988e+01,8.06547201e+00,1.18990535e+01,8.32464474e+00,4.07709141e+00,2.30461150e+01
1.24259200e+01,1.48379190e+01,8.04007622e+00,1.19366384e+01,8.29843289e+00,4.08996952e+00,2.29735495e+01
1.24651691e+01,1.48847868e+01,8.01476039e+00,1.19743421e+01,8.27230357e+00,4.10288830e+00,2.29012126e+01
1.25045422e+01,1.49318027e+01,7.98952427e+00,1.20121649e+01,8.24625652e+00,4.11584789e+00,2.28291034e+01
1.25440397e+01,1.49789670e+01,7.96436761e+00,1.20501071e+01,8.22029149e+00,4.12884842e+00,2.27572213e+01
1.25836620e+01,1.50262804e+01,7.93929017e+00,1.20881692e+01,8.19440822e+00,4.14189001e+00,2.26855655e+01
1.26234094e+01,1.50737431e+01,7.91429168e+00,1.21263515e+01,8.16860644e+00,4.15497280e+00,2.26141354e+01
1.26632823e+01,1.51213558e+01,7.88937191e+00,1.21646544e+01,8.14288591e+00,4.16809690e+00,2.25429301e+01
1.27032812e+01,1.51691189e+01,7.86453060e+00,1.22030783e+01,8.11724636e+00,4.18126247e+00,2.24719491e+01
1.27434064e+01,1.52170329e+01,7.83976751e+00,1.22416236e+01,8.09168754e+00,4.19446962e+00,2.24011915e+01
1.27836584e+01,1.52650982e+01,7.81508240e+00,1.22802906e+01,8.06620920e+00,4.20771848e+00,2.23306568e+01
1.28240375e+01,1.53133153e+01,7.79047501e+00,1.23190797e+01,8.04081109e+00,4.22100920e+00,2.22603441e+01
1.28645442e+01,1.53616847e+01,7.76594510e+00,1.23579914e+01,8.01549294e+00,4.23434189e+00,2.21902529e+01
1.29051788e+01,1.54102069e+01,7.74149242e+00,1.23970260e+01,7.99025452e+00,4.24771670e+00,2.21203823e+01
1.29459417e+01,1.54588824e+01,7.71711675e+00,1.24361839e+01,7.96509556e+00,4.26113375e+00,2.20507317e+01
1.29868334e+01,1.55077116e+01,7.69281782e+00,1.24754654e+01,7.94001583e+00,4.27459319e+00,2.19813005e+01
1.30278543e+01,1.55566950e+01,7.66859540e+00,1.25148711e+01,7.91501506e+00,4.28809513e+00,2.19120878e+01
1.30690048e+01,1.56058332e+01,7.64444926e+00,1.25544012e+01,7.89009301e+00,4.30163973e+00,2.18430931e+01
1.31102852e+01,1.56551266e+01,7.62037914e+00,1.25940562e+01,7.86524943e+00,4.31522711e+00,2.17743157e+01
1.31516960e+01,1.57045757e+01,7.59638481e+00,1.26338364e+01,7.84048408e+00,4.32885740e+00,2.17057548e+01
1.31932376e+01,1.57541809e+01,7.57246604e+00,1.26737423e+01,7.81579670e+00,4.34253075e+00,2.16374098e+01
1.32349105e+01,1.58039429e+01,7.54862257e+00,1.27137742e+01,7.79118706e+00,4.35624729e+00,2.15692799e+01
1.32767149e+01,1.58538620e+01,7.52485418e+00,1.27539326e+01,7.76665491e+00,4.37000716e+00,2.15013646e+01
1.33186514e+01,1.59039388e+01,7.50116064e+00,1.27942178e+01,7.74220000e+00,4.38381048e+00,2.14336632e+01
1.33607204e+01,1.59541738e+01,7.47754169e+00,1.28346303e+01,7.71782210e+00,4.39765741e+00,2.13661749e+01
1.34029222e+01,1.60045675e+01,7.45399712e+00,1.28751704e+01,7.69352095e+00,4.41154807e+00,2.12988991e+01
1.34452574e+01,1.60551203e+01,7.43052668e+00,1.29158385e+01,7.66929632e+00,4.42548262e+00,2.12318351e+01
1.34877263e+01,1.61058329e+01,7.40713014e+00,1.29566352e+01,7.64514797e+00,4.43946117e+00,2.11649823e+01
1.35303293e+01,1.61567056e+01,7.38380727e+00,1.29975607e+01,7.62107565e+00,4.45348388e+00,2.10983400e+01
1.35730669e+01,1.62077390e+01,7.36055784e+00,1.30386154e+01,7.59707913e+00,4.46755088e+00,2.10319076e+01
1.36159395e+01,1.62589335e+01,7.33738161e+00,1.30797998e+01,7.57315817e+00,4.48166231e+00,2.09656843e+01
1.36589475e+01,1.63102898e+01,7.31427836e+00,1.31211144e+01,7.54931252e+00,4.49581832e+00,2.08996696e+01
1.37020913e+01,1.63618084e+01,7.29124785e+00,1.31625594e+01,7.52554196e+00,4.51001904e+00,2.08338627e+01
1.37453714e+01,1.64134896e+01,7.26828986e+00,1.32041353e+01,7.50184625e+00,4.52426462e+00,2.07682630e+01
1.37887883e+01,1.64653341e+01,7.24540416e+00,1.32458426e+01,7.47822515e+00,4.53855519e+00,2.07028698e+01
1.38323422e+01,1.65173423e+01,7.22259052e+00,1.32876816e+01,7.45467842e+00,4.55289090e+00,2.06376826e+01
1.38760338e+01,1.65695148e+01,7.19984871e+00,1.33296527e+01,7.43120584e+00,4.56727189e+00,2.05727006e+01
1.39198633e+01,1.66218522e+01,7.17717851e+00,1.33717564e+01,7.40780716e+00,4.58169831e+00,2.05079232e+01
1.39638313e+01,1.66743548e+01,7.15457969e+00,1.34139931e+01,7.38448216e+00,4.59617030e+00,2.04433498e+01
1.40079382e+01,1.67270232e+01,7.13205202e+00,1.34563633e+01,7.36123060e+00,4.61068799e+00,2.03789798e+01
1.40521844e+01,1.67798581e+01,7.10959529e+00,1.34988672e+01,7.33805225e+00,4.62525155e+00,2.03148124e+01
1.40965703e+01,1.68328598e+01,7.08720927e+00,1.35415054e+01,7.31494689e+00,4.63986110e+00,2.02508470e+01
1.41410964e+01,1.68860289e+01,7.06489374e+00,1.35842783e+01,7.29191428e+00,4.65451680e+00,2.01870830e+01
1.41857632e+01,1.69393660e+01,7.04264847e+00,1.36271863e+01,7.26895419e+00,4.66921880e+00,2.01235199e+01
1.42305711e+01,1.69928715e+01,7.02047325e+00,1.36702298e+01,7.24606640e+00,4.68396723e+00,2.00601568e+01
1.42755205e+01,1.70465461e+01,6.99836785e+00,1.37134093e+01,7.22325067e+00,4.69876225e+00,1.99969933e+01
1.43206119e+01,1.71003902e+01,6.97633205e+00,1.37567252e+01,7.20050678e+00,4.71360400e+00,1.99340287e+01
1.43658457e+01,1.71544043e+01,6.95436564e+00,1.38001779e+01,7.17783451e+00,4.72849263e+00,1.98712623e+01
1.44112224e+01,1.72085891e+01,6.93246839e+00,1.38437678e+01,7.15523362e+00,4.74342828e+00,1.98086936e+01
1.44567424e+01,1.72629450e+01,6.91064009e+00,1.38874955e+01,7.13270390e+00,4.75841112e+00,1.97463218e+01
1.45024062e+01,1.73174726e+01,6.88888052e+00,1.39313612e+01,7.11024512e+00,4.77344128e+00,1.96841465e+01
1.45482143e+01,1.73721725e+01,6.86718947e+00,1.39753655e+01,7.08785705e+00,4.78851891e+00,1.96221669e+01
1.45941670e+01,1.74270451e+01,6.84556671e+00,1.40195088e+01,7.06553948e+00,4.80364417e+00,1.95603825e+01
1.46402649e+01,1.74820911e+01,6.82401204e+00,1.40637916e+01,7.04329218e+00,4.81881721e+00,1.94987926e+01
1.46865084e+01,1.75373109e+01,6.80252524e+00,1.41082142e+01,7.02111493e+00,4.83403817e+00,1.94373966e+01
1.47328979e+01,1.75927051e+01,6.78110609e+00,1.41527771e+01,6.99900751e+00,4.84930721e+00,1.93761940e+01
1.47794340e+01,1.76482744e+01,6.75975439e+00,1.41974808e+01,6.97696969e+00,4.86462448e+00,1.93151841e+01
1.48261171e+01,1.77040191e+01,6.73846991e+00,1.42423257e+01,6.95500127e+00,4.87999013e+00,1.92543663e+01
1.48729476e+01,1.77599399e+01,6.71725246e+00,1.42873122e+01,6.93310202e+00,4.89540431e+00,1.91937399e+01
1.49199260e+01,1.78160374e+01,6.69610181e+00,1.43324408e+01,6.91127173e+00,4.91086719e+00,1.91333045e+01
1.49670529e+01,1.78723120e+01,6.67501776e+00,1.43777120e+01,6.88951017e+00,4.92637890e+00,1.90730594e+01
1.50143286e+01,1.79287644e+01,6.65400009e+00,1.44231262e+01,6.86781713e+00,4.94193961e+00,1.90130039e+01
1.50617536e+01,1.79853951e+01,6.63304861e+00,1.44686838e+01,6.84619240e+00,4.95754947e+00,1.89531376e+01
1.51093284e+01,1.80422047e+01,6.61216309e+00,1.45143853e+01,6.82463576e+00,4.97320864e+00,1.88934597e+01
1.51570535e+01,1.80991937e+01,6.59134334e+00,1.45602312e+01,6.80314699e+00,4.98891727e+00,1.88339698e+01
1.52049294e+01,1.81563628e+01,6.57058914e+00,1.46062219e+01,6.78172589e+00,5.00467552e+00,1.87746672e+01
1.52529564e+01,1.82137124e+01,6.54990029e+00,1.46523578e+01,6.76037223e+00,5.02048354e+00,1.87155513e+01
1.53011352e+01,1.82712431e+01,6.52927659e+00,1.46986395e+01,6.73908581e+00,5.03634150e+00,1.86566215e+01
1.53494661e+01,1.83289556e+01,6.50871782e+00,1.47450674e+01,6.71786642e+00,5.05224954e+00,1.85978773e+01
1.53979497e+01,1.83868504e+01,6.48822379e+00,1.47916419e+01,6.69671384e+00,5.06820784e+00,1.85393181e+01
1.54465865e+01,1.84449280e+01,6.46779428e+00,1.48383635e+01,6.67562786e+00,5.08421653e+00,1.84809433e+01
1.54953769e+01,1.85031891e+01,6.44742911e+00,1.48852327e+01,6.65460828e+00,5.10027580e+00,1.84227522e+01
1.55443213e+01,1.85616342e+01,6.42712805e+00,1.49322500e+01,6.63365488e+00,5.11638579e+00,1.83647444e+01
1.55934204e+01,1.86202639e+01,6.40689092e+00,1.49794158e+01,6.61276745e+00,5.13254667e+00,1.83069192e+01
1.56426746e+01,1.86790789e+01,6.38671751e+00,1.50267305e+01,6.59194580e+00,5.14875859e+00,1.82492761e+01
1.56920844e+01,1.87380796e+01,6.36660762e+00,1.50741947e+01,6.57118970e+00,5.16502172e+00,1.81918145e+01
1.57416502e+01,1.87972666e+01,6.34656105e+00,1.51218088e+01,6.55049896e+00,5.18133622e+00,1.81345339e+01
1.57913725e+01,1.88566406e+01,6.32657760e+00,1.51695733e+01,6.52987337e+00,5.19770225e+00,1.80774336e+01
1.58412520e+01,1.89162022e+01,6.30665707e+00,1.52174887e+01,6.50931272e+00,5.21411998e+00,1.80205131e+01
1.58912890e+01,1.89759518e+01,6.28679926e+00,1.52655555e+01,6.48881682e+00,5.23058957e+00,1.79637718e+01
1.59414840e+01,1.90358902e+01,6.26700399e+00,1.53137740e+01,6.46838545e+00,5.24711117e+00,1.79072092e+01
1.59918376e+01,1.90960180e+01,6.24727104e+00,1.53621449e+01,6.44801841e+00,5.26368497e+00,1.78508246e+01
1.60423502e+01,1.91563356e+01,6.22760022e+00,1.54106685e+01,6.42771550e+00,5.28031111e+00,1.77946177e+01
1.60930224e+01,1.92168438e+01,6.20799135e+00,1.54593455e+01,6.40747652e+00,5.29698977e+00,1.77385876e+01
1.61438546e+01,1.92775431e+01,6.18844421e+00,1.55081761e+01,6.38730126e+00,5.31372111e+00,1.76827341e+01
1.61948474e+01,1.93384341e+01,6.16895862e+00,1.55571611e+01,6.36718953e+00,5.33050530e+00,1.76270563e+01
1.62460013e+01,1.93995175e+01,6.14953439e+00,1.56063007e+01,6.34714113e+00,5.34734251e+00,1.75715539e+01
1.62973168e+01,1.94607938e+01,6.13017132e+00,1.56555956e+01,6.32715585e+00,5.36423289e+00,1.75162263e+01
1.63487943e+01,1.95222637e+01,6.11086922e+00,1.57050461e+01,6.30723350e+00,5.38117663e+00,1.74610729e+01
1.64004344e+01,1.95839277e+01,6.09162789e+00,1.57546529e+01,6.28737388e+00,5.39817389e+00,1.74060931e+01
1.64522377e+01,1.96457865e+01,6.07244715e+00,1.58044163e+01,6.26757680e+00,5.41522484e+00,1.73512864e+01
1.65042045e+01,1.97078406e+01,6.05332680e+00,1.58543370e+01,6.24784204e+00,5.43232964e+00,1.72966523e+01
1.65563356e+01,1.97700908e+01,6.03426666e+00,1.59044153e+01,6.22816943e+00,5.44948848e+00,1.72421903e+01
1.66086313e+01,1.98325376e+01,6.01526653e+00,1.59546518e+01,6.20855876e+00,5.46670151e+00,1.71878997e+01
1.66610921e+01,1.98951817e+01,5.99632623e+00,1.60050469e+01,6.18900984e+00,5.48396891e+00,1.71337801e+01
1.67137187e+01,1.99580236e+01,5.97744557e+00,1.60556013e+01,6.16952247e+00,5.50129085e+00,1.70798309e+01
1.67665115e+01,2.00210641e+01,5.95862436e+00,1.61063153e+01,6.15009646e+00,5.51866751e+00,1.70260515e+01
1.68194711e+01,2.00843036e+01,5.93986240e+00,1.61571896e+01,6.13073162e+00,5.53609905e+00,1.69724415e+01
1.68725979e+01,2.01477429e+01,5.92115953e+00,1.62082245e+01,6.11142776e+00,5.55358566e+00,1.69190003e+01
1.69258925e+01,2.02113826e+01,5.90251554e+00,1.62594206e+01,6.09218467e+00,5.57112750e+00,1.68657273e+01
1.69793555e+01,2.02752233e+01,5.88393026e+00,1.63107784e+01,6.07300218e+00,5.58872474e+00,1.68126221e+01
1.70329874e+01,2.03392657e+01,5.86540350e+00,1.63622985e+01,6.05388008e+00,5.60637757e+00,1.67596841e+01
1.70867886e+01,2.04035103e+01,5.84693507e+00,1.64139813e+01,6.03481820e+00,5.62408616e+00,1.67069128e+01
1.71407598e+01,2.04679579e+01,5.82852480e+00,1.64658273e+01,6.01581634e+00,5.64185069e+00,1.66543077e+01
1.71949015e+01,2.05326090e+01,5.81017249e+00,1.65178371e+01,5.99687430e+00,5.65967133e+00,1.66018682e+01
1.72492142e+01,2.05974644e+01,5.79187797e+00,1.65700112e+01,5.97799191e+00,5.67754825e+00,1.65495938e+01
1.73036985e+01,2.06625246e+01,5.77364105e+00,1.66223501e+01,5.95916898e+00,5.69548164e+00,1.64974840e+01
1.73583548e+01,2.07277903e+01,5.75546156e+00,1.66748543e+01,5.94040531e+00,5.71347168e+00,1.64455383e+01
1.74131838e+01,2.07932621e+01,5.73733931e+00,1.67275243e+01,5.92170073e+00,5.73151855e+00,1.63937561e+01
1.74681860e+01,2.08589408e+01,5.71927412e+00,1.67803607e+01,5.90305504e+00,5.74962241e+00,1.63421370e+01
1.75233619e+01,2.09248269e+01,5.70126581e+00,1.68333640e+01,5.88446806e+00,5.76778346e+00,1.62906804e+01
1.75787120e+01,2.09909211e+01,5.68331420e+00,1.68865348e+01,5.86593960e+00,5.78600188e+00,1.62393859e+01
1.76342371e+01,2.10572241e+01,5.66541912e+00,1.69398734e+01,5.84746949e+00,5.80427784e+00,1.61882529e+01
1.76899375e+01,2.11237365e+01,5.64758039e+00,1.69933806e+01,5.82905753e+00,5.82261152e+00,1.61372808e+01
1.77458138e+01,2.11904590e+01,5.62979782e+00,1.70470567e+01,5.81070354e+00,5.84100312e+00,1.60864693e+01
1.78018666e+01,2.12573923e+01,5.61207125e+00,1.71009024e+01,5.79240735e+00,5.85945281e+00,1.60358177e+01
1.78580965e+01,2.13245370e+01,5.59440049e+00,1.71549182e+01,5.77416877e+00,5.87796078e+00,1.59853257e+01
1.79145040e+01,2.13918937e+01,5.57678537e+00,1.72091046e+01,5.75598761e+00,5.89652720e+00,1.59349926e+01
1.79710897e+01,2.14594633e+01,5.55922572e+00,1.72634622e+01,5.73786370e+00,5.91515227e+00,1.58848180e+01
1.80278541e+01,2.15272462e+01,5.54172135e+00,1.73179914e+01,5.71979686e+00,5.93383618e+00,1.58348014e+01
1.80847978e+01,2.15952433e+01,5.52427211e+00,1.73726929e+01,5.70178691e+00,5.95257909e+00,1.57849423e+01
1.81419213e+01,2.16634551e+01,5.50687780e+00,1.74275672e+01,5.68383366e+00,5.97138121e+00,1.57352401e+01
1.81992253e+01,2.17318824e+01,5.48953827e+00,1.74826148e+01,5.66593695e+00,5.99024272e+00,1.56856945e+01
1.82567103e+01,2.18005258e+01,5.47225333e+00,1.75378363e+01,5.64809658e+00,6.00916381e+00,1.56363049e+01
1.83143769e+01,2.18693861e+01,5.45502281e+00,1.75932322e+01,5.63031239e+00,6.02814466e+00,1.55870707e+01
1.83722256e+01,2.19384638e+01,5.43784656e+00,1.76488030e+01,5.61258419e+00,6.04718546e+00,1.55379917e+01
1.84302571e+01,2.20077598e+01,5.42072438e+00,1.77045495e+01,5.59491182e+00,6.06628641e+00,1.54890671e+01
1.84884718e+01,2.20772746e+01,5.40365612e+00,1.77604719e+01,5.57729509e+00,6.08544769e+00,1.54402966e+01
1.85468704e+01,2.21470090e+01,5.38664160e+00,1.78165711e+01,5.55973383e+00,6.10466950e+00,1.53916797e+01
1.86054535e+01,2.22169637e+01,5.36968065e+00,1.78728474e+01,5.54222787e+00,6.12395202e+00,1.53432158e+01
1.86642217e+01,2.22871393e+01,5.35277311e+00,1.79293015e+01,5.52477703e+00,6.14329544e+00,1.52949045e+01
1.87231754e+01,2.23575366e+01,5.33591880e+00,1.79859339e+01,5.50738113e+00,6.16269997e+00,1.52467454e+01
1.87823154e+01,2.24281563e+01,5.31911757e+00,1.80427452e+01,5.49004001e+00,6.18216579e+00,1.51987379e+01
1.88416422e+01,2.24989990e+01,5.30236923e+00,1.80997359e+01,5.47275350e+00,6.20169309e+00,1.51508815e+01
1.89011563e+01,2.25700655e+01,5.28567364e+00,1.81569067e+01,5.45552141e+00,6.22128207e+00,1.51031759e+01
1.89608585e+01,2.26413564e+01,5.26903061e+00,1.82142580e+01,5.43834358e+00,6.24093293e+00,1.50556204e+01
1.90207492e+01,2.27128726e+01,5.25243998e+00,1.82717905e+01,5.42121984e+00,6.26064586e+00,1.50082147e+01
1.90808291e+01,2.27846146e+01,5.23590160e+00,1.83295047e+01,5.40415002e+00,6.28042105e+00,1.49609583e+01
1.91410988e+01,2.28565832e+01,5.21941529e+00,1.83874012e+01,5.38713394e+00,6.30025871e+00,1.49138506e+01
1.92015589e+01,2.29287792e+01,5.20298089e+00,1.84454806e+01,5.37017144e+00,6.32015903e+00,1.48668913e+01
1.92622099e+01,2.30012032e+01,5.18659823e+00,1.85037434e+01,5.35326236e+00,6.34012221e+00,1.48200798e+01
1.93230525e+01,2.30738560e+01,5.17026716e+00,1.85621903e+01,5.33640651e+00,6.36014844e+00,1.47734158e+01
1.93840873e+01,2.31467383e+01,5.15398752e+00,1.86208218e+01,5.31960374e+00,6.38023793e+00,1.47268986e+01
1.94453148e+01,2.32198507e+01,5.13775913e+00,1.86796384e+01,5.30285388e+00,6.40039087e+00,1.46805280e+01
1.95067358e+01,2.32931941e+01,5.12158184e+00,1.87386409e+01,5.28615675e+00,6.42060747e+00,1.46343033e+01
1.95683508e+01,2.33667692e+01,5.10545549e+00,1.87978297e+01,5.26951220e+00,6.44088793e+00,1.45882242e+01
1.96301603e+01,2.34405767e+01,5.08937991e+00,1.88572055e+01,5.25292006e+00,6.46123245e+00,1.45422902e+01
1.96921652e+01,2.35146173e+01,5.07335496e+00,1.89167688e+01,5.23638016e+00,6.48164122e+00,1.44965008e+01
1.97543658e+01,2.35888917e+01,5.05738046e+00,1.89765203e+01,5.21989235e+00,6.50211447e+00,1.44508556e+01
1.98167630e+01,2.36634008e+01,5.04145626e+00,1.90364605e+01,5.20345644e+00,6.52265238e+00,1.44053541e+01
1.98793572e+01,2.37381452e+01,5.02558220e+00,1.90965900e+01,5.18707229e+00,6.54325516e+00,1.43599959e+01
1.99421492e+01,2.38131257e+01,5.00975812e+00,1.91569095e+01,5.17073973e+00,6.56392302e+00,1.43147805e+01
2.00051395e+01,2.38883431e+01,4.99398387e+00,1.92174195e+01,5.15445860e+00,6.58465616e+00,1.42697075e+01
2.00683287e+01,2.39637980e+01,4.97825928e+00,1.92781206e+01,5.13822873e+00,6.60545479e+00,1.42247764e+01
2.01317176e+01,2.40394913e+01,4.96258421e+00,1.93390135e+01,5.12204996e+00,6.62631911e+00,1.41799868e+01
2.01953066e+01,2.41154237e+01,4.94695850e+00,1.94000986e+01,5.10592213e+00,6.64724934e+00,1.41353382e+01
2.02590966e+01,2.41915959e+01,4.93138198e+00,1.94613768e+01,5.08984509e+00,6.66824568e+00,1.40908301e+01
2.03230880e+01,2.42680087e+01,4.91585452e+00,1.95228485e+01,5.07381867e+00,6.68930834e+00,1.40464623e+01
2.03872815e+01,2.43446628e+01,4.90037594e+00,1.95845143e+01,5.05784271e+00,6.71043753e+00,1.40022341e+01
2.04516778e+01,2.44215591e+01,4.88494610e+00,1.96463750e+01,5.04191705e+00,6.73163346e+00,1.39581452e+01
2.05162775e+01,2.44986983e+01,4.86956484e+00,1.97084310e+01,5.02604154e+00,6.75289634e+00,1.39141951e+01
2.05810813e+01,2.45760811e+01,4.85423202e+00,1.97706831e+01,5.01021602e+00,6.77422639e+00,1.38703834e+01
2.06460897e+01,2.46537084e+01,4.83894747e+00,1.98331318e+01,4.99444032e+00,6.79562380e+00,1.38267097e+01
2.07113035e+01,2.47315809e+01,4.82371105e+00,1.98957777e+01,4.97871430e+00,6.81708881e+00,1.37831734e+01
2.07767233e+01,2.48096993e+01,4.80852261e+00,1.99586215e+01,4.96303780e+00,6.83862161e+00,1.37397743e+01
2.08423497e+01,2.48880645e+01,4.79338199e+00,2.00216638e+01,4.94741066e+00,6.86022243e+00,1.36965118e+01
2.09081834e+01,2.49666772e+01,4.77828904e+00,2.00849053e+01,4.93183272e+00,6.88189148e+00,1.36533855e+01
2.09742251e+01,2.50455382e+01,4.76324362e+00,2.01483465e+01,4.91630383e+00,6.90362897e+00,1.36103950e+01
2.10404753e+01,2.51246483e+01,4.74824557e+00,2.02119881e+01,4.90082384e+00,6.92543512e+00,1.35675399e+01
2.11069348e+01,2.52040083e+01,4.73329474e+00,2.02758307e+01,4.88539259e+00,6.94731015e+00,1.35248197e+01
2.11736043e+01,2.52836190e+01,4.71839099e+00,2.03398750e+01,4.87000993e+00,6.96925428e+00,1.34822340e+01
2.12404843e+01,2.53634811e+01,4.70353417e+00,2.04041215e+01,4.85467570e+00,6.99126772e+00,1.34397825e+01
2.13075756e+01,2.54435955e+01,4.68872413e+00,2.04685710e+01,4.83938976e+00,7.01335070e+00,1.33974645e+01
2.13748788e+01,2.55239629e+01,4.67396072e+00,2.05332241e+01,4.82415195e+00,7.03550342e+00,1.33552799e+01
2.14423946e+01,2.56045842e+01,4.65924379e+00,2.05980814e+01,4.80896211e+00,7.05772612e+00,1.33132280e+01
2.15101236e+01,2.56854601e+01,4.64457321e+00,2.06631435e+01,4.79382011e+00,7.08001902e+00,1.32713086e+01
2.15780666e+01,2.57665915e+01,4.62994882e+00,2.07284112e+01,4.77872578e+00,7.10238233e+00,1.32295212e+01
2.16462242e+01,2.58479792e+01,4.61537047e+00,2.07938850e+01,4.76367898e+00,7.12481627e+00,1.31878653e+01
2.17145970e+01,2.59296240e+01,4.60083803e+00,2.08595656e+01,4.74867956e+00,7.14732108e+00,1.31463406e+01
2.17831859e+01,2.60115266e+01,4.58635135e+00,2.09254537e+01,4.73372737e+00,7.16989697e+00,1.31049466e+01
2.18519913e+01,2.60936879e+01,4.57191028e+00,2.09915499e+01,4.71882226e+00,7.19254417e+00,1.30636830e+01
2.19210141e+01,2.61761088e+01,4.55751468e+00,2.10578549e+01,4.70396408e+00,7.21526291e+00,1.30225493e+01
2.19902550e+01,2.62587900e+01,4.54316441e+00,2.11243693e+01,4.68915268e+00,7.23805341e+00,1.29815452e+01
2.20597145e+01,2.63417323e+01,4.52885932e+00,2.11910938e+01,4.67438792e+00,7.26091589e+00,1.29406701e+01
2.21293935e+01,2.64249366e+01,4.51459928e+00,2.12580291e+01,4.65966965e+00,7.28385059e+00,1.28999238e+01
2.21992925e+01,2.65084038e+01,4.50038414e+00,2.13251758e+01,4.64499773e+00,7.30685773e+00,1.28593057e+01
2.22694123e+01,2.65921346e+01,4.48621376e+00,2.13925346e+01,4.63037200e+00,7.32993754e+00,1.28188155e+01
2.23397536e+01,2.66761299e+01,4.47208799e+00,2.14601061e+01,4.61579232e+00,7.35309026e+00,1.27784529e+01
2.24103171e+01,2.67603904e+01,4.45800670e+00,2.15278911e+01,4.60125855e+00,7.37631610e+00,1.27382173e+01
2.24811034e+01,2.68449172e+01,4.44396975e+00,2.15958902e+01,4.58677054e+00,7.39961531e+00,1.26981084e+01
2.25521134e+01,2.69297109e+01,4.42997700e+00,2.16641041e+01,4.57232816e+00,7.42298811e+00,1.26581258e+01
2.26233477e+01,2.70147725e+01,4.41602831e+00,2.17325334e+01,4.55793124e+00,7.44643474e+00,1.26182691e+01
2.26948069e+01,2.71001027e+01,4.40212354e+00,2.18011789e+01,4.54357966e+00,7.46995543e+00,1.25785379e+01
2.27664919e+01,2.71857025e+01,4.38826255e+00,2.18700412e+01,4.52927327e+00,7.49355041e+00,1.25389318e+01
2.28384033e+01,2.72715726e+01,4.37444521e+00,2.19391210e+01,4.51501192e+00,7.51721992e+00,1.24994504e+01
2.29105418e+01,2.73577140e+01,4.36067137e+00,2.20084191e+01,4.50079548e+00,7.54096419e+00,1.24600933e+01
2.29829082e+01,2.74441274e+01,4.34694090e+00,2.20779360e+01,4.48662380e+00,7.56478347e+00,1.24208601e+01
2.30555032e+01,2.75308139e+01,4.33325366e+00,2.21476725e+01,4.47249674e+00,7.58867798e+00,1.23817505e+01
2.31283275e+01,2.76177741e+01,4.31960952e+00,2.22176292e+01,4.45841417e+00,7.61264796e+00,1.23427640e+01
2.32013818e+01,2.77050090e+01,4.30600835e+00,2.22878070e+01,4.44437594e+00,7.63669366e+00,1.23039003e+01
2.32746669e+01,2.77925195e+01,4.29245000e+00,2.23582064e+01,4.43038191e+00,7.66081531e+00,1.22651589e+01
2.33481834e+01,2.78803063e+01,4.27893434e+00,2.24288281e+01,4.41643194e+00,7.68501315e+00,1.22265396e+01
2.34219322e+01,2.79683705e+01,4.26546123e+00,2.24996730e+01,4.40252590e+00,7.70928742e+00,1.21880418e+01
2.34959139e+01,2.80567128e+01,4.25203055e+00,2.25707416e+01,4.38866364e+00,7.73363837e+00,1.21496652e+01
2.35701293e+01,2.81453342e+01,4.23864216e+00,2.26420347e+01,4.37484503e+00,7.75806623e+00,1.21114095e+01
2.36445791e+01,2.82342354e+01,4.22529593e+00,2.27135530e+01,4.36106994e+00,7.78257126e+00,1.20732743e+01
2.37192641e+01,2.83234175e+01,4.21199172e+00,2.27852972e+01,4.34733821e+00,7.80715368e+00,1.20352591e+01
2.37941849e+01,2.84128813e+01,4.19872939e+00,2.28572680e+01,4.33364973e+00,7.83181376e+00,1.19973636e+01
2.38693425e+01,2.85026277e+01,4.18550883e+00,2.29294661e+01,4.32000434e+00,7.85655172e+00,1.19595874e+01
2.39447374e+01,2.85926575e+01,4.17232990e+00,2.30018923e+01,4.30640192e+00,7.88136783e+00,1.19219302e+01
2.40203705e+01,2.86829718e+01,4.15919246e+00,2.30745472e+01,4.29284233e+00,7.90626232e+00,1.18843916e+01
2.40962424e+01,2.87735713e+01,4.14609639e+00,2.31474317e+01,4.27932543e+00,7.93123544e+00,1.18469711e+01
2.41723540e+01,2.88644569e+01,4.13304156e+00,2.32205463e+01,4.26585110e+00,7.95628744e+00,1.18096685e+01
2.42487061e+01,2.89556297e+01,4.12002783e+00,2.32938919e+01,4.25241919e+00,7.98141858e+00,1.17724833e+01
2.43252993e+01,2.90470904e+01,4.10705507e+00,2.33674692e+01,4.23902958e+00,8.00662909e+00,1.17354153e+01
2.44021344e+01,2.91388400e+01,4.09412317e+00,2.34412789e+01,4.22568212e+00,8.03191924e+00,1.16984639e+01
2.44792122e+01,2.92308794e+01,4.08123198e+00,2.35153217e+01,4.21237670e+00,8.05728927e+00,1.16616289e+01
2.45565335e+01,2.93232096e+01,4.06838138e+00,2.35895984e+01,4.19911316e+00,8.08273943e+00,1.16249099e+01
2.46340990e+01,2.94158314e+01,4.05557125e+00,2.36641097e+01,4.18589139e+00,8.10826998e+00,1.15883064e+01
2.47119095e+01,2.95087457e+01,4.04280145e+00,2.37388563e+01,4.17271126e+00,8.13388118e+00,1.15518183e+01
2.47899658e+01,2.96019535e+01,4.03007186e+00,2.38138391e+01,4.15957262e+00,8.15957327e+00,1.15154450e+01
2.48682687e+01,2.96954558e+01,4.01738235e+00,2.38890587e+01,4.14647535e+00,8.18534651e+00,1.14791863e+01
2.49468189e+01,2.97892534e+01,4.00473280e+00,2.39645159e+01,4.13341932e+00,8.21120117e+00,1.14430417e+01
2.50256172e+01,2.98833472e+01,3.99212308e+00,2.40402114e+01,4.12040440e+00,8.23713748e+00,1.14070109e+01
2.51046643e+01,2.99777383e+01,3.97955306e+00,2.41161461e+01,4.10743046e+00,8.26315573e+00,1.13710936e+01
2.51839612e+01,3.00724275e+01,3.96702262e+00,2.41923206e+01,4.09449737e+00,8.28925615e+00,1.13352894e+01
2.52635086e+01,3.01674158e+01,3.95453163e+00,2.42687357e+01,4.08160501e+00,8.31543902e+00,1.12995979e+01
2.53433072e+01,3.02627041e+01,3.94207998e+00,2.43453921e+01,4.06875324e+00,8.34170459e+00,1.12640188e+01
2.54233578e+01,3.03582934e+01,3.92966753e+00,2.44222907e+01,4.05594193e+00,8.36805312e+00,1.12285517e+01
2.55036613e+01,3.04541847e+01,3.91729417e+00,2.44994322e+01,4.04317097e+00,8.39448488e+00,1.11931963e+01
2.55842185e+01,3.05503788e+01,3.90495976e+00,2.45768174e+01,4.03044021e+00,8.42100012e+00,1.11579522e+01
2.56650301e+01,3.06468768e+01,3.89266419e+00,2.46544470e+01,4.01774955e+00,8.44759912e+00,1.11228191e+01
2.57460970e+01,3.07436796e+01,3.88040734e+00,2.47323217e+01,4.00509884e+00,8.47428214e+00,1.10877967e+01
2.58274199e+01,3.08407881e+01,3.86818908e+00,2.48104425e+01,3.99248796e+00,8.50104944e+00,1.10528845e+01
2.59089997e+01,3.09382034e+01,3.85600930e+00,2.48888100e+01,3.97991679e+00,8.52790129e+00,1.10180822e+01
2.59908372e+01,3.10359264e+01,3.84386786e+00,2.49674251e+01,3.96738521e+00,8.55483795e+00,1.09833895e+01
2.60729332e+01,3.11339581e+01,3.83176465e+00,2.50462885e+01,3.95489308e+00,8.58185970e+00,1.09488060e+01
2.61552885e+01,3.12322994e+01,3.81969955e+00,2.51254010e+01,3.94244029e+00,8.60896680e+00,1.09143315e+01
2.62379039e+01,3.13309513e+01,3.80767245e+00,2.52047633e+01,3.93002671e+00,8.63615952e+00,1.08799655e+01
2.63207803e+01,3.14299148e+01,3.79568321e+00,2.52843764e+01,3.91765221e+00,8.66343813e+00,1.08457077e+01
2.64039184e+01,3.15291910e+01,3.78373172e+00,2.53642409e+01,3.90531668e+00,8.69080291e+00,1.08115577e+01
2.64873192e+01,3.16287807e+01,3.77181786e+00,2.54443577e+01,3.89301999e+00,8.71825412e+00,1.07775153e+01
2.65709834e+01,3.17286850e+01,3.75994152e+00,2.55247275e+01,3.88076201e+00,8.74579204e+00,1.07435801e+01
2.66549119e+01,3.18289048e+01,3.74810257e+00,2.56053512e+01,3.86854264e+00,8.77341695e+00,1.07097517e+01
2.67391054e+01,3.19294412e+01,3.73630090e+00,2.56862296e+01,3.85636174e+00,8.80112911e+00,1.06760299e+01
2.68235649e+01,3.20302952e+01,3.72453639e+00,2.57673634e+01,3.84421919e+00,8.82892880e+00,1.06424142e+01
2.69082912e+01,3.21314677e+01,3.71280893e+00,2.58487535e+01,3.83211488e+00,8.85681631e+00,1.06089044e+01
2.69932851e+01,3.22329598e+01,3.70111839e+00,2.59304007e+01,3.82004868e+00,8.88479190e+00,1.05755001e+01
2.70785475e+01,3.23347724e+01,3.68946465e+00,2.60123058e+01,3.80802047e+00,8.91285585e+00,1.05422009e+01
2.71640791e+01,3.24369067e+01,3.67784762e+00,2.60944696e+01,3.79603014e+00,8.94100845e+00,1.05090066e+01
2.72498810e+01,3.25393636e+01,3.66626716e+00,2.61768929e+01,3.78407756e+00,8.96924998e+00,1.04759169e+01
2.73359539e+01,3.26421440e+01,3.65472316e+00,2.62595766e+01,3.77216261e+00,8.99758071e+00,1.04429313e+01
2.74222986e+01,3.27452492e+01,3.64321552e+00,2.63425214e+01,3.76028518e+00,9.02600092e+00,1.04100496e+01
2.75089161e+01,3.28486800e+01,3.63174411e+00,2.64257283e+01,3.74844515e+00,9.05451091e+00,1.03772714e+01
2.75958071e+01,3.29524375e+01,3.62030882e+00,2.65091979e+01,3.73664241e+00,9.08311095e+00,1.03445964e+01
2.76829726e+01,3.30565228e+01,3.60890953e+00,2.65929312e+01,3.72487682e+00,9.11180133e+00,1.03120244e+01
2.77704135e+01,3.31609368e+01,3.59754614e+00,2.66769290e+01,3.71314828e+00,9.14058232e+00,1.02795548e+01
2.78581305e+01,3.32656806e+01,3.58621852e+00,2.67611921e+01,3.70145667e+00,9.16945423e+00,1.02471876e+01
2.79461246e+01,3.33707553e+01,3.57492658e+00,2.68457214e+01,3.68980188e+00,9.19841734e+00,1.02149222e+01
2.80343967e+01,3.34761618e+01,3.56367019e+00,2.69305176e+01,3.67818378e+00,9.22747193e+00,1.01827584e+01
2.81229476e+01,3.35819013e+01,3.55244924e+00,2.70155817e+01,3.66660226e+00,9.25661829e+00,1.01506959e+01
2.82117781e+01,3.36879748e+01,3.54126363e+00,2.71009145e+01,3.65505721e+00,9.28585672e+00,1.01187343e+01
2.83008893e+01,3.37943834e+01,3.53011323e+00,2.71865169e+01,3.64354851e+00,9.31518750e+00,1.00868734e+01
2.83902819e+01,3.39011281e+01,3.51899795e+00,2.72723896e+01,3.63207605e+00,9.34461092e+00,1.00551128e+01
2.84799569e+01,3.40082099e+01,3.50791766e+00,2.73585335e+01,3.62063971e+00,9.37412729e+00,1.00234523e+01
2.85699152e+01,3.41156300e+01,3.49687226e+00,2.74449496e+01,3.60923939e+00,9.40373688e+00,9.99189136e+00
2.86601575e+01,3.42233893e+01,3.48586164e+00,2.75316386e+01,3.59787496e+00,9.43344000e+00,9.96042984e+00
2.87506850e+01,3.43314891e+01,3.47488569e+00,2.76186014e+01,3.58654631e+00,9.46323695e+00,9.92906738e+00
2.88414984e+01,3.44399302e+01,3.46394430e+00,2.77058390e+01,3.57525333e+00,9.49312801e+00,9.89780367e+00
2.89325986e+01,3.45487140e+01,3.45303736e+00,2.77933520e+01,3.56399591e+00,9.52311349e+00,9.86663841e+00
2.90239866e+01,3.46578413e+01,3.44216476e+00,2.78811415e+01,3.55277394e+00,9.55319368e+00,9.83557127e+00
2.91156632e+01,3.47673133e+01,3.43132640e+00,2.79692083e+01,3.54158730e+00,9.58336888e+00,9.80460195e+00
2.92076294e+01,3.48771311e+01,3.42052216e+00,2.80575533e+01,3.53043589e+00,9.61363940e+00,9.77373015e+00
2.92998861e+01,3.49872958e+01,3.40975195e+00,2.81461773e+01,3.51931959e+00,9.64400553e+00,9.74295556e+00
2.93924342e+01,3.50978085e+01,3.39901564e+00,2.82350813e+01,3.50823829e+00,9.67446758e+00,9.71227786e+00
2.94852747e+01,3.52086702e+01,3.38831315e+00,2.83242660e+01,3.49719188e+00,9.70502584e+00,9.68169676e+00
2.95784084e+01,3.53198821e+01,3.37764435e+00,2.84137325e+01,3.48618025e+00,9.73568063e+00,9.65121195e+00
2.96718362e+01,3.54314453e+01,3.36700914e+00,2.85034815e+01,3.47520330e+00,9.76643225e+00,9.62082313e+00
2.97655592e+01,3.55433608e+01,3.35640742e+00,2.85935141e+01,3.46426091e+00,9.79728100e+00,9.59052999e+00
2.98595782e+01,3.56556299e+01,3.34583908e+00,2.86838310e+01,3.45335297e+00,9.82822719e+00,9.56033224e+00
2.99538942e+01,3.57682536e+01,3.33530402e+00,2.87744332e+01,3.44247938e+00,9.85927113e+00,9.53022957e+00
3.00485081e+01,3.58812330e+01,3.32480213e+00,2.88653216e+01,3.43164003e+00,9.89041312e+00,9.50022169e+00
3.01434208e+01,3.59945693e+01,3.31433331e+00,2.89564971e+01,3.42083480e+00,9.92165349e+00,9.47030829e+00
3.02386334e+01,3.61082636e+01,3.30389745e+00,2.90479606e+01,3.41006360e+00,9.95299253e+00,9.44048908e+00
3.03341467e+01,3.62223170e+01,3.29349445e+00,2.91397129e+01,3.39932632e+00,9.98443055e+00,9.41076376e+00
3.04299617e+01,3.63367306e+01,3.28312421e+00,2.92317551e+01,3.38862284e+00,1.00159679e+01,9.38113204e+00
3.05260793e+01,3.64515057e+01,3.27278662e+00,2.93240880e+01,3.37795307e+00,1.00476048e+01,9.35159362e+00
3.06225005e+01,3.65666433e+01,3.26248158e+00,2.94167126e+01,3.36731689e+00,1.00793417e+01,9.32214821e+00
3.07192263e+01,3.66821445e+01,3.25220898e+00,2.95096297e+01,3.35671420e+00,1.01111788e+01,9.29279551e+00
3.08162576e+01,3.67980106e+01,3.24196874e+00,2.96028403e+01,3.34614490e+00,1.01431165e+01,9.26353524e+00
3.09135954e+01,3.69142427e+01,3.23176073e+00,2.96963454e+01,3.33560887e+00,1.01751551e+01,9.23436710e+00
3.10112407e+01,3.70308419e+01,3.22158487e+00,2.97901458e+01,3.32510602e+00,1.02072948e+01,9.20529080e+00
3.11091943e+01,3.71478094e+01,3.21144105e+00,2.98842424e+01,3.31463624e+00,1.02395361e+01,9.17630605e+00
3.12074574e+01,3.72651464e+01,3.20132917e+00,2.99786363e+01,3.30419943e+00,1.02718792e+01,9.14741257e+00
3.13060309e+01,3.73828539e+01,3.19124913e+00,3.00733284e+01,3.29379548e+00,1.03043245e+01,9.11861006e+00
3.14049157e+01,3.75009333e+01,3.18120082e+00,3.01683195e+01,3.28342429e+00,1.03368723e+01,9.08989825e+00
3.15041129e+01,3.76193857e+01,3.17118416e+00,3.02636107e+01,3.27308575e+00,1.03695229e+01,9.06127684e+00
3.16036234e+01,3.77382122e+01,3.16119904e+00,3.03592029e+01,3.26277977e+00,1.04022766e+01,9.03274555e+00
3.17034482e+01,3.78574140e+01,3.15124535e+00,3.04550970e+01,3.25250624e+00,1.04351337e+01,9.00430409e+00
3.18035883e+01,3.79769924e+01,3.14132301e+00,3.05512940e+01,3.24226506e+00,1.04680947e+01,8.97595219e+00
3.19040448e+01,3.80969484e+01,3.13143191e+00,3.06477949e+01,3.23205612e+00,1.05011597e+01,8.94768956e+00
3.20048185e+01,3.82172834e+01,3.12157195e+00,3.07446006e+01,3.22187933e+00,1.05343292e+01,8.91951593e+00
3.21059105e+01,3.83379985e+01,3.11174304e+00,3.08417120e+01,3.21173458e+00,1.05676035e+01,8.89143100e+00
3.22073219e+01,3.84590948e+01,3.10194508e+00,3.09391302e+01,3.20162177e+00,1.06009829e+01,8.86343451e+00
3.23090536e+01,3.85805737e+01,3.09217797e+00,3.10368562e+01,3.19154081e+00,1.06344677e+01,8.83552616e+00
3.24111066e+01,3.87024362e+01,3.08244161e+00,3.11348907e+01,3.18149159e+00,1.06680582e+01,8.80770569e+00
3.25134820e+01,3.88246837e+01,3.07273591e+00,3.12332350e+01,3.17147401e+00,1.07017549e+01,8.77997283e+00
3.26161807e+01,3.89473173e+01,3.06306077e+00,3.13318899e+01,3.16148797e+00,1.07355580e+01,8.75232728e+00
3.27192039e+01,3.90703383e+01,3.05341610e+00,3.14308564e+01,3.15153338e+00,1.07694679e+01,8.72476878e+00
3.28225524e+01,3.91937479e+01,3.04380179e+00,3.15301355e+01,3.14161013e+00,1.08034849e+01,8.69729705e+00
3.29262274e+01,3.93175473e+01,3.03421776e+00,3.16297282e+01,3.13171812e+00,1.08376093e+01,8.66991183e+00
3.30302298e+01,3.94417377e+01,3.02466390e+00,3.17296355e+01,3.12185727e+00,1.08718415e+01,8.64261283e+00
3.31345608e+01,3.95663203e+01,3.01514012e+00,3.18298583e+01,3.11202746e+00,1.09061819e+01,8.61539979e+00
3.32392213e+01,3.96912965e+01,3.00564634e+00,3.19303977e+01,3.10222860e+00,1.09406307e+01,8.58827244e+00
3.33442124e+01,3.98166675e+01,2.99618244e+00,3.20312547e+01,3.09246060e+00,1.09751884e+01,8.56123050e+00
3.34495351e+01,3.99424344e+01,2.98674835e+00,3.21324302e+01,3.08272335e+00,1.10098551e+01,8.53427371e+00
3.35551905e+01,4.00685986e+01,2.97734396e+00,3.22339254e+01,3.07301676e+00,1.10446314e+01,8.50740180e+00
3.36611797e+01,4.01951614e+01,2.96796918e+00,3.23357411e+01,3.06334074e+00,1.10795176e+01,8.48061449e+00
3.37675036e+01,4.03221238e+01,2.95862392e+00,3.24378784e+01,3.05369518e+00,1.11145139e+01,8.45391154e+00
3.38741634e+01,4.04494874e+01,2.94930808e+00,3.25403383e+01,3.04408000e+00,1.11496208e+01,8.42729266e+00
3.39811600e+01,4.05772532e+01,2.94002158e+00,3.26431219e+01,3.03449509e+00,1.11848385e+01,8.40075760e+00
3.40884946e+01,4.07054225e+01,2.93076432e+00,3.27462301e+01,3.02494036e+00,1.12201675e+01,8.37430609e+00
3.41961683e+01,4.08339968e+01,2.92153621e+00,3.28496640e+01,3.01541571e+00,1.12556081e+01,8.34793787e+00
3.43041820e+01,4.09629771e+01,2.91233715e+00,3.29534247e+01,3.00592106e+00,1.12911607e+01,8.32165268e+00
3.44125370e+01,4.10923649e+01,2.90316706e+00,3.30575130e+01,2.99645630e+00,1.13268255e+01,8.29545024e+00
3.45212342e+01,4.12221613e+01,2.89402584e+00,3.31619302e+01,2.98702134e+00,1.13626030e+01,8.26933032e+00
3.46302747e+01,4.13523677e+01,2.88491341e+00,3.32666771e+01,2.97761609e+00,1.13984935e+01,8.24329263e+00
3.47396597e+01,4.14829854e+01,2.87582966e+00,3.33717550e+01,2.96824045e+00,1.14344973e+01,8.21733693e+00
3.48493901e+01,4.16140157e+01,2.86677452e+00,3.34771647e+01,2.95889434e+00,1.14706149e+01,8.19146296e+00
3.49594672e+01,4.17454598e+01,2.85774790e+00,3.35829074e+01,2.94957765e+00,1.15068466e+01,8.16567046e+00
3.50698919e+01,4.18773192e+01,2.84874969e+00,3.36889840e+01,2.94029030e+00,1.15431927e+01,8.13995917e+00
3.51806655e+01,4.20095950e+01,2.83977982e+00,3.37953958e+01,2.93103219e+00,1.15796536e+01,8.11432884e+00
3.52917889e+01,4.21422886e+01,2.83083819e+00,3.39021436e+01,2.92180324e+00,1.16162297e+01,8.08877921e+00
3.54032633e+01,4.22754014e+01,2.82192471e+00,3.40092287e+01,2.91260334e+00,1.16529213e+01,8.06331003e+00
3.55150899e+01,4.24089346e+01,2.81303930e+00,3.41166520e+01,2.90343241e+00,1.16897288e+01,8.03792104e+00
3.56272697e+01,4.25428897e+01,2.80418187e+00,3.42244145e+01,2.89429036e+00,1.17266526e+01,8.01261200e+00
3.57398038e+01,4.26772678e+01,2.79535233e+00,3.43325175e+01,2.88517709e+00,1.17636930e+01,7.98738264e+00
3.58526933e+01,4.28120704e+01,2.78655059e+00,3.44409620e+01,2.87609252e+00,1.18008504e+01,7.96223273e+00
3.59659395e+01,4.29472988e+01,2.77777656e+00,3.45497489e+01,2.86703655e+00,1.18381252e+01,7.93716200e+00
3.60795433e+01,4.30829543e+01,2.76903016e+00,3.46588795e+01,2.85800910e+00,1.18755177e+01,7.91217022e+00
3.61935060e+01,4.32190383e+01,2.76031130e+00,3.47683548e+01,2.84901007e+00,1.19130283e+01,7.88725713e+00
3.63078287e+01,4.33555522e+01,2.75161990e+00,3.48781759e+01,2.84003938e+00,1.19506574e+01,7.86242248e+00
3.64225124e+01,4.34924972e+01,2.74295586e+00,3.49883439e+01,2.83109693e+00,1.19884053e+01,7.83766603e+00
3.65375584e+01,4.36298748e+01,2.73431910e+00,3.50988599e+01,2.82218264e+00,1.20262725e+01,7.81298753e+00
3.66529678e+01,4.37676864e+01,2.72570953e+00,3.52097249e+01,2.81329642e+00,1.20642593e+01,7.78838673e+00
3.67687417e+01,4.39059332e+01,2.71712708e+00,3.53209402e+01,2.80443818e+00,1.21023661e+01,7.76386340e+00
3.68848814e+01,4.40446167e+01,2.70857164e+00,3.54325067e+01,2.79560783e+00,1.21405933e+01,7.73941728e+00
3.70013878e+01,4.41837383e+01,2.70004315e+00,3.55444256e+01,2.78680528e+00,1.21789412e+01,7.71504814e+00
3.71182623e+01,4.43232993e+01,2.69154151e+00,3.56566980e+01,2.77803045e+00,1.22174102e+01,7.69075573e+00
3.72355059e+01,4.44633011e+01,2.68306664e+00,3.57693251e+01,2.76928326e+00,1.22560007e+01,7.66653980e+00
3.73531199e+01,4.46037452e+01,2.67461845e+00,3.58823079e+01,2.76056360e+00,1.22947131e+01,7.64240013e+00
3.74711054e+01,4.47446329e+01,2.66619687e+00,3.59956476e+01,2.75187140e+00,1.23335478e+01,7.61833646e+00
3.75894635e+01,4.48859655e+01,2.65780180e+00,3.61093453e+01,2.74320657e+00,1.23725052e+01,7.59434857e+00
3.77081955e+01,4.50277446e+01,2.64943317e+00,3.62234021e+01,2.73456902e+00,1.24115856e+01,7.57043620e+00
3.78273025e+01,4.51699716e+01,2.64109088e+00,3.63378192e+01,2.72595867e+00,1.24507895e+01,7.54659913e+00
3.79467858e+01,4.53126477e+01,2.63277486e+00,3.64525977e+01,2.71737542e+00,1.24901172e+01,7.52283711e+00
3.80666464e+01,4.54557746e+01,2.62448503e+00,3.65677387e+01,2.70881921e+00,1.25295691e+01,7.49914992e+00
3.81868857e+01,4.55993535e+01,2.61622130e+00,3.66832434e+01,2.70028994e+00,1.25691457e+01,7.47553730e+00
3.83075047e+01,4.57433859e+01,2.60798359e+00,3.67991130e+01,2.69178752e+00,1.26088472e+01,7.45199904e+00
3.84285047e+01,4.58878733e+01,2.59977182e+00,3.69153485e+01,2.68331187e+00,1.26486741e+01,7.42853489e+00
3.85498870e+01,4.60328171e+01,2.59158591e+00,3.70319512e+01,2.67486292e+00,1.26886269e+01,7.40514463e+00
3.86716526e+01,4.61782187e+01,2.58342577e+00,3.71489222e+01,2.66644056e+00,1.27287058e+01,7.38182801e+00
3.87938029e+01,4.63240796e+01,2.57529132e+00,3.72662627e+01,2.65804473e+00,1.27689114e+01,7.35858481e+00
3.89163389e+01,4.64704012e+01,2.56718249e+00,3.73839738e+01,2.64967533e+00,1.28092439e+01,7.33541479e+00
3.90392621e+01,4.66171849e+01,2.55909919e+00,3.75020567e+01,2.64133228e+00,1.28497038e+01,7.31231773e+00
3.91625735e+01,4.67644323e+01,2.55104134e+00,3.76205126e+01,2.63301550e+00,1.28902916e+01,7.28929340e+00
3.92862744e+01,4.69121449e+01,2.54300886e+00,3.77393427e+01,2.62472491e+00,1.29310075e+01,7.26634156e+00
3.94103660e+01,4.70603240e+01,2.53500167e+00,3.78585481e+01,2.61646043e+00,1.29718520e+01,7.24346200e+00
3.95348496e+01,4.72089711e+01,2.52701970e+00,3.79781301e+01,2.60822197e+00,1.30128256e+01,7.22065447e+00
3.96597264e+01,4.73580877e+01,2.51906286e+00,3.80980897e+01,2.60000944e+00,1.30539286e+01,7.19791876e+00
3.97849976e+01,4.75076754e+01,2.51113107e+00,3.82184283e+01,2.59182278e+00,1.30951614e+01,7.17525463e+00
3.99106645e+01,4.76577356e+01,2.50322426e+00,3.83391470e+01,2.58366189e+00,1.31365244e+01,7.15266187e+00
4.00367284e+01,4.78082697e+01,2.49534235e+00,3.84602469e+01,2.57552670e+00,1.31780181e+01,7.13014025e+00
4.01631904e+01,4.79592794e+01,2.48748525e+00,3.85817294e+01,2.56741713e+00,1.32196429e+01,7.10768954e+00
4.02900519e+01,4.81107660e+01,2.47965289e+00,3.87035956e+01,2.55933309e+00,1.32613991e+01,7.08530952e+00
4.04173141e+01,4.82627311e+01,2.47184520e+00,3.88258468e+01,2.55127450e+00,1.33032872e+01,7.06299997e+00
4.05449783e+01,4.84151762e+01,2.46406208e+00,3.89484841e+01,2.54324129e+00,1.33453077e+01,7.04076066e+00
4.06730458e+01,4.85681029e+01,2.45630348e+00,3.90715088e+01,2.53523338e+00,1.33874608e+01,7.01859138e+00
4.08015177e+01,4.87215125e+01,2.44856930e+00,3.91949220e+01,2.52725067e+00,1.34297472e+01,6.99649190e+00
4.09303955e+01,4.88754068e+01,2.44085948e+00,3.93187251e+01,2.51929311e+00,1.34721670e+01,6.97446201e+00
4.10596803e+01,4.90297871e+01,2.43317393e+00,3.94429192e+01,2.51136059e+00,1.35147209e+01,6.95250149e+00
4.11893735e+01,4.91846551e+01,2.42551259e+00,3.95675056e+01,2.50345306e+00,1.35574092e+01,6.93061011e+00
4.13194763e+01,4.93400123e+01,2.41787536e+00,3.96924856e+01,2.49557042e+00,1.36002323e+01,6.90878766e+00
4.14499901e+01,4.94958602e+01,2.41026218e+00,3.98178603e+01,2.48771261e+00,1.36431907e+01,6.88703393e+00
4.15809162e+01,4.96522003e+01,2.40267298e+00,3.99436310e+01,2.47987953e+00,1.36862848e+01,6.86534869e+00
4.17122558e+01,4.98090343e+01,2.39510767e+00,4.00697990e+01,2.47207112e+00,1.37295150e+01,6.84373173e+00
4.18440102e+01,4.99663636e+01,2.38756618e+00,4.01963655e+01,2.46428730e+00,1.37728817e+01,6.82218283e+00
4.19761809e+01,5.01241899e+01,2.38004844e+00,4.03233318e+01,2.45652799e+00,1.38163855e+01,6.80070179e+00
4.21087690e+01,5.02825147e+01,2.37255437e+00,4.04506991e+01,2.44879310e+00,1.38600266e+01,6.77928838e+00
4.22417759e+01,5.04413396e+01,2.36508389e+00,4.05784687e+01,2.44108258e+00,1.39038056e+01,6.75794240e+00
4.23752029e+01,5.06006662e+01,2.35763694e+00,4.07066420e+01,2.43339633e+00,1.39477228e+01,6.73666363e+00
4.25090514e+01,5.07604961e+01,2.35021344e+00,4.08352200e+01,2.42573428e+00,1.39917788e+01,6.71545187e+00
4.26433226e+01,5.09208308e+01,2.34281331e+00,4.09642042e+01,2.41809636e+00,1.40359740e+01,6.69430689e+00
4.27780180e+01,5.10816719e+01,2.33543648e+00,4.10935959e+01,2.41048248e+00,1.40803087e+01,6.67322849e+00
4.29131388e+01,5.12430211e+01,2.32808288e+00,4.12233962e+01,2.40289259e+00,1.41247835e+01,6.65221646e+00
4.30486864e+01,5.14048799e+01,2.32075243e+00,4.13536065e+01,2.39532659e+00,1.41693988e+01,6.63127059e+00
4.31846622e+01,5.15672499e+01,2.31344507e+00,4.14842281e+01,2.38778441e+00,1.42141549e+01,6.61039067e+00
4.33210675e+01,5.17301329e+01,2.30616071e+00,4.16152623e+01,2.38026598e+00,1.42590525e+01,6.58957650e+00
4.34579036e+01,5.18935303e+01,2.29889929e+00,4.17467104e+01,2.37277122e+00,1.43040919e+01,6.56882787e+00
4.35951720e+01,5.20574439e+01,2.29166073e+00,4.18785737e+01,2.36530007e+00,1.43492735e+01,6.54814456e+00
4.37328739e+01,5.22218752e+01,2.28444497e+00,4.20108535e+01,2.35785243e+00,1.43945978e+01,6.52752639e+00
4.38710108e+01,5.23868258e+01,2.27725193e+00,4.21435511e+01,2.35042825e+00,1.44400654e+01,6.50697313e+00
4.40095840e+01,5.25522975e+01,2.27008153e+00,4.22766679e+01,2.34302744e+00,1.44856765e+01,6.48648459e+00
4.41485949e+01,5.27182919e+01,2.26293371e+00,4.24102051e+01,2.33564994e+00,1.45314317e+01,6.46606056e+00
4.42880449e+01,5.28848106e+01,2.25580840e+00,4.25441641e+01,2.32829567e+00,1.45773314e+01,6.44570084e+00
4.44279354e+01,5.30518552e+01,2.24870553e+00,4.26785463e+01,2.32096455e+00,1.46233761e+01,6.42540523e+00
4.45682677e+01,5.32194275e+01,2.24162502e+00,4.28133529e+01,2.31365652e+00,1.46695662e+01,6.40517352e+00
4.47090433e+01,5.33875291e+01,2.23456680e+00,4.29485853e+01,2.30637150e+00,1.47159023e+01,6.38500552e+00
4.48502636e+01,5.35561617e+01,2.22753081e+00,4.30842449e+01,2.29910941e+00,1.47623847e+01,6.36490102e+00
4.49919299e+01,5.37253269e+01,2.22051697e+00,4.32203330e+01,2.29187019e+00,1.48090139e+01,6.34485982e+00
4.51340437e+01,5.38950264e+01,2.21352522e+00,4.33568510e+01,2.28465377e+00,1.48557904e+01,6.32488173e+00
4.52766064e+01,5.40652620e+01,2.20655548e+00,4.34938001e+01,2.27746007e+00,1.49027147e+01,6.30496654e+00
4.54196194e+01,5.42360353e+01,2.19960768e+00,4.36311819e+01,2.27028902e+00,1.49497871e+01,6.28511406e+00
4.55630841e+01,5.44073480e+01,2.19268177e+00,4.37689975e+01,2.26314055e+00,1.49970083e+01,6.26532409e+00
4.57070020e+01,5.45792018e+01,2.18577766e+00,4.39072485e+01,2.25601458e+00,1.50443786e+01,6.24559643e+00
4.58513744e+01,5.47515985e+01,2.17889529e+00,4.40459362e+01,2.24891106e+00,1.50918985e+01,6.22593089e+00
4.59962029e+01,5.49245397e+01,2.17203459e+00,4.41850619e+01,2.24182990e+00,1.51395686e+01,6.20632727e+00
4.61414889e+01,5.50980271e+01,2.16519549e+00,4.43246271e+01,2.23477104e+00,1.51873892e+01,6.18678537e+00
4.62872337e+01,5.52720625e+01,2.15837793e+00,4.44646331e+01,2.22773440e+00,1.52353609e+01,6.16730501e+00
4.64334389e+01,5.54466477e+01,2.15158184e+00,4.46050814e+01,2.22071993e+00,1.52834840e+01,6.14788598e+00
4.65801060e+01,5.56217843e+01,2.14480714e+00,4.47459733e+01,2.21372753e+00,1.53317592e+01,6.12852810e+00
4.67272363e+01,5.57974741e+01,2.13805377e+00,4.48873102e+01,2.20675716e+00,1.53801869e+01,6.10923117e+00
4.68748313e+01,5.59737188e+01,2.13132167e+00,4.50290935e+01,2.19980873e+00,1.54287675e+01,6.08999500e+00
4.70228925e+01,5.61505203e+01,2.12461077e+00,4.51713247e+01,2.19288218e+00,1.54775016e+01,6.07081940e+00
4.71714214e+01,5.63278802e+01,2.11792099e+00,4.53140052e+01,2.18597744e+00,1.55263897e+01,6.05170418e+00
4.73204195e+01,5.65058003e+01,2.11125229e+00,4.54571363e+01,2.17909444e+00,1.55754321e+01,6.03264915e+00
4.74698882e+01,5.66842824e+01,2.10460457e+00,4.56007195e+01,2.17223312e+00,1.56246295e+01,6.01365412e+00
4.76198290e+01,5.68633282e+01,2.09797780e+00,4.57447563e+01,2.16539339e+00,1.56739822e+01,5.99471889e+00
4.77702434e+01,5.70429396e+01,2.09137188e+00,4.58892480e+01,2.15857521e+00,1.57234908e+01,5.97584329e+00
4.79211329e+01,5.72231184e+01,2.08478677e+00,4.60341961e+01,2.15177849e+00,1.57731559e+01,5.95702712e+00
4.80724990e+01,5.74038662e+01,2.07822239e+00,4.61796020e+01,2.14500318e+00,1.58229778e+01,5.93827020e+00
4.82243433e+01,5.75851850e+01,2.07167868e+00,4.63254673e+01,2.13824919e+00,1.58729570e+01,5.91957233e+00
4.83766671e+01,5.77670765e+01,2.06515557e+00,4.64717933e+01,2.13151648e+00,1.59230942e+01,5.90093335e+00
4.85294721e+01,5.79495425e+01,2.05865301e+00,4.66185814e+01,2.12480496e+00,1.59733896e+01,5.88235305e+00
4.86827598e+01,5.81325849e+01,2.05217092e+00,4.67658333e+01,2.11811457e+00,1.60238440e+01,5.86383125e+00
4.88365317e+01,5.83162055e+01,2.04570923e+00,4.69135502e+01,2.11144526e+00,1.60744577e+01,5.84536777e+00
4.89907892e+01,5.85004060e+01,2.03926790e+00,4.70617337e+01,2.10479694e+00,1.61252313e+01,5.82696243e+00
4.91455340e+01,5.86851883e+01,2.03284685e+00,4.72103853e+01,2.09816955e+00,1.61761653e+01,5.80861505e+00
4.93007676e+01,5.88705544e+01,2.02644601e+00,4.73595064e+01,2.09156303e+00,1.62272602e+01,5.79032543e+00
4.94564915e+01,5.90565059e+01,2.02006533e+00,4.75090986e+01,2.08497732e+00,1.62785164e+01,5.77209340e+00
4.96127073e+01,5.92430448e+01,2.01370474e+00,4.76591633e+01,2.07841234e+00,1.63299346e+01,5.75391878e+00
4.97694165e+01,5.94301729e+01,2.00736418e+00,4.78097019e+01,2.07186803e+00,1.63815151e+01,5.73580139e+00
4.99266207e+01,5.96178921e+01,2.00104358e+00,4.79607161e+01,2.06534433e+00,1.64332586e+01,5.71774104e+00
5.00843215e+01,5.98062042e+01,1.99474288e+00,4.81122072e+01,2.05884117e+00,1.64851656e+01,5.69973756e+00
5.02425204e+01,5.99951111e+01,1.98846202e+00,4.82641769e+01,2.05235849e+00,1.65372364e+01,5.68179076e+00
5.04012190e+01,6.01846147e+01,1.98220094e+00,4.84166266e+01,2.04589621e+00,1.65894718e+01,5.66390048e+00
5.05604188e+01,6.03747169e+01,1.97595958e+00,4.85695578e+01,2.03945429e+00,1.66418721e+01,5.64606653e+00
5.07201215e+01,6.05654195e+01,1.96973786e+00,4.87229721e+01,2.03303265e+00,1.66944380e+01,5.62828873e+00
5.08803287e+01,6.07567246e+01,1.96353574e+00,4.88768709e+01,2.02663123e+00,1.67471699e+01,5.61056690e+00
5.10410419e+01,6.09486338e+01,1.95735314e+00,4.90312559e+01,2.02024996e+00,1.68000684e+01,5.59290088e+00
5.12022627e+01,6.11411493e+01,1.95119001e+00,4.91861285e+01,2.01388879e+00,1.68531339e+01,5.57529049e+00
5.13639928e+01,6.13342728e+01,1.94504629e+00,4.93414904e+01,2.00754765e+00,1.69063671e+01,5.55773554e+00
5.15262337e+01,6.15280064e+01,1.93892191e+00,4.94973429e+01,2.00122647e+00,1.69597684e+01,5.54023587e+00
5.16889871e+01,6.17223519e+01,1.93281682e+00,4.96536877e+01,1.99492520e+00,1.70133384e+01,5.52279130e+00
5.18522546e+01,6.19173113e+01,1.92673095e+00,4.98105264e+01,1.98864377e+00,1.70670776e+01,5.50540166e+00
5.20160378e+01,6.21128864e+01,1.92066424e+00,4.99678605e+01,1.98238212e+00,1.71209865e+01,5.48806677e+00
5.21803383e+01,6.23090794e+01,1.91461664e+00,5.01256915e+01,1.97614018e+00,1.71750658e+01,5.47078647e+00
5.23451577e+01,6.25058920e+01,1.90858807e+00,5.02840210e+01,1.96991790e+00,1.72293158e+01,5.45356057e+00
5.25104978e+01,6.27033263e+01,1.90257849e+00,5.04428507e+01,1.96371521e+00,1.72837372e+01,5.43638892e+00
5.26763601e+01,6.29013842e+01,1.89658783e+00,5.06021821e+01,1.95753205e+00,1.73383305e+01,5.41927133e+00
5.28427464e+01,6.31000677e+01,1.89061604e+00,5.07620167e+01,1.95136836e+00,1.73930962e+01,5.40220764e+00
5.30096582e+01,6.32993788e+01,1.88466304e+00,5.09223562e+01,1.94522407e+00,1.74480349e+01,5.38519768e+00
5.31770972e+01,6.34993194e+01,1.87872880e+00,5.10832021e+01,1.93909913e+00,1.75031472e+01,5.36824128e+00
5.33450651e+01,6.36998916e+01,1.87281323e+00,5.12445561e+01,1.93299348e+00,1.75584335e+01,5.35133827e+00
5.35135635e+01,6.39010973e+01,1.86691630e+00,5.14064198e+01,1.92690706e+00,1.76138945e+01,5.33448849e+00
5.36825942e+01,6.41029386e+01,1.86103793e+00,5.15687947e+01,1.92083979e+00,1.76695306e+01,5.31769175e+00
5.38521587e+01,6.43054174e+01,1.85517807e+00,5.17316826e+01,1.91479164e+00,1.77253425e+01,5.30094791e+00
5.40222589e+01,6.45085358e+01,1.84933666e+00,5.18950849e+01,1.90876252e+00,1.77813307e+01,5.28425679e+00
5.41928964e+01,6.47122957e+01,1.84351364e+00,5.20590033e+01,1.90275239e+00,1.78374957e+01,5.26761822e+00
5.43640728e+01,6.49166993e+01,1.83770896e+00,5.22234396e+01,1.89676118e+00,1.78938381e+01,5.25103204e+00
5.45357899e+01,6.51217485e+01,1.83192256e+00,5.23883952e+01,1.89078884e+00,1.79503585e+01,5.23449809e+00
5.47080495e+01,6.53274453e+01,1.82615437e+00,5.25538718e+01,1.88483531e+00,1.80070574e+01,5.21801620e+00
5.48808531e+01,6.55337919e+01,1.82040435e+00,5.27198712e+01,1.87890051e+00,1.80639354e+01,5.20158620e+00
5.50542025e+01,6.57407903e+01,1.81467243e+00,5.28863948e+01,1.87298441e+00,1.81209931e+01,5.18520794e+00
5.52280996e+01,6.59484425e+01,1.80895857e+00,5.30534445e+01,1.86708693e+00,1.81782310e+01,5.16888125e+00
5.54025458e+01,6.61567506e+01,1.80326269e+00,5.32210218e+01,1.86120803e+00,1.82356497e+01,5.15260597e+00
5.55775431e+01,6.63657167e+01,1.79758475e+00,5.33891284e+01,1.85534763e+00,1.82932497e+01,5.13638193e+00
5.57530932e+01,6.65753428e+01,1.79192468e+00,5.35577660e+01,1.84950569e+00,1.83510317e+01,5.12020898e+00
5.59291978e+01,6.67856311e+01,1.78628244e+00,5.37269363e+01,1.84368214e+00,1.84089962e+01,5.10408695e+00
5.61058586e+01,6.69965836e+01,1.78065796e+00,5.38966410e+01,1.83787693e+00,1.84671438e+01,5.08801568e+00
5.62830774e+01,6.72082024e+01,1.77505119e+00,5.40668816e+01,1.83209000e+00,1.85254751e+01,5.07199502e+00
5.64608560e+01,6.74204897e+01,1.76946208e+00,5.42376601e+01,1.82632129e+00,1.85839906e+01,5.05602480e+00
5.66391961e+01,6.76334475e+01,1.76389057e+00,5.44089779e+01,1.82057074e+00,1.86426909e+01,5.04010487e+00
5.68180996e+01,6.78470779e+01,1.75833660e+00,5.45808369e+01,1.81483830e+00,1.87015767e+01,5.02423507e+00
5.69975681e+01,6.80613831e+01,1.75280011e+00,5.47532387e+01,1.80912391e+00,1.87606484e+01,5.00841523e+00
5.71776035e+01,6.82763653e+01,1.74728106e+00,5.49261850e+01,1.80342751e+00,1.88199067e+01,4.99264521e+00
5.73582076e+01,6.84920265e+01,1.74177939e+00,5.50996777e+01,1.79774905e+00,1.88793523e+01,4.97692484e+00
5.75393822e+01,6.87083689e+01,1.73629504e+00,5.52737183e+01,1.79208847e+00,1.89389855e+01,4.96125397e+00
5.77211290e+01,6.89253947e+01,1.73082796e+00,5.54483087e+01,1.78644571e+00,1.89988072e+01,4.94563244e+00
5.79034499e+01,6.91431059e+01,1.72537809e+00,5.56234506e+01,1.78082072e+00,1.90588178e+01,4.93006011e+00
5.80863467e+01,6.93615048e+01,1.71994538e+00,5.57991456e+01,1.77521344e+00,1.91190179e+01,4.91453680e+00
5.82698212e+01,6.95805936e+01,1.71452978e+00,5.59753956e+01,1.76962381e+00,1.91794082e+01,4.89906237e+00
5.84538752e+01,6.98003744e+01,1.70913123e+00,5.61522024e+01,1.76405179e+00,1.92399893e+01,4.88363667e+00
5.86385106e+01,7.00208495e+01,1.70374968e+00,5.63295676e+01,1.75849731e+00,1.93007617e+01,4.86825954e+00
5.88237292e+01,7.02420209e+01,1.69838508e+00,5.65074930e+01,1.75296032e+00,1.93617261e+01,4.85293082e+00
5.90095328e+01,7.04638909e+01,1.69303736e+00,5.66859805e+01,1.74744076e+00,1.94228830e+01,4.83765037e+00
5.91959233e+01,7.06864617e+01,1.68770649e+00,5.68650317e+01,1.74193859e+00,1.94842331e+01,4.82241804e+00
5.93829026e+01,7.09097356e+01,1.68239240e+00,5.70446485e+01,1.73645374e+00,1.95457770e+01,4.80723366e+00
5.95704724e+01,7.11337147e+01,1.67709504e+00,5.72248326e+01,1.73098616e+00,1.96075153e+01,4.79209710e+00
5.97586348e+01,7.13584013e+01,1.67181436e+00,5.74055859e+01,1.72553579e+00,1.96694486e+01,4.77700820e+00
5.99473914e+01,7.15837975e+01,1.66655031e+00,5.75869101e+01,1.72010259e+00,1.97315775e+01,4.76196681e+00
6.01367443e+01,7.18099058e+01,1.66130283e+00,5.77688070e+01,1.71468649e+00,1.97939027e+01,4.74697278e+00
6.03266953e+01,7.20367282e+01,1.65607188e+00,5.79512785e+01,1.70928745e+00,1.98564247e+01,4.73202596e+00
6.05172463e+01,7.22642671e+01,1.65085740e+00,5.81343264e+01,1.70390541e+00,1.99191442e+01,4.71712621e+00
6.07083991e+01,7.24925247e+01,1.64565934e+00,5.83179524e+01,1.69854031e+00,1.99820618e+01,4.70227337e+00
6.09001557e+01,7.27215032e+01,1.64047764e+00,5.85021585e+01,1.69319211e+00,2.00451782e+01,4.68746729e+00
6.10925181e+01,7.29512051e+01,1.63531226e+00,5.86869464e+01,1.68786075e+00,2.01084939e+01,4.67270784e+00
6.12854880e+01,7.31816325e+01,1.63016314e+00,5.88723180e+01,1.68254617e+00,2.01720096e+01,4.65799486e+00
6.14790675e+01,7.34127877e+01,1.62503024e+00,5.90582751e+01,1.67724833e+00,2.02357260e+01,4.64332821e+00
6.16732584e+01,7.36446731e+01,1.61991350e+00,5.92448195e+01,1.67196717e+00,2.02996436e+01,4.62870774e+00
6.18680627e+01,7.38772909e+01,1.61481287e+00,5.94319532e+01,1.66670263e+00,2.03637631e+01,4.61413330e+00
6.20634823e+01,7.41106435e+01,1.60972830e+00,5.96196780e+01,1.66145468e+00,2.04280851e+01,4.59960476e+00
6.22595192e+01,7.43447331e+01,1.60465974e+00,5.98079958e+01,1.65622325e+00,2.04926103e+01,4.58512196e+00
6.24561753e+01,7.45795622e+01,1.59960714e+00,5.99969084e+01,1.65100829e+00,2.05573393e+01,4.57068476e+00
6.26534525e+01,7.48151330e+01,1.59457045e+00,6.01864176e+01,1.64580975e+00,2.06222727e+01,4.55629302e+00
6.28513529e+01,7.50514479e+01,1.58954961e+00,6.03765255e+01,1.64062758e+00,2.06874113e+01,4.54194659e+00
6.30498784e+01,7.52885092e+01,1.58454459e+00,6.05672339e+01,1.63546173e+00,2.07527556e+01,4.52764534e+00
6.32490309e+01,7.55263193e+01,1.57955533e+00,6.07585446e+01,1.63031214e+00,2.08183063e+01,4.51338912e+00
6.34488126e+01,7.57648806e+01,1.57458177e+00,6.09504597e+01,1.62517877e+00,2.08840641e+01,4.49917779e+00
6.36492252e+01,7.60041954e+01,1.56962388e+00,6.11429809e+01,1.62006156e+00,2.09500295e+01,4.48501121e+00
6.38502709e+01,7.62442661e+01,1.56468160e+00,6.13361102e+01,1.61496046e+00,2.10162034e+01,4.47088923e+00
6.40519516e+01,7.64850951e+01,1.55975488e+00,6.15298496e+01,1.60987543e+00,2.10825862e+01,4.45681172e+00
6.42542694e+01,7.67266848e+01,1.55484367e+00,6.17242009e+01,1.60480641e+00,2.11491788e+01,4.44277853e+00
6.44572262e+01,7.69690377e+01,1.54994792e+00,6.19191661e+01,1.59975334e+00,2.12159816e+01,4.42878953e+00
6.46608240e+01,7.72121560e+01,1.54506759e+00,6.21147471e+01,1.59471619e+00,2.12829955e+01,4.41484458e+00
6.48650650e+01,7.74560422e+01,1.54020263e+00,6.23109459e+01,1.58969490e+00,2.13502211e+01,4.40094353e+00
6.50699511e+01,7.77006988e+01,1.53535299e+00,6.25077645e+01,1.58468942e+00,2.14176590e+01,4.38708626e+00
6.52754844e+01,7.79461282e+01,1.53051861e+00,6.27052047e+01,1.57969970e+00,2.14853099e+01,4.37327262e+00
6.54816668e+01,7.81923328e+01,1.52569946e+00,6.29032685e+01,1.57472569e+00,2.15531745e+01,4.35950247e+00
6.56885006e+01,7.84393151e+01,1.52089548e+00,6.31019580e+01,1.56976734e+00,2.16212534e+01,4.34577568e+00
6.58959876e+01,7.86870775e+01,1.51610663e+00,6.33012751e+01,1.56482461e+00,2.16895474e+01,4.33209211e+00
6.61041300e+01,7.89356225e+01,1.51133286e+00,6.35012217e+01,1.55989744e+00,2.17580571e+01,4.31845163e+00
6.63129299e+01,7.91849526e+01,1.50657412e+00,6.37017999e+01,1.55498578e+00,2.18267832e+01,4.30485410e+00
6.65223893e+01,7.94350702e+01,1.50183036e+00,6.39030116e+01,1.55008959e+00,2.18957264e+01,4.29129939e+00
6.67325103e+01,7.96859779e+01,1.49710154e+00,6.41048589e+01,1.54520881e+00,2.19648874e+01,4.27778735e+00
6.69432950e+01,7.99376781e+01,1.49238761e+00,6.43073438e+01,1.54034341e+00,2.20342668e+01,4.26431786e+00
6.71547455e+01,8.01901733e+01,1.48768852e+00,6.45104683e+01,1.53549332e+00,2.21038653e+01,4.25089078e+00
6.73668639e+01,8.04434661e+01,1.48300422e+00,6.47142343e+01,1.53065850e+00,2.21736837e+01,4.23750597e+00
6.75796523e+01,8.06975589e+01,1.47833468e+00,6.49186440e+01,1.52583891e+00,2.22437226e+01,4.22416332e+00
6.77931128e+01,8.09524543e+01,1.47367984e+00,6.51236993e+01,1.52103449e+00,2.23139828e+01,4.21086267e+00
6.80072476e+01,8.12081548e+01,1.46903966e+00,6.53294023e+01,1.51624520e+00,2.23844649e+01,4.19760391e+00
6.82220588e+01,8.14646631e+01,1.46441408e+00,6.55357551e+01,1.51147100e+00,2.24551696e+01,4.18438689e+00
6.84375484e+01,8.17219815e+01,1.45980308e+00,6.57427597e+01,1.50671182e+00,2.25260976e+01,4.17121149e+00
6.86537188e+01,8.19801127e+01,1.45520659e+00,6.59504181e+01,1.50196763e+00,2.25972497e+01,4.15807757e+00
6.88705719e+01,8.22390593e+01,1.45062457e+00,6.61587325e+01,1.49723837e+00,2.26686265e+01,4.14498501e+00
6.90881100e+01,8.24988237e+01,1.44605698e+00,6.63677048e+01,1.49252401e+00,2.27402288e+01,4.13193368e+00
6.93063352e+01,8.27594087e+01,1.44150377e+00,6.65773372e+01,1.48782449e+00,2.28120573e+01,4.11892343e+00
6.95252497e+01,8.30208168e+01,1.43696490e+00,6.67876318e+01,1.48313977e+00,2.28841126e+01,4.10595416e+00
6.97448557e+01,8.32830506e+01,1.43244032e+00,6.69985906e+01,1.47846980e+00,2.29563955e+01,4.09302572e+00
6.99651554e+01,8.35461127e+01,1.42792999e+00,6.72102158e+01,1.47381454e+00,2.30289068e+01,4.08013799e+00
7.01861509e+01,8.38100057e+01,1.42343386e+00,6.74225094e+01,1.46917393e+00,2.31016470e+01,4.06729084e+00
7.04078444e+01,8.40747322e+01,1.41895189e+00,6.76354735e+01,1.46454793e+00,2.31746171e+01,4.05448414e+00
7.06302382e+01,8.43402950e+01,1.41448403e+00,6.78491104e+01,1.45993650e+00,2.32478176e+01,4.04171776e+00
7.08533345e+01,8.46066965e+01,1.41003023e+00,6.80634221e+01,1.45533959e+00,2.33212493e+01,4.02899158e+00
7.10771355e+01,8.48739395e+01,1.40559046e+00,6.82784106e+01,1.45075716e+00,2.33949130e+01,4.01630548e+00
7.13016433e+01,8.51420267e+01,1.40116467e+00,6.84940783e+01,1.44618915e+00,2.34688094e+01,4.00365931e+00
7.15268603e+01,8.54109606e+01,1.39675282e+00,6.87104272e+01,1.44163553e+00,2.35429392e+01,3.99105297e+00
7.17527887e+01,8.56807440e+01,1.39235486e+00,6.89274594e+01,1.43709624e+00,2.36173031e+01,3.97848632e+00
7.19794307e+01,8.59513796e+01,1.38797074e+00,6.91451772e+01,1.43257125e+00,2.36919019e+01,3.96595924e+00
7.22067886e+01,8.62228700e+01,1.38360043e+00,6.93635827e+01,1.42806051e+00,2.37667363e+01,3.95347160e+00
7.24348646e+01,8.64952179e+01,1.37924388e+00,6.95826780e+01,1.42356396e+00,2.38418072e+01,3.94102329e+00
7.26636611e+01,8.67684261e+01,1.37490105e+00,6.98024654e+01,1.41908158e+00,2.39171151e+01,3.92861417e+00
7.28931802e+01,8.70424973e+01,1.37057189e+00,7.00229471e+01,1.41461331e+00,2.39926609e+01,3.91624412e+00
7.31234243e+01,8.73174342e+01,1.36625636e+00,7.02441251e+01,1.41015911e+00,2.40684454e+01,3.90391302e+00
7.33543957e+01,8.75932395e+01,1.36195442e+00,7.04660018e+01,1.40571894e+00,2.41444692e+01,3.89162075e+00
7.35860966e+01,8.78699159e+01,1.35766603e+00,7.06885793e+01,1.40129274e+00,2.42207331e+01,3.87936718e+00
7.38185294e+01,8.81474663e+01,1.35339114e+00,7.09118598e+01,1.39688048e+00,2.42972380e+01,3.86715220e+00
7.40516964e+01,8.84258934e+01,1.34912971e+00,7.11358456e+01,1.39248212e+00,2.43739845e+01,3.85497568e+00
7.42855999e+01,8.87051999e+01,1.34488170e+00,7.13605389e+01,1.38809760e+00,2.44509734e+01,3.84283749e+00
7.45202421e+01,8.89853887e+01,1.34064706e+00,7.15859420e+01,1.38372689e+00,2.45282055e+01,3.83073753e+00
7.47556256e+01,8.92664625e+01,1.33642576e+00,7.18120570e+01,1.37936994e+00,2.46056815e+01,3.81867567e+00
7.49917525e+01,8.95484241e+01,1.33221775e+00,7.20388862e+01,1.37502672e+00,2.46834023e+01,3.80665178e+00
7.52286253e+01,8.98312763e+01,1.32802299e+00,7.22664319e+01,1.37069716e+00,2.47613685e+01,3.79466576e+00
7.54662462e+01,9.01150219e+01,1.32384144e+00,7.24946963e+01,1.36638124e+00,2.48395810e+01,3.78271747e+00
7.57046178e+01,9.03996638e+01,1.31967305e+00,7.27236818e+01,1.36207891e+00,2.49180406e+01,3.77080681e+00
7.59437422e+01,9.06852048e+01,1.31551779e+00,7.29533905e+01,1.35779012e+00,2.49967480e+01,3.75893365e+00
7.61836220e+01,9.09716477e+01,1.31137561e+00,7.31838248e+01,1.35351484e+00,2.50757040e+01,3.74709788e+00
7.64242595e+01,9.12589954e+01,1.30724647e+00,7.34149869e+01,1.34925302e+00,2.51549094e+01,3.73529937e+00
7.66656570e+01,9.15472507e+01,1.30313034e+00,7.36468792e+01,1.34500462e+00,2.52343650e+01,3.72353802e+00
7.69078171e+01,9.18364165e+01,1.29902717e+00,7.38795040e+01,1.34076960e+00,2.53140715e+01,3.71181369e+00
7.71507420e+01,9.21264957e+01,1.29493691e+00,7.41128636e+01,1.33654791e+00,2.53940298e+01,3.70012628e+00
7.73944343e+01,9.24174911e+01,1.29085954e+00,7.43469603e+01,1.33233952e+00,2.54742407e+01,3.68847568e+00
7.76388963e+01,9.27094057e+01,1.28679500e+00,7.45817963e+01,1.32814437e+00,2.55547049e+01,3.67686175e+00
7.78841304e+01,9.30022423e+01,1.28274327e+00,7.48173742e+01,1.32396244e+00,2.56354233e+01,3.66528440e+00
7.81301392e+01,9.32960040e+01,1.27870428e+00,7.50536962e+01,1.31979367e+00,2.57163967e+01,3.65374350e+00
7.83769251e+01,9.35906935e+01,1.27467802e+00,7.52907646e+01,1.31563803e+00,2.57976258e+01,3.64223894e+00
7.86244904e+01,9.38863138e+01,1.27066444e+00,7.55285818e+01,1.31149547e+00,2.58791115e+01,3.63077060e+00
7.88728377e+01,9.41828679e+01,1.26666349e+00,7.57671503e+01,1.30736596e+00,2.59608546e+01,3.61933838e+00
7.91219695e+01,9.44803587e+01,1.26267514e+00,7.60064722e+01,1.30324945e+00,2.60428559e+01,3.60794215e+00
7.93718882e+01,9.47787892e+01,1.25869935e+00,7.62465502e+01,1.29914590e+00,2.61251162e+01,3.59658180e+00
7.96225962e+01,9.50781623e+01,1.25473607e+00,7.64873864e+01,1.29505527e+00,2.62076363e+01,3.58525722e+00
7.98740962e+01,9.53784810e+01,1.25078528e+00,7.67289833e+01,1.29097753e+00,2.62904171e+01,3.57396830e+00
8.01263906e+01,9.56797483e+01,1.24684693e+00,7.69713434e+01,1.28691262e+00,2.63734593e+01,3.56271493e+00
8.03794819e+01,9.59819672e+01,1.24292097e+00,7.72144690e+01,1.28286051e+00,2.64567639e+01,3.55149699e+00
8.06333726e+01,9.62851408e+01,1.23900738e+00,7.74583626e+01,1.27882116e+00,2.65403315e+01,3.54031438e+00
8.08880653e+01,9.65892719e+01,1.23510611e+00,7.77030265e+01,1.27479453e+00,2.66241632e+01,3.52916697e+00
8.11435625e+01,9.68943637e+01,1.23121713e+00,7.79484632e+01,1.27078058e+00,2.67082596e+01,3.51805466e+00
8.13998667e+01,9.72004192e+01,1.22734039e+00,7.81946752e+01,1.26677926e+00,2.67926217e+01,3.50697735e+00
8.16569804e+01,9.75074414e+01,1.22347585e+00,7.84416649e+01,1.26279055e+00,2.68772502e+01,3.49593491e+00
8.19149063e+01,9.78154333e+01,1.21962349e+00,7.86894347e+01,1.25881439e+00,2.69621461e+01,3.48492724e+00
8.21736469e+01,9.81243982e+01,1.21578325e+00,7.89379872e+01,1.25485076e+00,2.70473101e+01,3.47395423e+00
8.24332048e+01,9.84343389e+01,1.21195511e+00,7.91873247e+01,1.25089960e+00,2.71327431e+01,3.46301577e+00
8.26935825e+01,9.87452586e+01,1.20813902e+00,7.94374499e+01,1.24696089e+00,2.72184460e+01,3.45211176e+00
8.29547827e+01,9.90571604e+01,1.20433495e+00,7.96883650e+01,1.24303458e+00,2.73044195e+01,3.44124207e+00
8.32168079e+01,9.93700474e+01,1.20054285e+00,7.99400728e+01,1.23912063e+00,2.73906647e+01,3.43040662e+00
8.34796607e+01,9.96839227e+01,1.19676270e+00,8.01925755e+01,1.23521900e+00,2.74771822e+01,3.41960528e+00
8.37433438e+01,9.99987894e+01,1.19299444e+00,8.04458759e+01,1.23132966e+00,2.75639730e+01,3.40883795e+00
8.40078598e+01,1.00314651e+02,1.18923805e+00,8.06999763e+01,1.22745257e+00,2.76510380e+01,3.39810452e+00
8.42732113e+01,1.00631510e+02,1.18549349e+00,8.09548794e+01,1.22358768e+00,2.77383780e+01,3.38740489e+00
8.45394010e+01,1.00949369e+02,1.18176072e+00,8.12105876e+01,1.21973496e+00,2.78259938e+01,3.37673895e+00
8.48064314e+01,1.01268233e+02,1.17803971e+00,8.14671035e+01,1.21589438e+00,2.79138864e+01,3.36610660e+00
8.50743053e+01,1.01588104e+02,1.17433041e+00,8.17244296e+01,1.21206588e+00,2.80020566e+01,3.35550772e+00
8.53430254e+01,1.01908986e+02,1.17063279e+00,8.19825686e+01,1.20824945e+00,2.80905054e+01,3.34494222e+00
8.56125942e+01,1.02230881e+02,1.16694681e+00,8.22415229e+01,1.20444502e+00,2.81792335e+01,3.33440998e+00
8.58830145e+01,1.02553792e+02,1.16327244e+00,8.25012952e+01,1.20065258e+00,2.82682418e+01,3.32391090e+00
8.61542889e+01,1.02877724e+02,1.15960964e+00,8.27618879e+01,1.19687208e+00,2.83575313e+01,3.31344489e+00
8.64264203e+01,1.03202679e+02,1.15595837e+00,8.30233039e+01,1.19310348e+00,2.84471029e+01,3.30301183e+00
8.66994112e+01,1.03528660e+02,1.15231860e+00,8.32855455e+01,1.18934675e+00,2.85369574e+01,3.29261162e+00
8.69732643e+01,1.03855671e+02,1.14869028e+00,8.35486155e+01,1.18560185e+00,2.86270956e+01,3.28224415e+00
8.72479825e+01,1.04183715e+02,1.14507340e+00,8.38125164e+01,1.18186874e+00,2.87175186e+01,3.27190933e+00
8.75235684e+01,1.04512795e+02,1.14146790e+00,8.40772508e+01,1.17814738e+00,2.88082273e+01,3.26160706e+00
8.78000248e+01,1.04842914e+02,1.13787375e+00,8.43428215e+01,1.17443774e+00,2.88992224e+01,3.25133722e+00
8.80773545e+01,1.05174076e+02,1.13429092e+00,8.46092311e+01,1.17073979e+00,2.89905049e+01,3.24109971e+00
8.83555601e+01,1.05506284e+02,1.13071938e+00,8.48764821e+01,1.16705347e+00,2.90820758e+01,3.23089445e+00
8.86346445e+01,1.05839542e+02,1.12715907e+00,8.51445773e+01,1.16337876e+00,2.91739360e+01,3.22072131e+00
8.89146104e+01,1.06173852e+02,1.12360998e+00,8.54135193e+01,1.15971563e+00,2.92660862e+01,3.21058021e+00
8.91954606e+01,1.06509218e+02,1.12007207e+00,8.56833108e+01,1.15606402e+00,2.93585276e+01,3.20047104e+00
8.94771979e+01,1.06845644e+02,1.11654529e+00,8.59539544e+01,1.15242392e+00,2.94512609e+01,3.19039370e+00
8.97598251e+01,1.07183132e+02,1.11302962e+00,8.62254530e+01,1.14879528e+00,2.95442872e+01,3.18034809e+00
9.00433451e+01,1.07521686e+02,1.10952501e+00,8.64978091e+01,1.14517806e+00,2.96376073e+01,3.17033411e+00
9.03277606e+01,1.07861309e+02,1.10603145e+00,8.67710254e+01,1.14157223e+00,2.97312221e+01,3.16035166e+00
9.06130744e+01,1.08202005e+02,1.10254888e+00,8.70451048e+01,1.13797776e+00,2.98251327e+01,3.15040065e+00
9.08992895e+01,1.08543778e+02,1.09907728e+00,8.73200499e+01,1.13439460e+00,2.99193399e+01,3.14048096e+00
9.11864086e+01,1.08886630e+02,1.09561661e+00,8.75958635e+01,1.13082272e+00,3.00138446e+01,3.13059251e+00
9.14744347e+01,1.09230565e+02,1.09216683e+00,8.78725482e+01,1.12726210e+00,3.01086479e+01,3.12073520e+00
9.17633705e+01,1.09575586e+02,1.08872792e+00,8.81501069e+01,1.12371268e+00,3.02037506e+01,3.11090893e+00
9.20532189e+01,1.09921697e+02,1.08529984e+00,8.84285424e+01,1.12017444e+00,3.02991537e+01,3.10111359e+00
9.23439829e+01,1.10268901e+02,1.08188255e+00,8.87078573e+01,1.11664734e+00,3.03948581e+01,3.09134910e+00
9.26356653e+01,1.10617202e+02,1.07847602e+00,8.89880544e+01,1.11313135e+00,3.04908649e+01,3.08161535e+00
9.29282690e+01,1.10966603e+02,1.07508022e+00,8.92691366e+01,1.10962643e+00,3.05871749e+01,3.07191225e+00
9.32217970e+01,1.11317108e+02,1.07169511e+00,8.95511066e+01,1.10613254e+00,3.06837891e+01,3.06223971e+00
9.35162521e+01,1.11668720e+02,1.06832066e+00,8.98339673e+01,1.10264965e+00,3.07807085e+01,3.05259762e+00
9.38116373e+01,1.12021442e+02,1.06495683e+00,9.01177215e+01,1.09917774e+00,3.08779340e+01,3.04298589e+00
9.41079555e+01,1.12375279e+02,1.06160359e+00,9.04023719e+01,1.09571675e+00,3.09754666e+01,3.03340442e+00
9.44052097e+01,1.12730233e+02,1.05826092e+00,9.06879214e+01,1.09226666e+00,3.10733073e+01,3.02385312e+00
9.47034028e+01,1.13086309e+02,1.05492876e+00,9.09743729e+01,1.08882743e+00,3.11714570e+01,3.01433190e+00
9.50025378e+01,1.13443509e+02,1.05160711e+00,9.12617292e+01,1.08539904e+00,3.12699168e+01,3.00484066e+00
9.53026177e+01,1.13801837e+02,1.04829590e+00,9.15499931e+01,1.08198144e+00,3.13686875e+01,2.99537930e+00
9.56036454e+01,1.14161298e+02,1.04499513e+00,9.18391676e+01,1.07857460e+00,3.14677702e+01,2.98594774e+00
9.59056239e+01,1.14521893e+02,1.04170475e+00,9.21292555e+01,1.07517848e+00,3.15671659e+01,2.97654587e+00
9.62085563e+01,1.14883628e+02,1.03842473e+00,9.24202596e+01,1.07179306e+00,3.16668756e+01,2.96717360e+00
9.65124455e+01,1.15246505e+02,1.03515503e+00,9.27121830e+01,1.06841830e+00,3.17669002e+01,2.95783085e+00
9.68172947e+01,1.15610529e+02,1.03189564e+00,9.30050284e+01,1.06505417e+00,3.18672407e+01,2.94851751e+00
9.71231067e+01,1.15975702e+02,1.02864650e+00,9.32987988e+01,1.06170063e+00,3.19678982e+01,2.93923349e+00
9.74298847e+01,1.16342029e+02,1.02540760e+00,9.35934972e+01,1.05835764e+00,3.20688737e+01,2.92997872e+00
9.77376317e+01,1.16709513e+02,1.02217889e+00,9.38891263e+01,1.05502519e+00,3.21701680e+01,2.92075308e+00
9.80463507e+01,1.17078157e+02,1.01896035e+00,9.41856893e+01,1.05170322e+00,3.22717824e+01,2.91155649e+00
9.83560449e+01,1.17447966e+02,1.01575194e+00,9.44831890e+01,1.04839172e+00,3.23737177e+01,2.90238885e+00
9.86667173e+01,1.17818943e+02,1.01255364e+00,9.47816284e+01,1.04509064e+00,3.24759749e+01,2.89325008e+00
9.89783711e+01,1.18191092e+02,1.00936541e+00,9.50810105e+01,1.04179996e+00,3.25785552e+01,2.88414009e+00
9.92910092e+01,1.18564417e+02,1.00618721e+00,9.53813382e+01,1.03851964e+00,3.26814595e+01,2.87505879e+00
9.96046348e+01,1.18938920e+02,1.00301903e+00,9.56826146e+01,1.03524965e+00,3.27846888e+01,2.86600607e+00
9.99192511e+01,1.19314607e+02,9.99860814e-01,9.59848426e+01,1.03198995e+00,3.28882442e+01,2.85698186e+00
1.00234861e+02,1.19691480e+02,9.96712547e-01,9.62880252e+01,1.02874052e+00,3.29921267e+01,2.84798607e+00
1.00551468e+02,1.20069544e+02,9.93574193e-01,9.65921654e+01,1.02550132e+00,3.30963373e+01,2.83901860e+00
1.00869075e+02,1.20448801e+02,9.90445721e-01,9.68972664e+01,1.02227232e+00,3.32008771e+01,2.83007937e+00
1.01187685e+02,1.20829257e+02,9.87327099e-01,9.72033310e+01,1.01905348e+00,3.33057471e+01,2.82116828e+00
1.01507302e+02,1.21210915e+02,9.84218297e-01,9.75103624e+01,1.01584478e+00,3.34109483e+01,2.81228526e+00
1.01827928e+02,1.21593778e+02,9.81119284e-01,9.78183636e+01,1.01264619e+00,3.35164818e+01,2.80343020e+00
1.02149567e+02,1.21977850e+02,9.78030029e-01,9.81273377e+01,1.00945766e+00,3.36223487e+01,2.79460302e+00
1.02472222e+02,1.22363135e+02,9.74950500e-01,9.84372877e+01,1.00627918e+00,3.37285499e+01,2.78580364e+00
1.02795896e+02,1.22749638e+02,9.71880669e-01,9.87482167e+01,1.00311070e+00,3.38350866e+01,2.77703197e+00
1.03120592e+02,1.23137361e+02,9.68820503e-01,9.90601278e+01,9.99952203e-01,3.39419599e+01,2.76828791e+00
1.03446314e+02,1.23526309e+02,9.65769973e-01,9.93730242e+01,9.96803648e-01,3.40491707e+01,2.75957139e+00
1.03773065e+02,1.23916485e+02,9.62729048e-01,9.96869089e+01,9.93665007e-01,3.41567201e+01,2.75088231e+00
1.04100848e+02,1.24307894e+02,9.59697698e-01,1.00001785e+02,9.90536249e-01,3.42646093e+01,2.74222060e+00
1.04429666e+02,1.24700540e+02,9.56675892e-01,1.00317656e+02,9.87417342e-01,3.43728392e+01,2.73358615e+00
1.04759523e+02,1.25094425e+02,9.53663602e-01,1.00634524e+02,9.84308256e-01,3.44814110e+01,2.72497889e+00
1.05090421e+02,1.25489555e+02,9.50660796e-01,1.00952394e+02,9.81208959e-01,3.45903258e+01,2.71639874e+00
1.05422365e+02,1.25885932e+02,9.47667446e-01,1.01271267e+02,9.78119422e-01,3.46995845e+01,2.70784560e+00
1.05755358e+02,1.26283562e+02,9.44683520e-01,1.01591148e+02,9.75039612e-01,3.48091884e+01,2.69931939e+00
1.06089402e+02,1.26682448e+02,9.41708990e-01,1.01912038e+02,9.71969499e-01,3.49191385e+01,2.69082003e+00
1.06424502e+02,1.27082593e+02,9.38743826e-01,1.02233943e+02,9.68909054e-01,3.50294358e+01,2.68234743e+00
1.06760659e+02,1.27484003e+02,9.35787999e-01,1.02556864e+02,9.65858245e-01,3.51400816e+01,2.67390151e+00
1.07097879e+02,1.27886680e+02,9.32841478e-01,1.02880806e+02,9.62817042e-01,3.52510769e+01,2.66548218e+00
1.07436164e+02,1.28290630e+02,9.29904235e-01,1.03205770e+02,9.59785415e-01,3.53624227e+01,2.65708936e+00
1.07775517e+02,1.28695855e+02,9.26976241e-01,1.03531761e+02,9.56763334e-01,3.54741202e+01,2.64872297e+00
1.08115942e+02,1.29102360e+02,9.24057466e-01,1.03858782e+02,9.53750768e-01,3.55861706e+01,2.64038293e+00
1.08457443e+02,1.29510150e+02,9.21147881e-01,1.04186836e+02,9.50747688e-01,3.56985749e+01,2.63206914e+00
1.08800022e+02,1.29919227e+02,9.18247458e-01,1.04515925e+02,9.47754064e-01,3.58113342e+01,2.62378153e+00
1.09143683e+02,1.30329597e+02,9.15356168e-01,1.04846055e+02,9.44769865e-01,3.59244497e+01,2.61552001e+00
1.09488430e+02,1.30741262e+02,9.12473981e-01,1.05177227e+02,9.41795064e-01,3.60379225e+01,2.60728451e+00
1.09834266e+02,1.31154228e+02,9.09600869e-01,1.05509445e+02,9.38829628e-01,3.61517538e+01,2.59907494e+00
1.10181194e+02,1.31568499e+02,9.06736804e-01,1.05842712e+02,9.35873531e-01,3.62659445e+01,2.59089122e+00
1.10529218e+02,1.31984078e+02,9.03881757e-01,1.06177033e+02,9.32926741e-01,3.63804960e+01,2.58273327e+00
1.10878341e+02,1.32400969e+02,9.01035700e-01,1.06512409e+02,9.29989229e-01,3.64954093e+01,2.57460100e+00
1.11228567e+02,1.32819178e+02,8.98198604e-01,1.06848844e+02,9.27060967e-01,3.66106855e+01,2.56649434e+00
1.11579899e+02,1.33238707e+02,8.95370441e-01,1.07186343e+02,9.24141926e-01,3.67263259e+01,2.55841321e+00
1.11932341e+02,1.33659562e+02,8.92551184e-01,1.07524907e+02,9.21232075e-01,3.68423315e+01,2.55035752e+00
1.12285897e+02,1.34081746e+02,8.89740803e-01,1.07864540e+02,9.18331387e-01,3.69587036e+01,2.54232719e+00
1.12640568e+02,1.34505263e+02,8.86939272e-01,1.08205247e+02,9.15439832e-01,3.70754432e+01,2.53432216e+00
1.12996361e+02,1.34930118e+02,8.84146561e-01,1.08547029e+02,9.12557382e-01,3.71925516e+01,2.52634232e+00
1.13353277e+02,1.35356315e+02,8.81362644e-01,1.08889892e+02,9.09684008e-01,3.73100299e+01,2.51838761e+00
1.13711320e+02,1.35783859e+02,8.78587493e-01,1.09233837e+02,9.06819681e-01,3.74278793e+01,2.51045795e+00
1.14070495e+02,1.36212752e+02,8.75821080e-01,1.09578868e+02,9.03964373e-01,3.75461009e+01,2.50255326e+00
1.14430803e+02,1.36643001e+02,8.73063378e-01,1.09924990e+02,9.01118056e-01,3.76646959e+01,2.49467346e+00
1.14792250e+02,1.37074609e+02,8.70314359e-01,1.10272204e+02,8.98280700e-01,3.77836655e+01,2.48681847e+00
1.15154839e+02,1.37507579e+02,8.67573995e-01,1.10620516e+02,8.95452279e-01,3.79030109e+01,2.47898821e+00
1.15518573e+02,1.37941918e+02,8.64842260e-01,1.10969927e+02,8.92632764e-01,3.80227333e+01,2.47118261e+00
1.15883456e+02,1.38377628e+02,8.62119127e-01,1.11320443e+02,8.89822126e-01,3.81428339e+01,2.46340158e+00
1.16249491e+02,1.38814715e+02,8.59404568e-01,1.11672065e+02,8.87020339e-01,3.82633138e+01,2.45564506e+00
1.16616683e+02,1.39253182e+02,8.56698556e-01,1.12024798e+02,8.84227373e-01,3.83841742e+01,2.44791295e+00
1.16985034e+02,1.39693034e+02,8.54001065e-01,1.12378645e+02,8.81443202e-01,3.85054164e+01,2.44020520e+00
1.17354549e+02,1.40134276e+02,8.51312067e-01,1.12733610e+02,8.78667797e-01,3.86270416e+01,2.43252171e+00
1.17725231e+02,1.40576911e+02,8.48631537e-01,1.13089696e+02,8.75901131e-01,3.87490509e+01,2.42486242e+00
1.18097084e+02,1.41020944e+02,8.45959446e-01,1.13446907e+02,8.73143177e-01,3.88714457e+01,2.41722724e+00
1.18470111e+02,1.41466380e+02,8.43295769e-01,1.13805246e+02,8.70393906e-01,3.89942270e+01,2.40961610e+00
1.18844317e+02,1.41913223e+02,8.40640479e-01,1.14164718e+02,8.67653292e-01,3.91173961e+01,2.40202893e+00
1.19219705e+02,1.42361478e+02,8.37993550e-01,1.14525324e+02,8.64921308e-01,3.92409543e+01,2.39446565e+00
1.19596278e+02,1.42811148e+02,8.35354955e-01,1.14887070e+02,8.62197926e-01,3.93649028e+01,2.38692618e+00
1.19974041e+02,1.43262238e+02,8.32724669e-01,1.15249958e+02,8.59483118e-01,3.94892428e+01,2.37941046e+00
1.20352997e+02,1.43714754e+02,8.30102664e-01,1.15613992e+02,8.56776859e-01,3.96139755e+01,2.37191840e+00
1.20733150e+02,1.44168698e+02,8.27488916e-01,1.15979176e+02,8.54079122e-01,3.97391023e+01,2.36444992e+00
1.21114504e+02,1.44624077e+02,8.24883397e-01,1.16345514e+02,8.51389878e-01,3.98646242e+01,2.35700497e+00
1.21497063e+02,1.45080894e+02,8.22286082e-01,1.16713009e+02,8.48709102e-01,3.99905426e+01,2.34958345e+00
1.21880830e+02,1.45539154e+02,8.19696946e-01,1.17081665e+02,8.46036768e-01,4.01168588e+01,2.34218531e+00
1.22265809e+02,1.45998861e+02,8.17115962e-01,1.17451485e+02,8.43372847e-01,4.02435740e+01,2.33481046e+00
1.22652004e+02,1.46460021e+02,8.14543104e-01,1.17822473e+02,8.40717315e-01,4.03706894e+01,2.32745883e+00
1.23039418e+02,1.46922637e+02,8.11978348e-01,1.18194633e+02,8.38070144e-01,4.04982063e+01,2.32013034e+00
1.23428057e+02,1.47386714e+02,8.09421668e-01,1.18567969e+02,8.35431308e-01,4.06261260e+01,2.31282494e+00
1.23817923e+02,1.47852257e+02,8.06873038e-01,1.18942483e+02,8.32800781e-01,4.07544497e+01,2.30554253e+00
1.24209021e+02,1.48319271e+02,8.04332432e-01,1.19318181e+02,8.30178537e-01,4.08831788e+01,2.29828306e+00
1.24601354e+02,1.48787760e+02,8.01799826e-01,1.19695066e+02,8.27564549e-01,4.10123145e+01,2.29104644e+00
1.24994926e+02,1.49257728e+02,7.99275195e-01,1.20073141e+02,8.24958792e-01,4.11418581e+01,2.28383261e+00
1.25389741e+02,1.49729181e+02,7.96758513e-01,1.20452410e+02,8.22361240e-01,4.12718108e+01,2.27664150e+00
1.25785804e+02,1.50202124e+02,7.94249755e-01,1.20832877e+02,8.19771867e-01,4.14021741e+01,2.26947303e+00
1.26183117e+02,1.50676560e+02,7.91748897e-01,1.21214546e+02,8.17190647e-01,4.15329491e+01,2.26232712e+00
1.26581685e+02,1.51152494e+02,7.89255913e-01,1.21597420e+02,8.14617555e-01,4.16641372e+01,2.25520372e+00
1.26981513e+02,1.51629932e+02,7.86770779e-01,1.21981504e+02,8.12052564e-01,4.17957396e+01,2.24810275e+00
1.27382603e+02,1.52108878e+02,7.84293470e-01,1.22366801e+02,8.09495650e-01,4.19277578e+01,2.24102414e+00
1.27784960e+02,1.52589337e+02,7.81823961e-01,1.22753315e+02,8.06946787e-01,4.20601929e+01,2.23396781e+00
1.28188588e+02,1.53071314e+02,7.79362227e-01,1.23141050e+02,8.04405949e-01,4.21930464e+01,2.22693371e+00
1.28593491e+02,1.53554813e+02,7.76908245e-01,1.23530009e+02,8.01873112e-01,4.23263195e+01,2.21992175e+00
1.28999673e+02,1.54039839e+02,7.74461990e-01,1.23920198e+02,7.99348250e-01,4.24600136e+01,2.21293187e+00
1.29407138e+02,1.54526397e+02,7.72023438e-01,1.24311618e+02,7.96831338e-01,4.25941299e+01,2.20596400e+00
1.29815890e+02,1.55014492e+02,7.69592564e-01,1.24704275e+02,7.94322351e-01,4.27286699e+01,2.19901807e+00
1.30225933e+02,1.55504128e+02,7.67169343e-01,1.25098173e+02,7.91821264e-01,4.28636349e+01,2.19209401e+00
1.30637272e+02,1.55995312e+02,7.64753753e-01,1.25493314e+02,7.89328052e-01,4.29990261e+01,2.18519175e+00
1.31049909e+02,1.56488046e+02,7.62345769e-01,1.25889704e+02,7.86842691e-01,4.31348451e+01,2.17831123e+00
1.31463850e+02,1.56982337e+02,7.59945367e-01,1.26287345e+02,7.84365155e-01,4.32710930e+01,2.17145237e+00
1.31879098e+02,1.57478190e+02,7.57552523e-01,1.26686243e+02,7.81895420e-01,4.34077713e+01,2.16461510e+00
1.32295658e+02,1.57975608e+02,7.55167213e-01,1.27086400e+02,7.79433462e-01,4.35448813e+01,2.15779937e+00
1.32713534e+02,1.58474598e+02,7.52789414e-01,1.27487822e+02,7.76979256e-01,4.36824243e+01,2.15100509e+00
1.33132730e+02,1.58975164e+02,7.50419102e-01,1.27890512e+02,7.74532777e-01,4.38204019e+01,2.14423221e+00
1.33553250e+02,1.59477311e+02,7.48056254e-01,1.28294473e+02,7.72094002e-01,4.39588152e+01,2.13748066e+00
1.33975098e+02,1.59981044e+02,7.45700845e-01,1.28699710e+02,7.69662905e-01,4.40976658e+01,2.13075036e+00
1.34398278e+02,1.60486369e+02,7.43352853e-01,1.29106228e+02,7.67239463e-01,4.42369549e+01,2.12404126e+00
1.34822796e+02,1.60993289e+02,7.41012254e-01,1.29514029e+02,7.64823653e-01,4.43766840e+01,2.11735328e+00
1.35248654e+02,1.61501811e+02,7.38679025e-01,1.29923119e+02,7.62415448e-01,4.45168544e+01,2.11068636e+00
1.35675857e+02,1.62011938e+02,7.36353142e-01,1.30333501e+02,7.60014827e-01,4.46574677e+01,2.10404043e+00
1.36104410e+02,1.62523678e+02,7.34034583e-01,1.30745179e+02,7.57621764e-01,4.47985250e+01,2.09741542e+00
1.36534316e+02,1.63037033e+02,7.31723325e-01,1.31158157e+02,7.55236236e-01,4.49400279e+01,2.09081128e+00
1.36965580e+02,1.63552010e+02,7.29419344e-01,1.31572440e+02,7.52858220e-01,4.50819778e+01,2.08422793e+00
1.37398207e+02,1.64068614e+02,7.27122617e-01,1.31988031e+02,7.50487692e-01,4.52243760e+01,2.07766531e+00
1.37832200e+02,1.64586849e+02,7.24833122e-01,1.32404936e+02,7.48124627e-01,4.53672240e+01,2.07112336e+00
1.38267564e+02,1.65106722e+02,7.22550837e-01,1.32823157e+02,7.45769003e-01,4.55105232e+01,2.06460200e+00
1.38704303e+02,1.65628236e+02,7.20275737e-01,1.33242699e+02,7.43420796e-01,4.56542751e+01,2.05810118e+00
1.39142421e+02,1.66151398e+02,7.18007801e-01,1.33663566e+02,7.41079983e-01,4.57984810e+01,2.05162082e+00
1.39581923e+02,1.66676212e+02,7.15747006e-01,1.34085762e+02,7.38746541e-01,4.59431424e+01,2.04516087e+00
1.40022814e+02,1.67202684e+02,7.13493330e-01,1.34509292e+02,7.36420446e-01,4.60882608e+01,2.03872126e+00
1.40465097e+02,1.67730819e+02,7.11246749e-01,1.34934160e+02,7.34101675e-01,4.62338375e+01,2.03230193e+00
1.40908777e+02,1.68260622e+02,7.09007243e-01,1.35360370e+02,7.31790205e-01,4.63798741e+01,2.02590281e+00
1.41353859e+02,1.68792099e+02,7.06774788e-01,1.35787926e+02,7.29486013e-01,4.65263719e+01,2.01952384e+00
1.41800347e+02,1.69325254e+02,7.04549363e-01,1.36216833e+02,7.27189077e-01,4.66733325e+01,2.01316496e+00
1.42248244e+02,1.69860094e+02,7.02330944e-01,1.36647094e+02,7.24899373e-01,4.68207572e+01,2.00682609e+00
1.42697557e+02,1.70396622e+02,7.00119511e-01,1.37078715e+02,7.22616878e-01,4.69686476e+01,2.00050719e+00
1.43148289e+02,1.70934846e+02,6.97915041e-01,1.37511699e+02,7.20341571e-01,4.71170052e+01,1.99420818e+00
1.43600444e+02,1.71474769e+02,6.95717513e-01,1.37946050e+02,7.18073428e-01,4.72658314e+01,1.98792901e+00
1.44054028e+02,1.72016398e+02,6.93526903e-01,1.38381774e+02,7.15812426e-01,4.74151276e+01,1.98166961e+00
1.44509044e+02,1.72559738e+02,6.91343191e-01,1.38818873e+02,7.13558544e-01,4.75648955e+01,1.97542991e+00
1.44965498e+02,1.73104794e+02,6.89166355e-01,1.39257354e+02,7.11311758e-01,4.77151364e+01,1.96920987e+00
1.45423393e+02,1.73651572e+02,6.86996374e-01,1.39697219e+02,7.09072047e-01,4.78658518e+01,1.96300940e+00
1.45882735e+02,1.74200076e+02,6.84833225e-01,1.40138474e+02,7.06839388e-01,4.80170434e+01,1.95682847e+00
1.46343528e+02,1.74750314e+02,6.82676887e-01,1.40581122e+02,7.04613759e-01,4.81687124e+01,1.95066699e+00
1.46805776e+02,1.75302289e+02,6.80527338e-01,1.41025169e+02,7.02395138e-01,4.83208606e+01,1.94452491e+00
1.47269484e+02,1.75856008e+02,6.78384558e-01,1.41470618e+02,7.00183503e-01,4.84734893e+01,1.93840218e+00
1.47734657e+02,1.76411475e+02,6.76248525e-01,1.41917475e+02,6.97978831e-01,4.86266001e+01,1.93229872e+00
1.48201299e+02,1.76968698e+02,6.74119218e-01,1.42365742e+02,6.95781102e-01,4.87801946e+01,1.92621448e+00
1.48669415e+02,1.77527680e+02,6.71996615e-01,1.42815426e+02,6.93590292e-01,4.89342742e+01,1.92014940e+00
1.49139010e+02,1.78088428e+02,6.69880696e-01,1.43266530e+02,6.91406381e-01,4.90888405e+01,1.91410342e+00
1.49610088e+02,1.78650947e+02,6.67771439e-01,1.43719059e+02,6.89229346e-01,4.92438950e+01,1.90807647e+00
1.50082654e+02,1.79215243e+02,6.65668824e-01,1.44173017e+02,6.87059166e-01,4.93994393e+01,1.90206850e+00
1.50556713e+02,1.79781321e+02,6.63572829e-01,1.44628410e+02,6.84895819e-01,4.95554749e+01,1.89607944e+00
1.51032269e+02,1.80349188e+02,6.61483434e-01,1.45085240e+02,6.82739284e-01,4.97120033e+01,1.89010925e+00
1.51509327e+02,1.80918848e+02,6.59400617e-01,1.45543514e+02,6.80589539e-01,4.98690262e+01,1.88415785e+00
1.51987892e+02,1.81490307e+02,6.57324359e-01,1.46003235e+02,6.78446563e-01,5.00265450e+01,1.87822519e+00
1.52467969e+02,1.82063572e+02,6.55254638e-01,1.46464408e+02,6.76310335e-01,5.01845614e+01,1.87231122e+00
1.52949562e+02,1.82638647e+02,6.53191435e-01,1.46927038e+02,6.74180833e-01,5.03430769e+01,1.86641586e+00
1.53432676e+02,1.83215539e+02,6.51134727e-01,1.47391129e+02,6.72058036e-01,5.05020931e+01,1.86053907e+00
1.53917316e+02,1.83794253e+02,6.49084496e-01,1.47856687e+02,6.69941924e-01,5.06616116e+01,1.85468078e+00
1.54403488e+02,1.84374795e+02,6.47040720e-01,1.48323714e+02,6.67832474e-01,5.08216340e+01,1.84884094e+00
1.54891194e+02,1.84957170e+02,6.45003380e-01,1.48792217e+02,6.65729667e-01,5.09821618e+01,1.84301948e+00
1.55380441e+02,1.85541386e+02,6.42972454e-01,1.49262200e+02,6.63633480e-01,5.11431966e+01,1.83721636e+00
1.55871234e+02,1.86127446e+02,6.40947923e-01,1.49733667e+02,6.61543894e-01,5.13047401e+01,1.83143150e+00
1.56363577e+02,1.86715358e+02,6.38929767e-01,1.50206623e+02,6.59460887e-01,5.14667939e+01,1.82566486e+00
1.56857475e+02,1.87305126e+02,6.36917966e-01,1.50681074e+02,6.57384439e-01,5.16293595e+01,1.81991638e+00
1.57352933e+02,1.87896758e+02,6.34912499e-01,1.51157022e+02,6.55314529e-01,5.17924386e+01,1.81418600e+00
1.57849956e+02,1.88490258e+02,6.32913347e-01,1.51634475e+02,6.53251137e-01,5.19560329e+01,1.80847367e+00
1.58348549e+02,1.89085633e+02,6.30920489e-01,1.52113435e+02,6.51194242e-01,5.21201438e+01,1.80277932e+00
1.58848716e+02,1.89682888e+02,6.28933906e-01,1.52593908e+02,6.49143823e-01,5.22847732e+01,1.79710290e+00
1.59350464e+02,1.90282030e+02,6.26953579e-01,1.53075899e+02,6.47099860e-01,5.24499225e+01,1.79144435e+00
1.59853797e+02,1.90883065e+02,6.24979487e-01,1.53559413e+02,6.45062334e-01,5.26155935e+01,1.78580362e+00
1.60358719e+02,1.91485998e+02,6.23011611e-01,1.54044453e+02,6.43031223e-01,5.27817878e+01,1.78018065e+00
1.60865236e+02,1.92090835e+02,6.21049931e-01,1.54531026e+02,6.41006507e-01,5.29485071e+01,1.77457538e+00
1.61373353e+02,1.92697583e+02,6.19094428e-01,1.55019135e+02,6.38988166e-01,5.31157529e+01,1.76898777e+00
1.61883075e+02,1.93306248e+02,6.17145082e-01,1.55508787e+02,6.36976181e-01,5.32835270e+01,1.76341775e+00
1.62394408e+02,1.93916835e+02,6.15201874e-01,1.55999985e+02,6.34970531e-01,5.34518311e+01,1.75786527e+00
1.62907355e+02,1.94529350e+02,6.13264784e-01,1.56492734e+02,6.32971195e-01,5.36206668e+01,1.75233027e+00
1.63421922e+02,1.95143801e+02,6.11333794e-01,1.56987040e+02,6.30978156e-01,5.37900357e+01,1.74681269e+00
1.63938115e+02,1.95760192e+02,6.09408884e-01,1.57482907e+02,6.28991392e-01,5.39599397e+01,1.74131250e+00
1.64455938e+02,1.96378530e+02,6.07490035e-01,1.57980341e+02,6.27010883e-01,5.41303803e+01,1.73582962e+00
1.64975397e+02,1.96998821e+02,6.05577228e-01,1.58479346e+02,6.25036611e-01,5.43013593e+01,1.73036400e+00
1.65496497e+02,1.97621072e+02,6.03670444e-01,1.58979927e+02,6.23068554e-01,5.44728783e+01,1.72491559e+00
1.66019243e+02,1.98245287e+02,6.01769664e-01,1.59482089e+02,6.21106695e-01,5.46449391e+01,1.71948434e+00
1.66543639e+02,1.98871475e+02,5.99874868e-01,1.59985837e+02,6.19151013e-01,5.48175434e+01,1.71407019e+00
1.67069693e+02,1.99499641e+02,5.97986039e-01,1.60491176e+02,6.17201489e-01,5.49906929e+01,1.70867309e+00
1.67597407e+02,2.00129790e+02,5.96103158e-01,1.60998112e+02,6.15258104e-01,5.51643893e+01,1.70329298e+00
1.68126789e+02,2.00761931e+02,5.94226204e-01,1.61506649e+02,6.13320837e-01,5.53386343e+01,1.69792982e+00
1.68657843e+02,2.01396067e+02,5.92355161e-01,1.62016792e+02,6.11389671e-01,5.55134298e+01,1.69258354e+00
1.69190574e+02,2.02032207e+02,5.90490009e-01,1.62528546e+02,6.09464585e-01,5.56887773e+01,1.68725409e+00
1.69724988e+02,2.02670357e+02,5.88630730e-01,1.63041917e+02,6.07545561e-01,5.58646787e+01,1.68194142e+00
1.70261090e+02,2.03310521e+02,5.86777306e-01,1.63556910e+02,6.05632579e-01,5.60411357e+01,1.67664549e+00
1.70798886e+02,2.03952708e+02,5.84929717e-01,1.64073529e+02,6.03725620e-01,5.62181501e+01,1.67136622e+00
1.71338380e+02,2.04596924e+02,5.83087946e-01,1.64591780e+02,6.01824666e-01,5.63957236e+01,1.66610358e+00
1.71879578e+02,2.05243174e+02,5.81251974e-01,1.65111668e+02,5.99929698e-01,5.65738580e+01,1.66085752e+00
1.72422485e+02,2.05891466e+02,5.79421782e-01,1.65633198e+02,5.98040696e-01,5.67525551e+01,1.65562796e+00
1.72967108e+02,2.06541805e+02,5.77597354e-01,1.66156376e+02,5.96157642e-01,5.69318166e+01,1.65041488e+00
1.73513450e+02,2.07194198e+02,5.75778670e-01,1.66681206e+02,5.94280517e-01,5.71116443e+01,1.64521821e+00
1.74061519e+02,2.07848652e+02,5.73965713e-01,1.67207693e+02,5.92409303e-01,5.72920401e+01,1.64003790e+00
1.74611318e+02,2.08505174e+02,5.72158464e-01,1.67735844e+02,5.90543981e-01,5.74730056e+01,1.63487391e+00
1.75162855e+02,2.09163769e+02,5.70356906e-01,1.68265663e+02,5.88684532e-01,5.76545428e+01,1.62972617e+00
1.75716133e+02,2.09824444e+02,5.68561020e-01,1.68797155e+02,5.86830938e-01,5.78366534e+01,1.62459464e+00
1.76271159e+02,2.10487206e+02,5.66770789e-01,1.69330327e+02,5.84983180e-01,5.80193392e+01,1.61947927e+00
1.76827938e+02,2.11152062e+02,5.64986195e-01,1.69865182e+02,5.83141241e-01,5.82026020e+01,1.61438001e+00
1.77386476e+02,2.11819018e+02,5.63207220e-01,1.70401727e+02,5.81305101e-01,5.83864437e+01,1.60929680e+00
1.77946778e+02,2.12488080e+02,5.61433846e-01,1.70939967e+02,5.79474742e-01,5.85708661e+01,1.60422960e+00
1.78508849e+02,2.13159256e+02,5.59666056e-01,1.71479906e+02,5.77650147e-01,5.87558710e+01,1.59917836e+00
1.79072697e+02,2.13832551e+02,5.57903833e-01,1.72021551e+02,5.75831297e-01,5.89414603e+01,1.59414301e+00
1.79638325e+02,2.14507974e+02,5.56147158e-01,1.72564907e+02,5.74018174e-01,5.91276358e+01,1.58912353e+00
1.80205739e+02,2.15185530e+02,5.54396015e-01,1.73109980e+02,5.72210760e-01,5.93143994e+01,1.58411985e+00
1.80774946e+02,2.15865225e+02,5.52650385e-01,1.73656774e+02,5.70409037e-01,5.95017529e+01,1.57913192e+00
1.81345951e+02,2.16547068e+02,5.50910252e-01,1.74205295e+02,5.68612987e-01,5.96896981e+01,1.57415970e+00
1.81918760e+02,2.17231065e+02,5.49175598e-01,1.74755549e+02,5.66822592e-01,5.98782370e+01,1.56920313e+00
1.82493378e+02,2.17917222e+02,5.47446406e-01,1.75307540e+02,5.65037835e-01,6.00673715e+01,1.56426218e+00
1.83069811e+02,2.18605546e+02,5.45722659e-01,1.75861276e+02,5.63258697e-01,6.02571034e+01,1.55933678e+00
1.83648064e+02,2.19296045e+02,5.44004339e-01,1.76416760e+02,5.61485162e-01,6.04474345e+01,1.55442688e+00
1.84228144e+02,2.19988725e+02,5.42291429e-01,1.76973999e+02,5.59717210e-01,6.06383669e+01,1.54953245e+00
1.84810057e+02,2.20683592e+02,5.40583914e-01,1.77532998e+02,5.57954826e-01,6.08299023e+01,1.54465343e+00
1.85393807e+02,2.21380655e+02,5.38881774e-01,1.78093763e+02,5.56197991e-01,6.10220427e+01,1.53978977e+00
1.85979402e+02,2.22079919e+02,5.37184994e-01,1.78656299e+02,5.54446687e-01,6.12147900e+01,1.53494143e+00
1.86566846e+02,2.22781392e+02,5.35493557e-01,1.79220612e+02,5.52700898e-01,6.14081462e+01,1.53010835e+00
1.87156145e+02,2.23485081e+02,5.33807446e-01,1.79786707e+02,5.50960606e-01,6.16021131e+01,1.52529049e+00
1.87747306e+02,2.24190992e+02,5.32126643e-01,1.80354591e+02,5.49225793e-01,6.17966927e+01,1.52048780e+00
1.88340334e+02,2.24899133e+02,5.30451133e-01,1.80924268e+02,5.47496443e-01,6.19918868e+01,1.51570023e+00
1.88935236e+02,2.25609511e+02,5.28780899e-01,1.81495744e+02,5.45772538e-01,6.21876976e+01,1.51092774e+00
1.89532016e+02,2.26322133e+02,5.27115924e-01,1.82069026e+02,5.44054061e-01,6.23841268e+01,1.50617027e+00
1.90130682e+02,2.27037005e+02,5.25456191e-01,1.82644119e+02,5.42340995e-01,6.25811765e+01,1.50142779e+00
1.90731238e+02,2.27754136e+02,5.23801685e-01,1.83221028e+02,5.40633323e-01,6.27788486e+01,1.49670023e+00
1.91333691e+02,2.28473532e+02,5.22152387e-01,1.83799759e+02,5.38931028e-01,6.29771450e+01,1.49198756e+00
1.91938048e+02,2.29195200e+02,5.20508283e-01,1.84380318e+02,5.37234093e-01,6.31760679e+01,1.48728974e+00
1.92544313e+02,2.29919147e+02,5.18869356e-01,1.84962711e+02,5.35542502e-01,6.33756190e+01,1.48260670e+00
1.93152493e+02,2.30645382e+02,5.17235590e-01,1.85546944e+02,5.33856236e-01,6.35758005e+01,1.47793841e+00
1.93762595e+02,2.31373910e+02,5.15606967e-01,1.86133022e+02,5.32175280e-01,6.37766142e+01,1.47328481e+00
1.94374623e+02,2.32104739e+02,5.13983473e-01,1.86720951e+02,5.30499617e-01,6.39780623e+01,1.46864588e+00
1.94988585e+02,2.32837877e+02,5.12365090e-01,1.87310737e+02,5.28829230e-01,6.41801466e+01,1.46402154e+00
1.95604485e+02,2.33573331e+02,5.10751804e-01,1.87902387e+02,5.27164103e-01,6.43828693e+01,1.45941177e+00
1.96222332e+02,2.34311107e+02,5.09143597e-01,1.88495905e+02,5.25504218e-01,6.45862323e+01,1.45481651e+00
1.96842130e+02,2.35051214e+02,5.07540454e-01,1.89091297e+02,5.23849561e-01,6.47902377e+01,1.45023572e+00
1.97463885e+02,2.35793659e+02,5.05942358e-01,1.89688571e+02,5.22200113e-01,6.49948874e+01,1.44566936e+00
1.98087605e+02,2.36538449e+02,5.04349295e-01,1.90287731e+02,5.20555858e-01,6.52001836e+01,1.44111737e+00
1.98713294e+02,2.37285591e+02,5.02761248e-01,1.90888783e+02,5.18916781e-01,6.54061282e+01,1.43657972e+00
1.99340960e+02,2.38035094e+02,5.01178201e-01,1.91491734e+02,5.17282865e-01,6.56127233e+01,1.43205635e+00
1.99970609e+02,2.38786963e+02,4.99600138e-01,1.92096590e+02,5.15654094e-01,6.58199710e+01,1.42754723e+00
2.00602246e+02,2.39541208e+02,4.98027045e-01,1.92703356e+02,5.14030451e-01,6.60278733e+01,1.42305230e+00
2.01235878e+02,2.40297835e+02,4.96458904e-01,1.93312039e+02,5.12411921e-01,6.62364323e+01,1.41857153e+00
2.01871512e+02,2.41056852e+02,4.94895702e-01,1.93922644e+02,5.10798487e-01,6.64456501e+01,1.41410487e+00
2.02509154e+02,2.41818267e+02,4.93337421e-01,1.94535178e+02,5.09190133e-01,6.66555287e+01,1.40965227e+00
2.03148810e+02,2.42582086e+02,4.91784047e-01,1.95149646e+02,5.07586843e-01,6.68660703e+01,1.40521369e+00
2.03790486e+02,2.43348318e+02,4.90235564e-01,1.95766056e+02,5.05988602e-01,6.70772768e+01,1.40078909e+00
2.04434189e+02,2.44116971e+02,4.88691957e-01,1.96384413e+02,5.04395393e-01,6.72891505e+01,1.39637841e+00
2.05079925e+02,2.44888051e+02,4.87153210e-01,1.97004722e+02,5.02807201e-01,6.75016935e+01,1.39198163e+00
2.05727701e+02,2.45661567e+02,4.85619308e-01,1.97626992e+02,5.01224009e-01,6.77149078e+01,1.38759869e+00
2.06377523e+02,2.46437526e+02,4.84090236e-01,1.98251226e+02,4.99645802e-01,6.79287955e+01,1.38322955e+00
2.07029398e+02,2.47215936e+02,4.82565978e-01,1.98877433e+02,4.98072565e-01,6.81433589e+01,1.37887417e+00
2.07683331e+02,2.47996805e+02,4.81046520e-01,1.99505617e+02,4.96504281e-01,6.83586000e+01,1.37453250e+00
2.08339330e+02,2.48780140e+02,4.79531846e-01,2.00135786e+02,4.94940936e-01,6.85745209e+01,1.37020450e+00
2.08997402e+02,2.49565950e+02,4.78021942e-01,2.00767945e+02,4.93382513e-01,6.87911239e+01,1.36589013e+00
2.09657551e+02,2.50354242e+02,4.76516792e-01,2.01402101e+02,4.91828996e-01,6.90084110e+01,1.36158935e+00
2.10319786e+02,2.51145023e+02,4.75016381e-01,2.02038260e+02,4.90280372e-01,6.92263845e+01,1.35730210e+00
2.10984113e+02,2.51938303e+02,4.73520694e-01,2.02676428e+02,4.88736623e-01,6.94450465e+01,1.35302836e+00
2.11650538e+02,2.52734088e+02,4.72029717e-01,2.03316612e+02,4.87197736e-01,6.96643992e+01,1.34876807e+00
2.12319069e+02,2.53532387e+02,4.70543435e-01,2.03958818e+02,4.85663694e-01,6.98844447e+01,1.34452120e+00
2.12989710e+02,2.54333207e+02,4.69061832e-01,2.04603053e+02,4.84134482e-01,7.01051852e+01,1.34028770e+00
2.13662470e+02,2.55136557e+02,4.67584895e-01,2.05249323e+02,4.82610085e-01,7.03266230e+01,1.33606753e+00
2.14337356e+02,2.55942444e+02,4.66112608e-01,2.05897633e+02,4.81090488e-01,7.05487603e+01,1.33186064e+00
2.15014373e+02,2.56750877e+02,4.64644957e-01,2.06547992e+02,4.79575676e-01,7.07715992e+01,1.32766701e+00
2.15693528e+02,2.57561863e+02,4.63181926e-01,2.07200405e+02,4.78065634e-01,7.09951420e+01,1.32348657e+00
2.16374828e+02,2.58375411e+02,4.61723503e-01,2.07854879e+02,4.76560346e-01,7.12193909e+01,1.31931931e+00
2.17058281e+02,2.59191529e+02,4.60269672e-01,2.08511420e+02,4.75059798e-01,7.14443480e+01,1.31516516e+00
2.17743892e+02,2.60010225e+02,4.58820418e-01,2.09170035e+02,4.73563975e-01,7.16700158e+01,1.31102409e+00
2.18431669e+02,2.60831506e+02,4.57375728e-01,2.09830730e+02,4.72072861e-01,7.18963964e+01,1.30689606e+00
2.19121619e+02,2.61655382e+02,4.55935587e-01,2.10493512e+02,4.70586443e-01,7.21234920e+01,1.30278103e+00
2.19813747e+02,2.62481860e+02,4.54499980e-01,2.11158387e+02,4.69104705e-01,7.23513049e+01,1.29867896e+00
2.20508062e+02,2.63310948e+02,4.53068894e-01,2.11825363e+02,4.67627632e-01,7.25798374e+01,1.29458980e+00
2.21204570e+02,2.64142656e+02,4.51642313e-01,2.12494445e+02,4.66155211e-01,7.28090918e+01,1.29051352e+00
2.21903278e+02,2.64976990e+02,4.50220225e-01,2.13165641e+02,4.64687426e-01,7.30390703e+01,1.28645007e+00
2.22604193e+02,2.65813960e+02,4.48802614e-01,2.13838957e+02,4.63224262e-01,7.32697752e+01,1.28239942e+00
2.23307322e+02,2.66653573e+02,4.47389467e-01,2.14514400e+02,4.61765705e-01,7.35012089e+01,1.27836152e+00
2.24012672e+02,2.67495839e+02,4.45980769e-01,2.15191976e+02,4.60311741e-01,7.37333735e+01,1.27433634e+00
2.24720250e+02,2.68340765e+02,4.44576507e-01,2.15871692e+02,4.58862355e-01,7.39662715e+01,1.27032383e+00
2.25430063e+02,2.69188360e+02,4.43176667e-01,2.16553555e+02,4.57417533e-01,7.41999052e+01,1.26632395e+00
2.26142118e+02,2.70038632e+02,4.41781234e-01,2.17237573e+02,4.55977260e-01,7.44342768e+01,1.26233667e+00
2.26856422e+02,2.70891590e+02,4.40390195e-01,2.17923750e+02,4.54541522e-01,7.46693886e+01,1.25836195e+00
2.27572982e+02,2.71747242e+02,4.39003536e-01,2.18612095e+02,4.53110304e-01,7.49052432e+01,1.25439974e+00
2.28291805e+02,2.72605596e+02,4.37621243e-01,2.19302615e+02,4.51683594e-01,7.51418427e+01,1.25045000e+00
2.29012900e+02,2.73466662e+02,4.36243303e-01,2.19995315e+02,4.50261375e-01,7.53791895e+01,1.24651270e+00
2.29736271e+02,2.74330448e+02,4.34869702e-01,2.20690203e+02,4.48843635e-01,7.56172861e+01,1.24258780e+00
2.30461928e+02,2.75196962e+02,4.33500425e-01,2.21387287e+02,4.47430358e-01,7.58561347e+01,1.23867526e+00
2.31189877e+02,2.76066213e+02,4.32135460e-01,2.22086572e+02,4.46021532e-01,7.60957377e+01,1.23477504e+00
2.31920125e+02,2.76938210e+02,4.30774793e-01,2.22788066e+02,4.44617142e-01,7.63360976e+01,1.23088709e+00
2.32652680e+02,2.77812961e+02,4.29418410e-01,2.23491775e+02,4.43217173e-01,7.65772167e+01,1.22701139e+00
2.33387548e+02,2.78690475e+02,4.28066298e-01,2.24197708e+02,4.41821613e-01,7.68190974e+01,1.22314789e+00
2.34124738e+02,2.79570761e+02,4.26718443e-01,2.24905870e+02,4.40430447e-01,7.70617421e+01,1.21929656e+00
2.34864256e+02,2.80453828e+02,4.25374833e-01,2.25616269e+02,4.39043662e-01,7.73051533e+01,1.21545736e+00
2.35606111e+02,2.81339683e+02,4.24035453e-01,2.26328912e+02,4.37661242e-01,7.75493332e+01,1.21163024e+00
2.36350308e+02,2.82228337e+02,4.22700290e-01,2.27043806e+02,4.36283176e-01,7.77942845e+01,1.20781517e+00
2.37096856e+02,2.83119798e+02,4.21369331e-01,2.27760959e+02,4.34909449e-01,7.80400095e+01,1.20401212e+00
2.37845762e+02,2.84014075e+02,4.20042564e-01,2.28480376e+02,4.33540047e-01,7.82865107e+01,1.20022104e+00
2.38597034e+02,2.84911176e+02,4.18719973e-01,2.29202066e+02,4.32174958e-01,7.85337904e+01,1.19644190e+00
2.39350679e+02,2.85811111e+02,4.17401548e-01,2.29926035e+02,4.30814166e-01,7.87818512e+01,1.19267466e+00
2.40106704e+02,2.86713888e+02,4.16087273e-01,2.30652291e+02,4.29457659e-01,7.90306956e+01,1.18891927e+00
2.40865117e+02,2.87619517e+02,4.14777137e-01,2.31380841e+02,4.28105424e-01,7.92803260e+01,1.18517572e+00
2.41625926e+02,2.88528007e+02,4.13471126e-01,2.32111692e+02,4.26757446e-01,7.95307449e+01,1.18144395e+00
2.42389138e+02,2.89439366e+02,4.12169227e-01,2.32844852e+02,4.25413712e-01,7.97819547e+01,1.17772393e+00
2.43154761e+02,2.90353604e+02,4.10871428e-01,2.33580328e+02,4.24074210e-01,8.00339581e+01,1.17401562e+00
2.43922802e+02,2.91270730e+02,4.09577715e-01,2.34318127e+02,4.22738925e-01,8.02867574e+01,1.17031900e+00
2.44693269e+02,2.92190753e+02,4.08288075e-01,2.35058256e+02,4.21407845e-01,8.05403552e+01,1.16663401e+00
2.45466169e+02,2.93113681e+02,4.07002497e-01,2.35800723e+02,4.20080956e-01,8.07947541e+01,1.16296062e+00
2.46241511e+02,2.94039525e+02,4.05720966e-01,2.36545535e+02,4.18758245e-01,8.10499565e+01,1.15929880e+00
2.47019302e+02,2.94968293e+02,4.04443470e-01,2.37292700e+02,4.17439699e-01,8.13059651e+01,1.15564851e+00
2.47799550e+02,2.95899995e+02,4.03169997e-01,2.38042225e+02,4.16125304e-01,8.15627822e+01,1.15200971e+00
2.48582262e+02,2.96834640e+02,4.01900533e-01,2.38794117e+02,4.14815048e-01,8.18204106e+01,1.14838237e+00
2.49367447e+02,2.97772237e+02,4.00635067e-01,2.39548384e+02,4.13508918e-01,8.20788527e+01,1.14476646e+00
2.50155112e+02,2.98712795e+02,3.99373585e-01,2.40305034e+02,4.12206900e-01,8.23381111e+01,1.14116192e+00
2.50945264e+02,2.99656325e+02,3.98116075e-01,2.41064073e+02,4.10908982e-01,8.25981885e+01,1.13756874e+00
2.51737913e+02,3.00602835e+02,3.96862525e-01,2.41825511e+02,4.09615151e-01,8.28590873e+01,1.13398687e+00
2.52533065e+02,3.01552334e+02,3.95612922e-01,2.42589353e+02,4.08325393e-01,8.31208103e+01,1.13041628e+00
2.53330729e+02,3.02504832e+02,3.94367254e-01,2.43355608e+02,4.07039697e-01,8.33833599e+01,1.12685693e+00
2.54130912e+02,3.03460340e+02,3.93125507e-01,2.44124284e+02,4.05758049e-01,8.36467388e+01,1.12330879e+00
2.54933623e+02,3.04418865e+02,3.91887671e-01,2.44895387e+02,4.04480437e-01,8.39109497e+01,1.11977183e+00
2.55738869e+02,3.05380418e+02,3.90653732e-01,2.45668926e+02,4.03206847e-01,8.41759950e+01,1.11624599e+00
2.56546659e+02,3.06345008e+02,3.89423679e-01,2.46444908e+02,4.01937267e-01,8.44418776e+01,1.11273126e+00
2.57357000e+02,3.07312645e+02,3.88197498e-01,2.47223342e+02,4.00671685e-01,8.47086000e+01,1.10922760e+00
2.58169901e+02,3.08283338e+02,3.86975179e-01,2.48004234e+02,3.99410088e-01,8.49761649e+01,1.10573497e+00
2.58985370e+02,3.09257098e+02,3.85756708e-01,2.48787593e+02,3.98152464e-01,8.52445750e+01,1.10225334e+00
2.59803414e+02,3.10233933e+02,3.84542074e-01,2.49573426e+02,3.96898799e-01,8.55138328e+01,1.09878267e+00
2.60624043e+02,3.11213854e+02,3.83331264e-01,2.50361741e+02,3.95649082e-01,8.57839412e+01,1.09532292e+00
2.61447263e+02,3.12196870e+02,3.82124267e-01,2.51152547e+02,3.94403299e-01,8.60549027e+01,1.09187407e+00
2.62273084e+02,3.13182990e+02,3.80921070e-01,2.51945850e+02,3.93161439e-01,8.63267201e+01,1.08843608e+00
2.63101513e+02,3.14172226e+02,3.79721662e-01,2.52741659e+02,3.91923490e-01,8.65993961e+01,1.08500892e+00
2.63932559e+02,3.15164587e+02,3.78526031e-01,2.53539982e+02,3.90689438e-01,8.68729333e+01,1.08159255e+00
2.64766229e+02,3.16160082e+02,3.77334164e-01,2.54340826e+02,3.89459273e-01,8.71473346e+01,1.07818693e+00
2.65602533e+02,3.17158721e+02,3.76146050e-01,2.55144200e+02,3.88232980e-01,8.74226026e+01,1.07479204e+00
2.66441479e+02,3.18160515e+02,3.74961677e-01,2.55950111e+02,3.87010549e-01,8.76987401e+01,1.07140783e+00
2.67283075e+02,3.19165473e+02,3.73781033e-01,2.56758568e+02,3.85791967e-01,8.79757498e+01,1.06803429e+00
2.68127329e+02,3.20173605e+02,3.72604107e-01,2.57569579e+02,3.84577222e-01,8.82536345e+01,1.06467136e+00
2.68974249e+02,3.21184922e+02,3.71430886e-01,2.58383151e+02,3.83366301e-01,8.85323969e+01,1.06131903e+00
2.69823845e+02,3.22199433e+02,3.70261360e-01,2.59199294e+02,3.82159194e-01,8.88120399e+01,1.05797725e+00
2.70676124e+02,3.23217148e+02,3.69095516e-01,2.60018014e+02,3.80955887e-01,8.90925661e+01,1.05464599e+00
2.71531096e+02,3.24238078e+02,3.67933343e-01,2.60839320e+02,3.79756369e-01,8.93739784e+01,1.05132522e+00
2.72388768e+02,3.25262233e+02,3.66774829e-01,2.61663220e+02,3.78560628e-01,8.96562796e+01,1.04801490e+00
2.73249149e+02,3.26289623e+02,3.65619963e-01,2.62489723e+02,3.77368653e-01,8.99394725e+01,1.04471501e+00
2.74112247e+02,3.27320258e+02,3.64468734e-01,2.63318836e+02,3.76180430e-01,9.02235599e+01,1.04142551e+00
2.74978072e+02,3.28354148e+02,3.63321129e-01,2.64150569e+02,3.74995949e-01,9.05085446e+01,1.03814637e+00
2.75846632e+02,3.29391305e+02,3.62177138e-01,2.64984928e+02,3.73815197e-01,9.07944295e+01,1.03487756e+00
2.76717935e+02,3.30431737e+02,3.61036749e-01,2.65821923e+02,3.72638163e-01,9.10812174e+01,1.03161903e+00
2.77591991e+02,3.31475455e+02,3.59899951e-01,2.66661562e+02,3.71464835e-01,9.13689112e+01,1.02837077e+00
2.78468807e+02,3.32522470e+02,3.58766732e-01,2.67503852e+02,3.70295202e-01,9.16575137e+01,1.02513273e+00
2.79348393e+02,3.33572793e+02,3.57637081e-01,2.68348804e+02,3.69129252e-01,9.19470278e+01,1.02190489e+00
2.80230757e+02,3.34626433e+02,3.56510987e-01,2.69196424e+02,3.67966972e-01,9.22374563e+01,1.01868721e+00
2.81115908e+02,3.35683401e+02,3.55388439e-01,2.70046721e+02,3.66808353e-01,9.25288023e+01,1.01547967e+00
2.82003855e+02,3.36743708e+02,3.54269426e-01,2.70899705e+02,3.65653381e-01,9.28210684e+01,1.01228222e+00
2.82894607e+02,3.37807363e+02,3.53153936e-01,2.71755382e+02,3.64502047e-01,9.31142578e+01,1.00909484e+00
2.83788172e+02,3.38874379e+02,3.52041958e-01,2.72613763e+02,3.63354337e-01,9.34083732e+01,1.00591750e+00
2.84684560e+02,3.39944765e+02,3.50933482e-01,2.73474854e+02,3.62210241e-01,9.37034177e+01,1.00275016e+00
2.85583779e+02,3.41018532e+02,3.49828496e-01,2.74338666e+02,3.61069748e-01,9.39993941e+01,9.99592797e-01
2.86485838e+02,3.42095690e+02,3.48726989e-01,2.75205206e+02,3.59932846e-01,9.42963053e+01,9.96445374e-01
2.87390747e+02,3.43176251e+02,3.47628951e-01,2.76074483e+02,3.58799523e-01,9.45941544e+01,9.93307861e-01
2.88298514e+02,3.44260225e+02,3.46534369e-01,2.76946506e+02,3.57669770e-01,9.48929444e+01,9.90180228e-01
2.89209148e+02,3.45347623e+02,3.45443235e-01,2.77821283e+02,3.56543573e-01,9.51926780e+01,9.87062442e-01
2.90122659e+02,3.46438456e+02,3.44355536e-01,2.78698824e+02,3.55420922e-01,9.54933585e+01,9.83954473e-01
2.91039055e+02,3.47532734e+02,3.43271262e-01,2.79579136e+02,3.54301807e-01,9.57949887e+01,9.80856291e-01
2.91958346e+02,3.48630468e+02,3.42190402e-01,2.80462229e+02,3.53186215e-01,9.60975716e+01,9.77767863e-01
2.92880541e+02,3.49731670e+02,3.41112945e-01,2.81348111e+02,3.52074135e-01,9.64011103e+01,9.74689161e-01
2.93805648e+02,3.50836350e+02,3.40038881e-01,2.82236792e+02,3.50965558e-01,9.67056077e+01,9.71620152e-01
2.94733678e+02,3.51944520e+02,3.38968199e-01,2.83128279e+02,3.49860470e-01,9.70110670e+01,9.68560806e-01
2.95664638e+02,3.53056190e+02,3.37900888e-01,2.84022583e+02,3.48758863e-01,9.73174911e+01,9.65511094e-01
2.96598540e+02,3.54171371e+02,3.36836937e-01,2.84919711e+02,3.47660724e-01,9.76248831e+01,9.62470984e-01
2.97535391e+02,3.55290075e+02,3.35776337e-01,2.85819673e+02,3.46566043e-01,9.79332460e+01,9.59440446e-01
2.98475201e+02,3.56412312e+02,3.34719077e-01,2.86722477e+02,3.45474809e-01,9.82425829e+01,9.56419451e-01
2.99417980e+02,3.57538094e+02,3.33665145e-01,2.87628134e+02,3.44387010e-01,9.85528970e+01,9.53407968e-01
3.00363737e+02,3.58667432e+02,3.32614532e-01,2.88536651e+02,3.43302637e-01,9.88641912e+01,9.50405968e-01
3.01312481e+02,3.59800338e+02,3.31567226e-01,2.89448037e+02,3.42221678e-01,9.91764686e+01,9.47413419e-01
3.02264222e+02,3.60936821e+02,3.30523219e-01,2.90362302e+02,3.41144123e-01,9.94897325e+01,9.44430294e-01
3.03218970e+02,3.62076895e+02,3.29482499e-01,2.91279456e+02,3.40069961e-01,9.98039858e+01,9.41456561e-01
3.04176732e+02,3.63220569e+02,3.28445056e-01,2.92199506e+02,3.38999181e-01,1.00119232e+02,9.38492192e-01
3.05137521e+02,3.64367856e+02,3.27410879e-01,2.93122462e+02,3.37931772e-01,1.00435473e+02,9.35537157e-01
3.06101343e+02,3.65518767e+02,3.26379959e-01,2.94048333e+02,3.36867725e-01,1.00752714e+02,9.32591426e-01
3.07068211e+02,3.66673313e+02,3.25352284e-01,2.94977129e+02,3.35807028e-01,1.01070957e+02,9.29654970e-01
3.08038132e+02,3.67831506e+02,3.24327846e-01,2.95908859e+02,3.34749670e-01,1.01390205e+02,9.26727761e-01
3.09011117e+02,3.68993357e+02,3.23306633e-01,2.96843532e+02,3.33695642e-01,1.01710461e+02,9.23809768e-01
3.09987175e+02,3.70158879e+02,3.22288636e-01,2.97781157e+02,3.32644933e-01,1.02031729e+02,9.20900964e-01
3.10966316e+02,3.71328081e+02,3.21273844e-01,2.98721744e+02,3.31597532e-01,1.02354011e+02,9.18001318e-01
3.11948550e+02,3.72500977e+02,3.20262247e-01,2.99665302e+02,3.30553429e-01,1.02677312e+02,9.15110802e-01
3.12933887e+02,3.73677578e+02,3.19253836e-01,3.00611840e+02,3.29512614e-01,1.03001634e+02,9.12229388e-01
3.13922336e+02,3.74857895e+02,3.18248599e-01,3.01561367e+02,3.28475076e-01,1.03326980e+02,9.09357047e-01
3.14913907e+02,3.76041940e+02,3.17246528e-01,3.02513895e+02,3.27440805e-01,1.03653354e+02,9.06493749e-01
3.15908610e+02,3.77229725e+02,3.16247613e-01,3.03469430e+02,3.26409790e-01,1.03980758e+02,9.03639468e-01
3.16906455e+02,3.78421262e+02,3.15251842e-01,3.04427984e+02,3.25382022e-01,1.04309197e+02,9.00794173e-01
3.17907452e+02,3.79616563e+02,3.14259207e-01,3.05389566e+02,3.24357490e-01,1.04638674e+02,8.97957838e-01
3.18911611e+02,3.80815639e+02,3.13269697e-01,3.06354185e+02,3.23336184e-01,1.04969191e+02,8.95130433e-01
3.19918941e+02,3.82018503e+02,3.12283303e-01,3.07321851e+02,3.22318093e-01,1.05300752e+02,8.92311932e-01
3.20929453e+02,3.83225166e+02,3.11300015e-01,3.08292574e+02,3.21303209e-01,1.05633360e+02,8.89502304e-01
3.21943158e+02,3.84435640e+02,3.10319823e-01,3.09266362e+02,3.20291519e-01,1.05967019e+02,8.86701524e-01
3.22960064e+02,3.85649938e+02,3.09342718e-01,3.10243227e+02,3.19283016e-01,1.06301732e+02,8.83909562e-01
3.23980182e+02,3.86868072e+02,3.08368689e-01,3.11223177e+02,3.18277688e-01,1.06637502e+02,8.81126391e-01
3.25003522e+02,3.88090053e+02,3.07397727e-01,3.12206222e+02,3.17275525e-01,1.06974333e+02,8.78351984e-01
3.26030095e+02,3.89315894e+02,3.06429822e-01,3.13192372e+02,3.16276518e-01,1.07312227e+02,8.75586313e-01
3.27059910e+02,3.90545607e+02,3.05464965e-01,3.14181638e+02,3.15280656e-01,1.07651189e+02,8.72829349e-01
3.28092978e+02,3.91779204e+02,3.04503145e-01,3.15174028e+02,3.14287931e-01,1.07991222e+02,8.70081067e-01
3.29129309e+02,3.93016698e+02,3.03544355e-01,3.16169553e+02,3.13298331e-01,1.08332328e+02,8.67341438e-01
3.30168914e+02,3.94258101e+02,3.02588583e-01,3.17168222e+02,3.12311846e-01,1.08674512e+02,8.64610436e-01
3.31211802e+02,3.95503424e+02,3.01635821e-01,3.18170046e+02,3.11328468e-01,1.09017777e+02,8.61888032e-01
3.32257985e+02,3.96752682e+02,3.00686058e-01,3.19175034e+02,3.10348187e-01,1.09362126e+02,8.59174201e-01
3.33307472e+02,3.98005885e+02,2.99739287e-01,3.20183196e+02,3.09370992e-01,1.09707563e+02,8.56468914e-01
3.34360273e+02,3.99263046e+02,2.98795496e-01,3.21194543e+02,3.08396874e-01,1.10054091e+02,8.53772146e-01
3.35416401e+02,4.00524179e+02,2.97854677e-01,3.22209085e+02,3.07425823e-01,1.10401713e+02,8.51083869e-01
3.36475864e+02,4.01789295e+02,2.96916821e-01,3.23226831e+02,3.06457830e-01,1.10750434e+02,8.48404057e-01
3.37538674e+02,4.03058407e+02,2.95981917e-01,3.24247791e+02,3.05492884e-01,1.11100256e+02,8.45732683e-01
3.38604841e+02,4.04331528e+02,2.95049957e-01,3.25271977e+02,3.04530977e-01,1.11451183e+02,8.43069720e-01
3.39674375e+02,4.05608670e+02,2.94120932e-01,3.26299398e+02,3.03572099e-01,1.11803218e+02,8.40415142e-01
3.40747288e+02,4.06889846e+02,2.93194832e-01,3.27330064e+02,3.02616240e-01,1.12156365e+02,8.37768922e-01
3.41823590e+02,4.08175069e+02,2.92271648e-01,3.28363985e+02,3.01663391e-01,1.12510628e+02,8.35131035e-01
3.42903291e+02,4.09464352e+02,2.91351370e-01,3.29401172e+02,3.00713541e-01,1.12866010e+02,8.32501453e-01
3.43986403e+02,4.10757707e+02,2.90433991e-01,3.30441635e+02,2.99766683e-01,1.13222514e+02,8.29880152e-01
3.45072936e+02,4.12055147e+02,2.89519500e-01,3.31485385e+02,2.98822806e-01,1.13580145e+02,8.27267104e-01
3.46162901e+02,4.13356685e+02,2.88607888e-01,3.32532432e+02,2.97881901e-01,1.13938905e+02,8.24662283e-01
3.47256309e+02,4.14662335e+02,2.87699147e-01,3.33582786e+02,2.96943959e-01,1.14298798e+02,8.22065665e-01
3.48353170e+02,4.15972108e+02,2.86793267e-01,3.34636457e+02,2.96008970e-01,1.14659828e+02,8.19477222e-01
3.49453496e+02,4.17286019e+02,2.85890240e-01,3.35693457e+02,2.95076925e-01,1.15021998e+02,8.16896930e-01
3.50557298e+02,4.18604080e+02,2.84990056e-01,3.36753795e+02,2.94147815e-01,1.15385313e+02,8.14324763e-01
3.51664586e+02,4.19926304e+02,2.84092706e-01,3.37817483e+02,2.93221630e-01,1.15749774e+02,8.11760694e-01
3.52775372e+02,4.21252705e+02,2.83198182e-01,3.38884531e+02,2.92298361e-01,1.16115388e+02,8.09204699e-01
3.53889666e+02,4.22583295e+02,2.82306474e-01,3.39954949e+02,2.91378000e-01,1.16482156e+02,8.06656752e-01
3.55007480e+02,4.23918088e+02,2.81417574e-01,3.41028748e+02,2.90460537e-01,1.16850082e+02,8.04116827e-01
3.56128824e+02,4.25257097e+02,2.80531473e-01,3.42105938e+02,2.89545962e-01,1.17219171e+02,8.01584900e-01
3.57253711e+02,4.26600336e+02,2.79648162e-01,3.43186532e+02,2.88634267e-01,1.17589425e+02,7.99060946e-01
3.58382151e+02,4.27947818e+02,2.78767633e-01,3.44270538e+02,2.87725443e-01,1.17960849e+02,7.96544938e-01
3.59514155e+02,4.29299555e+02,2.77889876e-01,3.45357968e+02,2.86819480e-01,1.18333446e+02,7.94036853e-01
3.60649735e+02,4.30655563e+02,2.77014882e-01,3.46448834e+02,2.85916370e-01,1.18707220e+02,7.91536665e-01
3.61788901e+02,4.32015853e+02,2.76142644e-01,3.47543145e+02,2.85016104e-01,1.19082175e+02,7.89044350e-01
3.62931666e+02,4.33380441e+02,2.75273152e-01,3.48640912e+02,2.84118672e-01,1.19458314e+02,7.86559881e-01
3.64078041e+02,4.34749338e+02,2.74406398e-01,3.49742147e+02,2.83224066e-01,1.19835641e+02,7.84083236e-01
3.65228036e+02,4.36122560e+02,2.73542373e-01,3.50846860e+02,2.82332277e-01,1.20214160e+02,7.81614389e-01
3.66381664e+02,4.37500119e+02,2.72681069e-01,3.51955063e+02,2.81443296e-01,1.20593875e+02,7.79153316e-01
3.67538936e+02,4.38882029e+02,2.71822477e-01,3.53066766e+02,2.80557114e-01,1.20974789e+02,7.76699992e-01
3.68699863e+02,4.40268304e+02,2.70966588e-01,3.54181981e+02,2.79673722e-01,1.21356906e+02,7.74254392e-01
3.69864457e+02,4.41658958e+02,2.70113394e-01,3.55300718e+02,2.78793112e-01,1.21740230e+02,7.71816494e-01
3.71032730e+02,4.43054004e+02,2.69262886e-01,3.56422989e+02,2.77915275e-01,1.22124765e+02,7.69386271e-01
3.72204693e+02,4.44453457e+02,2.68415057e-01,3.57548805e+02,2.77040202e-01,1.22510514e+02,7.66963700e-01
3.73380357e+02,4.45857330e+02,2.67569897e-01,3.58678177e+02,2.76167884e-01,1.22897482e+02,7.64548758e-01
3.74559736e+02,4.47265638e+02,2.66727398e-01,3.59811116e+02,2.75298312e-01,1.23285672e+02,7.62141419e-01
3.75742839e+02,4.48678394e+02,2.65887552e-01,3.60947634e+02,2.74431479e-01,1.23675089e+02,7.59741660e-01
3.76929679e+02,4.50095612e+02,2.65050351e-01,3.62087741e+02,2.73567375e-01,1.24065735e+02,7.57349458e-01
3.78120269e+02,4.51517307e+02,2.64215785e-01,3.63231450e+02,2.72705992e-01,1.24457616e+02,7.54964788e-01
3.79314619e+02,4.52943493e+02,2.63383848e-01,3.64378771e+02,2.71847322e-01,1.24850734e+02,7.52587626e-01
3.80512741e+02,4.54374183e+02,2.62554530e-01,3.65529717e+02,2.70991354e-01,1.25245094e+02,7.50217949e-01
3.81714648e+02,4.55809393e+02,2.61727823e-01,3.66684298e+02,2.70138083e-01,1.25640699e+02,7.47855734e-01
3.82920351e+02,4.57249136e+02,2.60903719e-01,3.67842525e+02,2.69287497e-01,1.26037554e+02,7.45500957e-01
3.84129863e+02,4.58693426e+02,2.60082210e-01,3.69004411e+02,2.68439590e-01,1.26435663e+02,7.43153594e-01
3.85343195e+02,4.60142278e+02,2.59263288e-01,3.70169967e+02,2.67594353e-01,1.26835029e+02,7.40813622e-01
3.86560360e+02,4.61595707e+02,2.58446944e-01,3.71339205e+02,2.66751777e-01,1.27235657e+02,7.38481019e-01
3.87781369e+02,4.63053727e+02,2.57633171e-01,3.72512136e+02,2.65911855e-01,1.27637550e+02,7.36155760e-01
3.89006235e+02,4.64516352e+02,2.56821960e-01,3.73688772e+02,2.65074577e-01,1.28040712e+02,7.33837822e-01
3.90234970e+02,4.65983597e+02,2.56013303e-01,3.74869124e+02,2.64239935e-01,1.28445148e+02,7.31527183e-01
3.91467586e+02,4.67455476e+02,2.55207193e-01,3.76053205e+02,2.63407921e-01,1.28850861e+02,7.29223820e-01
3.92704095e+02,4.68932005e+02,2.54403621e-01,3.77241026e+02,2.62578527e-01,1.29257856e+02,7.26927709e-01
3.93944511e+02,4.70413198e+02,2.53602579e-01,3.78432599e+02,2.61751745e-01,1.29666137e+02,7.24638828e-01
3.95188844e+02,4.71899069e+02,2.52804059e-01,3.79627935e+02,2.60927566e-01,1.30075707e+02,7.22357154e-01
3.96437107e+02,4.73389633e+02,2.52008054e-01,3.80827047e+02,2.60105982e-01,1.30486570e+02,7.20082664e-01
3.97689314e+02,4.74884906e+02,2.51214554e-01,3.82029947e+02,2.59286985e-01,1.30898732e+02,7.17815336e-01
3.98945476e+02,4.76384901e+02,2.50423554e-01,3.83236646e+02,2.58470567e-01,1.31312195e+02,7.15555147e-01
4.00205605e+02,4.77889635e+02,2.49635044e-01,3.84447157e+02,2.57656719e-01,1.31726965e+02,7.13302075e-01
4.01469715e+02,4.79399122e+02,2.48849017e-01,3.85661491e+02,2.56845434e-01,1.32143044e+02,7.11056097e-01
4.02737817e+02,4.80913376e+02,2.48065465e-01,3.86879661e+02,2.56036703e-01,1.32560438e+02,7.08817191e-01
4.04009926e+02,4.82432413e+02,2.47284379e-01,3.88101679e+02,2.55230519e-01,1.32979150e+02,7.06585334e-01
4.05286052e+02,4.83956249e+02,2.46505754e-01,3.89327557e+02,2.54426874e-01,1.33399185e+02,7.04360505e-01
4.06566209e+02,4.85484898e+02,2.45729580e-01,3.90557307e+02,2.53625758e-01,1.33820546e+02,7.02142682e-01
4.07850410e+02,4.87018375e+02,2.44955850e-01,3.91790941e+02,2.52827166e-01,1.34243239e+02,6.99931841e-01
4.09138667e+02,4.88556696e+02,2.44184556e-01,3.93028472e+02,2.52031087e-01,1.34667266e+02,6.97727962e-01
4.10430993e+02,4.90099876e+02,2.43415691e-01,3.94269911e+02,2.51237516e-01,1.35092633e+02,6.95531022e-01
4.11727401e+02,4.91647931e+02,2.42649247e-01,3.95515272e+02,2.50446443e-01,1.35519344e+02,6.93341000e-01
4.13027905e+02,4.93200875e+02,2.41885216e-01,3.96764567e+02,2.49657861e-01,1.35947402e+02,6.91157874e-01
4.14332516e+02,4.94758724e+02,2.41123590e-01,3.98017808e+02,2.48871762e-01,1.36376812e+02,6.88981621e-01
4.15641247e+02,4.96321494e+02,2.40364363e-01,3.99275007e+02,2.48088138e-01,1.36807579e+02,6.86812221e-01
4.16954113e+02,4.97889201e+02,2.39607527e-01,4.00536177e+02,2.47306982e-01,1.37239706e+02,6.84649652e-01
4.18271125e+02,4.99461859e+02,2.38853073e-01,4.01801331e+02,2.46528285e-01,1.37673199e+02,6.82493892e-01
4.19592298e+02,5.01039485e+02,2.38100995e-01,4.03070482e+02,2.45752040e-01,1.38108060e+02,6.80344920e-01
4.20917643e+02,5.02622093e+02,2.37351286e-01,4.04343641e+02,2.44978239e-01,1.38544295e+02,6.78202714e-01
4.22247175e+02,5.04209701e+02,2.36603936e-01,4.05620821e+02,2.44206875e-01,1.38981909e+02,6.76067254e-01
4.23580907e+02,5.05802324e+02,2.35858940e-01,4.06902036e+02,2.43437939e-01,1.39420904e+02,6.73938517e-01
4.24918851e+02,5.07399977e+02,2.35116290e-01,4.08187297e+02,2.42671425e-01,1.39861286e+02,6.71816484e-01
4.26261021e+02,5.09002676e+02,2.34375978e-01,4.09476618e+02,2.41907324e-01,1.40303059e+02,6.69701132e-01
4.27607431e+02,5.10610438e+02,2.33637997e-01,4.10770012e+02,2.41145629e-01,1.40746227e+02,6.67592440e-01
4.28958094e+02,5.12223278e+02,2.32902340e-01,4.12067491e+02,2.40386333e-01,1.41190795e+02,6.65490388e-01
4.30313023e+02,5.13841212e+02,2.32168999e-01,4.13369068e+02,2.39629427e-01,1.41636768e+02,6.63394955e-01
4.31672231e+02,5.15464257e+02,2.31437967e-01,4.14674757e+02,2.38874905e-01,1.42084149e+02,6.61306120e-01
4.33035733e+02,5.17092429e+02,2.30709237e-01,4.15984570e+02,2.38122758e-01,1.42532943e+02,6.59223862e-01
4.34403542e+02,5.18725744e+02,2.29982802e-01,4.17298520e+02,2.37372980e-01,1.42983155e+02,6.57148160e-01
4.35775671e+02,5.20364217e+02,2.29258654e-01,4.18616620e+02,2.36625562e-01,1.43434789e+02,6.55078994e-01
4.37152134e+02,5.22007866e+02,2.28536786e-01,4.19938884e+02,2.35880498e-01,1.43887849e+02,6.53016344e-01
4.38532945e+02,5.23656707e+02,2.27817191e-01,4.21265324e+02,2.35137780e-01,1.44342341e+02,6.50960188e-01
4.39918118e+02,5.25310755e+02,2.27099862e-01,4.22595954e+02,2.34397400e-01,1.44798268e+02,6.48910506e-01
4.41307665e+02,5.26970029e+02,2.26384791e-01,4.23930787e+02,2.33659352e-01,1.45255635e+02,6.46867278e-01
4.42701602e+02,5.28634543e+02,2.25671972e-01,4.25269837e+02,2.32923627e-01,1.45714447e+02,6.44830484e-01
4.44099942e+02,5.30304315e+02,2.24961398e-01,4.26613116e+02,2.32190220e-01,1.46174708e+02,6.42800103e-01
4.45502699e+02,5.31979361e+02,2.24253061e-01,4.27960638e+02,2.31459121e-01,1.46636423e+02,6.40776115e-01
4.46909886e+02,5.33659698e+02,2.23546954e-01,4.29312416e+02,2.30730325e-01,1.47099596e+02,6.38758499e-01
4.48321519e+02,5.35345343e+02,2.22843070e-01,4.30668464e+02,2.30003823e-01,1.47564232e+02,6.36747237e-01
4.49737610e+02,5.37036312e+02,2.22141403e-01,4.32028795e+02,2.29279608e-01,1.48030336e+02,6.34742308e-01
4.51158174e+02,5.38732622e+02,2.21441946e-01,4.33393423e+02,2.28557675e-01,1.48497912e+02,6.32743691e-01
4.52583225e+02,5.40434291e+02,2.20744690e-01,4.34762362e+02,2.27838014e-01,1.48966965e+02,6.30751368e-01
4.54012777e+02,5.42141334e+02,2.20049630e-01,4.36135624e+02,2.27120619e-01,1.49437500e+02,6.28765318e-01
4.55446845e+02,5.43853769e+02,2.19356759e-01,4.37513225e+02,2.26405483e-01,1.49909521e+02,6.26785521e-01
4.56885443e+02,5.45571613e+02,2.18666069e-01,4.38895176e+02,2.25692599e-01,1.50383033e+02,6.24811958e-01
4.58328585e+02,5.47294884e+02,2.17977554e-01,4.40281493e+02,2.24981960e-01,1.50858040e+02,6.22844610e-01
4.59776285e+02,5.49023597e+02,2.17291207e-01,4.41672188e+02,2.24273558e-01,1.51334548e+02,6.20883456e-01
4.61228557e+02,5.50757771e+02,2.16607021e-01,4.43067277e+02,2.23567386e-01,1.51812561e+02,6.18928477e-01
4.62685417e+02,5.52497422e+02,2.15924989e-01,4.44466772e+02,2.22863439e-01,1.52292084e+02,6.16979653e-01
4.64146879e+02,5.54242569e+02,2.15245105e-01,4.45870687e+02,2.22161707e-01,1.52773122e+02,6.15036966e-01
4.65612957e+02,5.55993228e+02,2.14567362e-01,4.47279037e+02,2.21462186e-01,1.53255679e+02,6.13100396e-01
4.67083666e+02,5.57749416e+02,2.13891752e-01,4.48691835e+02,2.20764866e-01,1.53739760e+02,6.11169924e-01
4.68559020e+02,5.59511152e+02,2.13218270e-01,4.50109096e+02,2.20069743e-01,1.54225370e+02,6.09245530e-01
4.70039034e+02,5.61278452e+02,2.12546909e-01,4.51530833e+02,2.19376808e-01,1.54712514e+02,6.07327195e-01
4.71523724e+02,5.63051335e+02,2.11877661e-01,4.52957062e+02,2.18686055e-01,1.55201197e+02,6.05414901e-01
4.73013103e+02,5.64829818e+02,2.11210521e-01,4.54387795e+02,2.17997477e-01,1.55691423e+02,6.03508628e-01
4.74507186e+02,5.66613918e+02,2.10545481e-01,4.55823047e+02,2.17311068e-01,1.56183198e+02,6.01608357e-01
4.76005988e+02,5.68403653e+02,2.09882536e-01,4.57262833e+02,2.16626819e-01,1.56676526e+02,5.99714069e-01
4.77509525e+02,5.70199042e+02,2.09221677e-01,4.58707167e+02,2.15944725e-01,1.57171413e+02,5.97825747e-01
4.79017811e+02,5.72000102e+02,2.08562900e-01,4.60156063e+02,2.15264779e-01,1.57667863e+02,5.95943369e-01
4.80530861e+02,5.73806851e+02,2.07906197e-01,4.61609535e+02,2.14586973e-01,1.58165880e+02,5.94066919e-01
4.82048690e+02,5.75619306e+02,2.07251561e-01,4.63067599e+02,2.13911302e-01,1.58665471e+02,5.92196378e-01
4.83571314e+02,5.77437487e+02,2.06598987e-01,4.64530267e+02,2.13237759e-01,1.59166640e+02,5.90331726e-01
4.85098747e+02,5.79261410e+02,2.05948468e-01,4.65997556e+02,2.12566336e-01,1.59669392e+02,5.88472945e-01
4.86631004e+02,5.81091095e+02,2.05299997e-01,4.67469480e+02,2.11897027e-01,1.60173732e+02,5.86620018e-01
4.88168102e+02,5.82926558e+02,2.04653568e-01,4.68946053e+02,2.11229826e-01,1.60679665e+02,5.84772924e-01
4.89710054e+02,5.84767820e+02,2.04009174e-01,4.70427290e+02,2.10564725e-01,1.61187196e+02,5.82931646e-01
4.91256878e+02,5.86614897e+02,2.03366809e-01,4.71913205e+02,2.09901719e-01,1.61696330e+02,5.81096166e-01
4.92808587e+02,5.88467809e+02,2.02726467e-01,4.73403814e+02,2.09240800e-01,1.62207072e+02,5.79266466e-01
4.94365197e+02,5.90326573e+02,2.02088141e-01,4.74899132e+02,2.08581963e-01,1.62719427e+02,5.77442527e-01
4.95926724e+02,5.92191209e+02,2.01451825e-01,4.76399172e+02,2.07925200e-01,1.63233401e+02,5.75624330e-01
4.97493183e+02,5.94061734e+02,2.00817513e-01,4.77903951e+02,2.07270504e-01,1.63748999e+02,5.73811859e-01
4.99064591e+02,5.95938168e+02,2.00185198e-01,4.79413483e+02,2.06617871e-01,1.64266224e+02,5.72005094e-01
5.00640961e+02,5.97820529e+02,1.99554874e-01,4.80927783e+02,2.05967292e-01,1.64785084e+02,5.70204019e-01
5.02222312e+02,5.99708835e+02,1.98926534e-01,4.82446866e+02,2.05318762e-01,1.65305583e+02,5.68408615e-01
5.03808656e+02,6.01603106e+02,1.98300173e-01,4.83970747e+02,2.04672273e-01,1.65827725e+02,5.66618863e-01
5.05400012e+02,6.03503360e+02,1.97675784e-01,4.85499442e+02,2.04027821e-01,1.66351517e+02,5.64834748e-01
5.06996394e+02,6.05409616e+02,1.97053361e-01,4.87032965e+02,2.03385397e-01,1.66876964e+02,5.63056250e-01
5.08597819e+02,6.07321894e+02,1.96432899e-01,4.88571332e+02,2.02744997e-01,1.67404070e+02,5.61283351e-01
5.10204302e+02,6.09240212e+02,1.95814389e-01,4.90114558e+02,2.02106612e-01,1.67932841e+02,5.59516036e-01
5.11815859e+02,6.11164589e+02,1.95197827e-01,4.91662659e+02,2.01470238e-01,1.68463282e+02,5.57754284e-01
5.13432507e+02,6.13095045e+02,1.94583207e-01,4.93215650e+02,2.00835868e-01,1.68995399e+02,5.55998081e-01
5.15054261e+02,6.15031598e+02,1.93970522e-01,4.94773546e+02,2.00203495e-01,1.69529196e+02,5.54247406e-01
5.16681138e+02,6.16974268e+02,1.93359766e-01,4.96336363e+02,1.99573113e-01,1.70064680e+02,5.52502245e-01
5.18313153e+02,6.18923074e+02,1.92750933e-01,4.97904116e+02,1.98944716e-01,1.70601855e+02,5.50762578e-01
5.19950323e+02,6.20878036e+02,1.92144017e-01,4.99476821e+02,1.98318298e-01,1.71140726e+02,5.49028389e-01
5.21592665e+02,6.22839173e+02,1.91539012e-01,5.01054494e+02,1.97693852e-01,1.71681300e+02,5.47299660e-01
5.23240194e+02,6.24806505e+02,1.90935912e-01,5.02637150e+02,1.97071372e-01,1.72223581e+02,5.45576375e-01
5.24892927e+02,6.26780050e+02,1.90334711e-01,5.04224806e+02,1.96450853e-01,1.72767576e+02,5.43858516e-01
5.26550881e+02,6.28759830e+02,1.89735403e-01,5.05817476e+02,1.95832287e-01,1.73313288e+02,5.42146066e-01
5.28214071e+02,6.30745863e+02,1.89137983e-01,5.07415177e+02,1.95215669e-01,1.73860724e+02,5.40439008e-01
5.29882515e+02,6.32738169e+02,1.88542443e-01,5.09017924e+02,1.94600992e-01,1.74409890e+02,5.38737324e-01
5.31556229e+02,6.34736768e+02,1.87948778e-01,5.10625734e+02,1.93988251e-01,1.74960790e+02,5.37040999e-01
5.33235229e+02,6.36741679e+02,1.87356983e-01,5.12238622e+02,1.93377439e-01,1.75513430e+02,5.35350016e-01
5.34919533e+02,6.38752924e+02,1.86767051e-01,5.13856605e+02,1.92768551e-01,1.76067815e+02,5.33664356e-01
5.36609157e+02,6.40770522e+02,1.86178977e-01,5.15479699e+02,1.92161579e-01,1.76623952e+02,5.31984004e-01
5.38304118e+02,6.42794492e+02,1.85592754e-01,5.17107920e+02,1.91556519e-01,1.77181845e+02,5.30308944e-01
5.40004433e+02,6.44824855e+02,1.85008377e-01,5.18741283e+02,1.90953364e-01,1.77741501e+02,5.28639157e-01
5.41710119e+02,6.46861632e+02,1.84425840e-01,5.20379806e+02,1.90352108e-01,1.78302924e+02,5.26974628e-01
5.43421192e+02,6.48904842e+02,1.83845138e-01,5.22023504e+02,1.89752745e-01,1.78866121e+02,5.25315340e-01
5.45137670e+02,6.50954506e+02,1.83266263e-01,5.23672394e+02,1.89155270e-01,1.79431097e+02,5.23661277e-01
5.46859569e+02,6.53010644e+02,1.82689212e-01,5.25326492e+02,1.88559676e-01,1.79997857e+02,5.22012422e-01
5.48586908e+02,6.55073277e+02,1.82113978e-01,5.26985815e+02,1.87965957e-01,1.80566407e+02,5.20368759e-01
5.50319702e+02,6.57142425e+02,1.81540554e-01,5.28650379e+02,1.87374108e-01,1.81136754e+02,5.18730271e-01
5.52057970e+02,6.59218108e+02,1.80968937e-01,5.30320201e+02,1.86784122e-01,1.81708901e+02,5.17096942e-01
5.53801728e+02,6.61300348e+02,1.80399119e-01,5.31995298e+02,1.86195994e-01,1.82282856e+02,5.15468757e-01
5.55550995e+02,6.63389165e+02,1.79831095e-01,5.33675685e+02,1.85609717e-01,1.82858624e+02,5.13845697e-01
5.57305786e+02,6.65484580e+02,1.79264860e-01,5.35361380e+02,1.85025287e-01,1.83436211e+02,5.12227749e-01
5.59066121e+02,6.67586613e+02,1.78700408e-01,5.37052400e+02,1.84442697e-01,1.84015622e+02,5.10614894e-01
5.60832016e+02,6.69695286e+02,1.78137733e-01,5.38748761e+02,1.83861941e-01,1.84596863e+02,5.09007119e-01
5.62603488e+02,6.71810620e+02,1.77576830e-01,5.40450480e+02,1.83283014e-01,1.85179940e+02,5.07404405e-01
5.64380556e+02,6.73932635e+02,1.77017693e-01,5.42157575e+02,1.82705910e-01,1.85764859e+02,5.05806738e-01
5.66163237e+02,6.76061353e+02,1.76460316e-01,5.43870061e+02,1.82130623e-01,1.86351625e+02,5.04214102e-01
5.67951549e+02,6.78196795e+02,1.75904694e-01,5.45587957e+02,1.81557147e-01,1.86940245e+02,5.02626480e-01
5.69745510e+02,6.80338982e+02,1.75350822e-01,5.47311279e+02,1.80985477e-01,1.87530724e+02,5.01043858e-01
5.71545137e+02,6.82487935e+02,1.74798694e-01,5.49040044e+02,1.80415607e-01,1.88123068e+02,4.99466218e-01
5.73350449e+02,6.84643676e+02,1.74248305e-01,5.50774270e+02,1.79847532e-01,1.88717283e+02,4.97893546e-01
5.75161463e+02,6.86806227e+02,1.73699648e-01,5.52513974e+02,1.79281245e-01,1.89313375e+02,4.96325826e-01
5.76978197e+02,6.88975608e+02,1.73152719e-01,5.54259172e+02,1.78716741e-01,1.89911350e+02,4.94763043e-01
5.78800670e+02,6.91151841e+02,1.72607512e-01,5.56009884e+02,1.78154015e-01,1.90511213e+02,4.93205180e-01
5.80628899e+02,6.93334949e+02,1.72064022e-01,5.57766125e+02,1.77593060e-01,1.91112972e+02,4.91652222e-01
5.82462903e+02,6.95524952e+02,1.71522243e-01,5.59527913e+02,1.77033872e-01,1.91716631e+02,4.90104154e-01
5.84302700e+02,6.97721872e+02,1.70982170e-01,5.61295267e+02,1.76476445e-01,1.92322197e+02,4.88560961e-01
5.86148308e+02,6.99925732e+02,1.70443798e-01,5.63068202e+02,1.75920772e-01,1.92929676e+02,4.87022626e-01
5.87999746e+02,7.02136553e+02,1.69907121e-01,5.64846738e+02,1.75366850e-01,1.93539073e+02,4.85489135e-01
5.89857032e+02,7.04354357e+02,1.69372133e-01,5.66630892e+02,1.74814671e-01,1.94150395e+02,4.83960473e-01
5.91720184e+02,7.06579167e+02,1.68838830e-01,5.68420681e+02,1.74264231e-01,1.94763649e+02,4.82436624e-01
5.93589222e+02,7.08811004e+02,1.68307207e-01,5.70216124e+02,1.73715525e-01,1.95378839e+02,4.80917574e-01
5.95464163e+02,7.11049890e+02,1.67777257e-01,5.72017237e+02,1.73168546e-01,1.95995973e+02,4.79403306e-01
5.97345027e+02,7.13295849e+02,1.67248976e-01,5.73824040e+02,1.72623289e-01,1.96615056e+02,4.77893806e-01
5.99231831e+02,7.15548901e+02,1.66722358e-01,5.75636550e+02,1.72079749e-01,1.97236094e+02,4.76389059e-01
6.01124595e+02,7.17809071e+02,1.66197398e-01,5.77454785e+02,1.71537921e-01,1.97859094e+02,4.74889051e-01
6.03023338e+02,7.20076379e+02,1.65674092e-01,5.79278763e+02,1.70997798e-01,1.98484062e+02,4.73393765e-01
6.04928078e+02,7.22350849e+02,1.65152433e-01,5.81108502e+02,1.70459377e-01,1.99111004e+02,4.71903188e-01
6.06838835e+02,7.24632503e+02,1.64632416e-01,5.82944021e+02,1.69922650e-01,1.99739926e+02,4.70417304e-01
6.08755627e+02,7.26921364e+02,1.64114038e-01,5.84785338e+02,1.69387614e-01,2.00370834e+02,4.68936098e-01
6.10678473e+02,7.29217455e+02,1.63597291e-01,5.86632471e+02,1.68854262e-01,2.01003736e+02,4.67459557e-01
6.12607393e+02,7.31520798e+02,1.63082171e-01,5.88485438e+02,1.68322590e-01,2.01638637e+02,4.65987664e-01
6.14542406e+02,7.33831417e+02,1.62568673e-01,5.90344258e+02,1.67792592e-01,2.02275543e+02,4.64520406e-01
6.16483531e+02,7.36149334e+02,1.62056793e-01,5.92208949e+02,1.67264262e-01,2.02914460e+02,4.63057769e-01
6.18430788e+02,7.38474573e+02,1.61546524e-01,5.94079531e+02,1.66737596e-01,2.03555396e+02,4.61599736e-01
6.20384194e+02,7.40807156e+02,1.61037861e-01,5.95956020e+02,1.66212589e-01,2.04198357e+02,4.60146295e-01
6.22343772e+02,7.43147108e+02,1.60530800e-01,5.97838437e+02,1.65689234e-01,2.04843348e+02,4.58697430e-01
6.24309538e+02,7.45494450e+02,1.60025336e-01,5.99726800e+02,1.65167528e-01,2.05490377e+02,4.57253127e-01
6.26281514e+02,7.47849207e+02,1.59521464e-01,6.01621128e+02,1.64647464e-01,2.06139449e+02,4.55813371e-01
6.28259719e+02,7.50211401e+02,1.59019178e-01,6.03521439e+02,1.64129038e-01,2.06790572e+02,4.54378149e-01
6.30244172e+02,7.52581057e+02,1.58518473e-01,6.05427753e+02,1.63612244e-01,2.07443751e+02,4.52947446e-01
6.32234893e+02,7.54958198e+02,1.58019345e-01,6.07340088e+02,1.63097077e-01,2.08098993e+02,4.51521248e-01
6.34231903e+02,7.57342847e+02,1.57521789e-01,6.09258463e+02,1.62583532e-01,2.08756305e+02,4.50099541e-01
6.36235220e+02,7.59735029e+02,1.57025799e-01,6.11182898e+02,1.62071605e-01,2.09415694e+02,4.48682310e-01
6.38244865e+02,7.62134767e+02,1.56531371e-01,6.13113411e+02,1.61561289e-01,2.10077165e+02,4.47269542e-01
6.40260858e+02,7.64542085e+02,1.56038500e-01,6.15050022e+02,1.61052580e-01,2.10740725e+02,4.45861222e-01
6.42283218e+02,7.66957006e+02,1.55547181e-01,6.16992751e+02,1.60545473e-01,2.11406382e+02,4.44457336e-01
6.44311967e+02,7.69379556e+02,1.55057408e-01,6.18941615e+02,1.60039963e-01,2.12074141e+02,4.43057871e-01
6.46347123e+02,7.71809757e+02,1.54569178e-01,6.20896636e+02,1.59536044e-01,2.12744009e+02,4.41662813e-01
6.48388708e+02,7.74247635e+02,1.54082486e-01,6.22857832e+02,1.59033712e-01,2.13415993e+02,4.40272147e-01
6.50436742e+02,7.76693213e+02,1.53597325e-01,6.24825222e+02,1.58532962e-01,2.14090099e+02,4.38885859e-01
6.52491244e+02,7.79146515e+02,1.53113693e-01,6.26798827e+02,1.58033788e-01,2.14766335e+02,4.37503937e-01
6.54552236e+02,7.81607567e+02,1.52631583e-01,6.28778666e+02,1.57536186e-01,2.15444707e+02,4.36126366e-01
6.56619738e+02,7.84076393e+02,1.52150991e-01,6.30764758e+02,1.57040151e-01,2.16125222e+02,4.34753133e-01
6.58693771e+02,7.86553016e+02,1.51671912e-01,6.32757124e+02,1.56545678e-01,2.16807886e+02,4.33384223e-01
6.60774355e+02,7.89037463e+02,1.51194342e-01,6.34755782e+02,1.56052762e-01,2.17492706e+02,4.32019624e-01
6.62861510e+02,7.91529757e+02,1.50718276e-01,6.36760754e+02,1.55561398e-01,2.18179690e+02,4.30659322e-01
6.64955258e+02,7.94029923e+02,1.50243708e-01,6.38772059e+02,1.55071581e-01,2.18868843e+02,4.29303302e-01
6.67055620e+02,7.96537986e+02,1.49770635e-01,6.40789717e+02,1.54583306e-01,2.19560174e+02,4.27951553e-01
6.69162616e+02,7.99053972e+02,1.49299051e-01,6.42813748e+02,1.54096569e-01,2.20253688e+02,4.26604060e-01
6.71276267e+02,8.01577904e+02,1.48828953e-01,6.44844172e+02,1.53611364e-01,2.20949392e+02,4.25260809e-01
6.73396594e+02,8.04109809e+02,1.48360334e-01,6.46881010e+02,1.53127687e-01,2.21647294e+02,4.23921788e-01
6.75523619e+02,8.06649711e+02,1.47893191e-01,6.48924281e+02,1.52645533e-01,2.22347401e+02,4.22586983e-01
6.77657362e+02,8.09197636e+02,1.47427519e-01,6.50974007e+02,1.52164898e-01,2.23049718e+02,4.21256382e-01
6.79797845e+02,8.11753609e+02,1.46963313e-01,6.53030206e+02,1.51685775e-01,2.23754255e+02,4.19929969e-01
6.81945089e+02,8.14317655e+02,1.46500569e-01,6.55092901e+02,1.51208161e-01,2.24461016e+02,4.18607734e-01
6.84099116e+02,8.16889800e+02,1.46039282e-01,6.57162111e+02,1.50732051e-01,2.25170010e+02,4.17289661e-01
6.86259946e+02,8.19470070e+02,1.45579447e-01,6.59237856e+02,1.50257441e-01,2.25881244e+02,4.15975739e-01
6.88427602e+02,8.22058490e+02,1.45121061e-01,6.61320159e+02,1.49784324e-01,2.26594724e+02,4.14665954e-01
6.90602104e+02,8.24655086e+02,1.44664117e-01,6.63409038e+02,1.49312698e-01,2.27310457e+02,4.13360293e-01
6.92783475e+02,8.27259883e+02,1.44208613e-01,6.65504516e+02,1.48842556e-01,2.28028452e+02,4.12058744e-01
6.94971736e+02,8.29872908e+02,1.43754542e-01,6.67606612e+02,1.48373895e-01,2.28748714e+02,4.10761292e-01
6.97166909e+02,8.32494187e+02,1.43301901e-01,6.69715348e+02,1.47906709e-01,2.29471251e+02,4.09467926e-01
6.99369016e+02,8.35123746e+02,1.42850686e-01,6.71830745e+02,1.47440994e-01,2.30196071e+02,4.08178632e-01
7.01578079e+02,8.37761610e+02,1.42400891e-01,6.73952824e+02,1.46976746e-01,2.30923180e+02,4.06893398e-01
7.03794119e+02,8.40407807e+02,1.41952513e-01,6.76081606e+02,1.46513960e-01,2.31652586e+02,4.05612210e-01
7.06017159e+02,8.43062361e+02,1.41505546e-01,6.78217112e+02,1.46052630e-01,2.32384295e+02,4.04335057e-01
7.08247221e+02,8.45725301e+02,1.41059987e-01,6.80359363e+02,1.45592754e-01,2.33118316e+02,4.03061925e-01
7.10484327e+02,8.48396652e+02,1.40615831e-01,6.82508380e+02,1.45134325e-01,2.33854655e+02,4.01792802e-01
7.12728498e+02,8.51076441e+02,1.40173073e-01,6.84664186e+02,1.44677340e-01,2.34593321e+02,4.00527675e-01
7.14979759e+02,8.53764694e+02,1.39731709e-01,6.86826801e+02,1.44221793e-01,2.35334319e+02,3.99266531e-01
7.17238130e+02,8.56461439e+02,1.39291735e-01,6.88996247e+02,1.43767681e-01,2.36077658e+02,3.98009359e-01
7.19503635e+02,8.59166702e+02,1.38853147e-01,6.91172546e+02,1.43314999e-01,2.36823345e+02,3.96756145e-01
7.21776296e+02,8.61880509e+02,1.38415939e-01,6.93355719e+02,1.42863743e-01,2.37571387e+02,3.95506876e-01
7.24056136e+02,8.64602889e+02,1.37980108e-01,6.95545787e+02,1.42413907e-01,2.38321792e+02,3.94261542e-01
7.26343176e+02,8.67333868e+02,1.37545649e-01,6.97742774e+02,1.41965488e-01,2.39074568e+02,3.93020128e-01
7.28637441e+02,8.70073473e+02,1.37112559e-01,6.99946700e+02,1.41518480e-01,2.39829721e+02,3.91782624e-01
7.30938952e+02,8.72821731e+02,1.36680832e-01,7.02157587e+02,1.41072880e-01,2.40587259e+02,3.90549016e-01
7.33247733e+02,8.75578670e+02,1.36250464e-01,7.04375458e+02,1.40628683e-01,2.41347190e+02,3.89319292e-01
7.35563807e+02,8.78344318e+02,1.35821451e-01,7.06600334e+02,1.40185885e-01,2.42109522e+02,3.88093440e-01
7.37887196e+02,8.81118701e+02,1.35393790e-01,7.08832238e+02,1.39744481e-01,2.42874261e+02,3.86871449e-01
7.40217924e+02,8.83901847e+02,1.34967474e-01,7.11071191e+02,1.39304467e-01,2.43641416e+02,3.85653304e-01
7.42556014e+02,8.86693784e+02,1.34542502e-01,7.13317217e+02,1.38865838e-01,2.44410994e+02,3.84438996e-01
7.44901489e+02,8.89494541e+02,1.34118867e-01,7.15570337e+02,1.38428590e-01,2.45183003e+02,3.83228511e-01
7.47254373e+02,8.92304143e+02,1.33696566e-01,7.17830574e+02,1.37992720e-01,2.45957451e+02,3.82021837e-01
7.49614689e+02,8.95122621e+02,1.33275595e-01,7.20097950e+02,1.37558221e-01,2.46734345e+02,3.80818963e-01
7.51982460e+02,8.97950000e+02,1.32855950e-01,7.22372488e+02,1.37125091e-01,2.47513692e+02,3.79619876e-01
7.54357710e+02,9.00786311e+02,1.32437625e-01,7.24654211e+02,1.36693324e-01,2.48295502e+02,3.78424565e-01
7.56740463e+02,9.03631581e+02,1.32020618e-01,7.26943140e+02,1.36262917e-01,2.49079781e+02,3.77233018e-01
7.59130741e+02,9.06485837e+02,1.31604924e-01,7.29239300e+02,1.35833866e-01,2.49866537e+02,3.76045222e-01
7.61528570e+02,9.09349110e+02,1.31190539e-01,7.31542712e+02,1.35406165e-01,2.50655778e+02,3.74861167e-01
7.63933973e+02,9.12221426e+02,1.30777459e-01,7.33853400e+02,1.34979811e-01,2.51447512e+02,3.73680839e-01
7.66346974e+02,9.15102815e+02,1.30365679e-01,7.36171387e+02,1.34554799e-01,2.52241747e+02,3.72504228e-01
7.68767597e+02,9.17993305e+02,1.29955196e-01,7.38496696e+02,1.34131126e-01,2.53038490e+02,3.71331322e-01
7.71195865e+02,9.20892926e+02,1.29546005e-01,7.40829349e+02,1.33708786e-01,2.53837751e+02,3.70162110e-01
7.73631804e+02,9.23801705e+02,1.29138103e-01,7.43169370e+02,1.33287777e-01,2.54639536e+02,3.68996578e-01
7.76075437e+02,9.26719672e+02,1.28731485e-01,7.45516783e+02,1.32868093e-01,2.55443853e+02,3.67834717e-01
7.78526788e+02,9.29646856e+02,1.28326148e-01,7.47871610e+02,1.32449730e-01,2.56250711e+02,3.66676514e-01
7.80985882e+02,9.32583286e+02,1.27922087e-01,7.50233875e+02,1.32032685e-01,2.57060117e+02,3.65521957e-01
7.83452744e+02,9.35528991e+02,1.27519298e-01,7.52603602e+02,1.31616953e-01,2.57872081e+02,3.64371036e-01
7.85927398e+02,9.38484001e+02,1.27117777e-01,7.54980814e+02,1.31202530e-01,2.58686608e+02,3.63223739e-01
7.88409868e+02,9.41448344e+02,1.26717521e-01,7.57365535e+02,1.30789412e-01,2.59503709e+02,3.62080055e-01
7.90900180e+02,9.44422051e+02,1.26318525e-01,7.59757788e+02,1.30377595e-01,2.60323391e+02,3.60939972e-01
7.93398357e+02,9.47405150e+02,1.25920785e-01,7.62157598e+02,1.29967074e-01,2.61145662e+02,3.59803478e-01
7.95904426e+02,9.50397672e+02,1.25524297e-01,7.64564988e+02,1.29557846e-01,2.61970529e+02,3.58670563e-01
7.98418410e+02,9.53399647e+02,1.25129058e-01,7.66979982e+02,1.29149907e-01,2.62798003e+02,3.57541215e-01
8.00940335e+02,9.56411103e+02,1.24735064e-01,7.69402604e+02,1.28743252e-01,2.63628090e+02,3.56415423e-01
8.03470226e+02,9.59432072e+02,1.24342310e-01,7.71832878e+02,1.28337877e-01,2.64460799e+02,3.55293176e-01
8.06008108e+02,9.59396752e+02,1.24346888e-01,7.72816253e+02,1.31137975e-01,2.84288778e+02,3.43116726e-01
8.08554006e+02,9.62027718e+02,1.28025690e-01,7.75059254e+02,1.32616573e-01,2.87695763e+02,3.39607476e-01
8.11107946e+02,9.64819978e+02,1.28896367e-01,7.77384268e+02,1.33240677e-01,2.90156308e+02,3.37085886e-01
8.13669953e+02,9.70699520e+02,1.29629290e-01,7.81116966e+02,1.33718313e-01,2.73797297e+02,3.53739814e-01
8.16240052e+02,9.73635930e+02,1.29782563e-01,7.83522444e+02,1.33862329e-01,2.75466631e+02,3.52111951e-01
8.18818269e+02,9.76610463e+02,1.29861861e-01,7.85956207e+02,1.33931158e-01,2.76934219e+02,3.50648193e-01
8.21404631e+02,9.79597905e+02,1.29886761e-01,7.88395662e+02,1.33944867e-01,2.78399489e+02,3.49166276e-01
8.23999161e+02,9.82602757e+02,1.29870365e-01,7.90846809e+02,1.33916849e-01,2.79819166e+02,3.47717340e-01
8.26601887e+02,9.85623508e+02,1.29821329e-01,7.93308799e+02,1.33855908e-01,2.81203386e+02,3.46296568e-01
8.29212834e+02,9.88659086e+02,1.29745797e-01,7.95781061e+02,1.33768282e-01,2.82559283e+02,3.44900353e-01
8.31832027e+02,9.91708699e+02,1.29648306e-01,7.98263184e+02,1.33658571e-01,2.83892155e+02,3.43525841e-01
8.34459494e+02,9.94771738e+02,1.29532311e-01,8.00754866e+02,1.33530273e-01,2.85206062e+02,3.42170737e-01
8.37095261e+02,9.97847732e+02,1.29400513e-01,8.03255877e+02,1.33386119e-01,2.86504192e+02,3.40833167e-01
8.39739352e+02,1.00093631e+03,1.29255066e-01,8.05766044e+02,1.33228286e-01,2.87789100e+02,3.39511574e-01
8.42391796e+02,1.00403716e+03,1.29097719e-01,8.08285231e+02,1.33058541e-01,2.89062866e+02,3.38204658e-01
8.45052617e+02,1.00715004e+03,1.28929915e-01,8.10813331e+02,1.32878339e-01,2.90327210e+02,3.36911315e-01
8.47721844e+02,1.01027476e+03,1.28752860e-01,8.13350262e+02,1.32688893e-01,2.91583572e+02,3.35630605e-01
8.50399501e+02,1.01341115e+03,1.28567571e-01,8.15895956e+02,1.32491229e-01,2.92833171e+02,3.34361714e-01
8.53085616e+02,1.01655908e+03,1.28374917e-01,8.18450364e+02,1.32286222e-01,2.94077049e+02,3.33103938e-01
8.55780216e+02,1.01971842e+03,1.28175644e-01,8.21013443e+02,1.32074623e-01,2.95316104e+02,3.31856658e-01
8.58483327e+02,1.02288908e+03,1.27970403e-01,8.23585163e+02,1.31857084e-01,2.96551117e+02,3.30619333e-01
8.61194976e+02,1.02607099e+03,1.27759760e-01,8.26165501e+02,1.31634175e-01,2.97782771e+02,3.29391481e-01
8.63915190e+02,1.02926850e+03,1.27543911e-01,8.28758147e+02,1.31406067e-01,2.98977767e+02,3.28206210e-01
8.66643997e+02,1.03247273e+03,1.27323894e-01,8.31355711e+02,1.31173852e-01,3.00204258e+02,3.26996064e-01
8.69381423e+02,1.03568801e+03,1.27099808e-01,8.33961854e+02,1.30937604e-01,3.01429095e+02,3.25794138e-01
8.72127495e+02,1.03891437e+03,1.26871999e-01,8.36576597e+02,1.30697671e-01,3.02652356e+02,3.24600461e-01
8.74882241e+02,1.04215175e+03,1.26640782e-01,8.39199923e+02,1.30454370e-01,3.03874646e+02,3.23414533e-01
8.77645689e+02,1.04540012e+03,1.26406442e-01,8.41831830e+02,1.30207984e-01,3.05096341e+02,3.22236069e-01
8.80417865e+02,1.04865946e+03,1.26169233e-01,8.44472322e+02,1.29958771e-01,3.06317764e+02,3.21064826e-01
8.83198798e+02,1.05192975e+03,1.25929390e-01,8.47121407e+02,1.29706963e-01,3.07539205e+02,3.19900587e-01
8.85988515e+02,1.05521098e+03,1.25687122e-01,8.49779091e+02,1.29452772e-01,3.08760928e+02,3.18743153e-01
8.88787043e+02,1.05850316e+03,1.25442624e-01,8.52445387e+02,1.29196391e-01,3.09983174e+02,3.17592342e-01
8.91594411e+02,1.06180628e+03,1.25196072e-01,8.55120306e+02,1.28937997e-01,3.11206161e+02,3.16447987e-01
8.94410647e+02,1.06512033e+03,1.24947628e-01,8.57803860e+02,1.28677752e-01,3.12430096e+02,3.15309934e-01
8.97235778e+02,1.06844533e+03,1.24697442e-01,8.60496065e+02,1.28415807e-01,3.13655164e+02,3.14178039e-01
9.00069832e+02,1.07178127e+03,1.24445651e-01,8.63196936e+02,1.28152299e-01,3.14881541e+02,3.13052167e-01
9.02912839e+02,1.07512817e+03,1.24192384e-01,8.65906490e+02,1.27887355e-01,3.16109389e+02,3.11932194e-01
9.05764825e+02,1.07848604e+03,1.23937758e-01,8.68624743e+02,1.27621093e-01,3.17338859e+02,3.10818005e-01
9.08625820e+02,1.08185488e+03,1.23681882e-01,8.71351713e+02,1.27353624e-01,3.18570092e+02,3.09709488e-01
9.11495852e+02,1.08523472e+03,1.23424859e-01,8.74087420e+02,1.27085048e-01,3.19803222e+02,3.08606543e-01
9.14374949e+02,1.08862556e+03,1.23166784e-01,8.76831883e+02,1.26815461e-01,3.21038372e+02,3.07509072e-01
9.17263140e+02,1.08797558e+03,1.23216266e-01,8.78773501e+02,1.26624695e-01,3.42884815e+02,2.89265452e-01
9.20160454e+02,1.09544032e+03,1.22647823e-01,8.82347157e+02,1.26273600e-01,3.23515195e+02,3.05330193e-01
9.23066920e+02,1.09886428e+03,1.22387098e-01,8.85118010e+02,1.26001487e-01,3.24757084e+02,3.04248619e-01
9.25982566e+02,1.10229932e+03,1.22125642e-01,8.87897702e+02,1.25728682e-01,3.26001423e+02,3.03172183e-01
9.28907422e+02,1.10574545e+03,1.21863522e-01,8.90686255e+02,1.25455255e-01,3.27248308e+02,3.02100814e-01
9.31841516e+02,1.10920270e+03,1.21600803e-01,8.93483692e+02,1.25181268e-01,3.28497827e+02,3.01034440e-01
9.34784878e+02,1.11267109e+03,1.21337544e-01,8.96290035e+02,1.24906783e-01,3.29750064e+02,2.99972997e-01
9.37737537e+02,1.11615065e+03,1.21073802e-01,8.99105307e+02,1.24631854e-01,3.31005101e+02,2.98916422e-01
9.40699523e+02,1.11964139e+03,1.20809631e-01,9.01929533e+02,1.24356536e-01,3.32263015e+02,2.97864653e-01
9.43670864e+02,1.12314335e+03,1.20545080e-01,9.04762736e+02,1.24080878e-01,3.33523879e+02,2.96817634e-01
9.46651591e+02,1.12665654e+03,1.20280197e-01,9.07604940e+02,1.23804928e-01,3.34787764e+02,2.95775310e-01
9.49641733e+02,1.13018100e+03,1.20015027e-01,9.10456169e+02,1.23528731e-01,3.36054738e+02,2.94737627e-01
9.52641320e+02,1.13371674e+03,1.19749612e-01,9.13316449e+02,1.23252328e-01,3.37324866e+02,2.93704535e-01
9.55650381e+02,1.13726380e+03,1.19483993e-01,9.16185803e+02,1.22975760e-01,3.38598211e+02,2.92675986e-01
9.58668947e+02,1.14082221e+03,1.19218208e-01,9.19064259e+02,1.22699065e-01,3.39874833e+02,2.91651933e-01
9.61697048e+02,1.14439198e+03,1.18952292e-01,9.21951840e+02,1.22422279e-01,3.41154790e+02,2.90632331e-01
9.64734713e+02,1.14796554e+03,1.18686845e-01,9.24843994e+02,1.22145872e-01,3.42489217e+02,2.89576877e-01
9.67781973e+02,1.15155809e+03,1.18420772e-01,9.27749906e+02,1.21869002e-01,3.43776238e+02,2.88566152e-01
9.70838858e+02,1.15516209e+03,1.18154667e-01,9.30665023e+02,1.21592138e-01,3.45066749e+02,2.87559759e-01
9.73905399e+02,1.15877758e+03,1.17888558e-01,9.33589370e+02,1.21315309e-01,3.46360803e+02,2.86557658e-01
9.76981627e+02,1.16240459e+03,1.17622474e-01,9.36522973e+02,1.21038543e-01,3.47658448e+02,2.85559813e-01
9.80067571e+02,1.16604315e+03,1.17356441e-01,9.39465860e+02,1.20761867e-01,3.48959733e+02,2.84566185e-01
9.83163262e+02,1.16768149e+03,1.17236952e-01,9.42082660e+02,1.20516675e-01,3.60224095e+02,2.76249956e-01
9.86268731e+02,1.17133140e+03,1.16971433e-01,9.45050163e+02,1.20239579e-01,3.61559275e+02,2.75297052e-01
9.89384010e+02,1.17702841e+03,1.16558896e-01,9.48350492e+02,1.19932620e-01,3.52885891e+02,2.81610261e-01
9.92509129e+02,1.18071346e+03,1.16293310e-01,9.51330784e+02,1.19656542e-01,3.54202192e+02,2.80633160e-01
9.95644119e+02,1.18441022e+03,1.16027891e-01,9.54320495e+02,1.19380668e-01,3.55522354e+02,2.79660110e-01
9.98789011e+02,1.18811871e+03,1.15762658e-01,9.57319654e+02,1.19105018e-01,3.56846421e+02,2.78691079e-01
1.00194384e+03,1.19183897e+03,1.15497631e-01,9.60328288e+02,1.18829610e-01,3.58174430e+02,2.77726038e-01
1.00510863e+03,1.19557104e+03,1.15232827e-01,9.63346425e+02,1.18554464e-01,3.59506423e+02,2.76764958e-01
1.00828341e+03,1.19931493e+03,1.14968266e-01,9.66374094e+02,1.18279597e-01,3.60842438e+02,2.75807809e-01
1.01146823e+03,1.20307069e+03,1.14703962e-01,9.69411322e+02,1.18005024e-01,3.62182511e+02,2.74854566e-01
1.01466311e+03,1.20683835e+03,1.14439933e-01,9.72458139e+02,1.17730762e-01,3.63526682e+02,2.73905200e-01
1.01786807e+03,1.21061795e+03,1.14176193e-01,9.75514574e+02,1.17456826e-01,3.64874985e+02,2.72959686e-01
1.02108316e+03,1.21440951e+03,1.13912757e-01,9.78580654e+02,1.17183230e-01,3.66227456e+02,2.72017997e-01
1.02430841e+03,1.21821307e+03,1.13649639e-01,9.81656408e+02,1.16909988e-01,3.67584132e+02,2.71080109e-01
1.02754384e+03,1.22202867e+03,1.13386853e-01,9.84741867e+02,1.16637114e-01,3.68945046e+02,2.70145996e-01
1.03078949e+03,1.22585634e+03,1.13124410e-01,9.87837059e+02,1.16364620e-01,3.70310232e+02,2.69215635e-01
1.03404540e+03,1.22969612e+03,1.12862324e-01,9.90942013e+02,1.16092518e-01,3.71679723e+02,2.68289003e-01
1.03731158e+03,1.23354803e+03,1.12600606e-01,9.94056759e+02,1.15820819e-01,3.73053554e+02,2.67366076e-01
1.04058809e+03,1.23741212e+03,1.12339268e-01,9.97181326e+02,1.15549536e-01,3.74431755e+02,2.66446831e-01
1.04387494e+03,1.24128843e+03,1.12078320e-01,1.00031574e+03,1.15278679e-01,3.75814361e+02,2.65531247e-01
1.04717218e+03,1.24517698e+03,1.11817772e-01,1.00346004e+03,1.15008257e-01,3.77201401e+02,2.64619302e-01
1.05047983e+03,1.24907781e+03,1.11557635e-01,1.00661425e+03,1.14738281e-01,3.78592907e+02,2.63710974e-01
1.05379793e+03,1.25299095e+03,1.11297918e-01,1.00977841e+03,1.14468760e-01,3.79988910e+02,2.62806243e-01
1.05712651e+03,1.25691646e+03,1.11038630e-01,1.01295253e+03,1.14199704e-01,3.81389442e+02,2.61905088e-01
1.06046560e+03,1.26085435e+03,1.10779781e-01,1.01613665e+03,1.13931119e-01,3.82794531e+02,2.61007488e-01
1.06381525e+03,1.26480467e+03,1.10521377e-01,1.01933081e+03,1.13663016e-01,3.84204208e+02,2.60113425e-01
1.06717547e+03,1.26876746e+03,1.10263428e-01,1.02253503e+03,1.13395401e-01,3.85618502e+02,2.59222877e-01
1.07054630e+03,1.27274274e+03,1.10005941e-01,1.02574935e+03,1.13128283e-01,3.87037443e+02,2.58335827e-01
1.07392778e+03,1.27673057e+03,1.09748923e-01,1.02897378e+03,1.12861669e-01,3.88461060e+02,2.57452256e-01
1.07731995e+03,1.28073097e+03,1.09492382e-01,1.03220838e+03,1.12595565e-01,3.89889382e+02,2.56572144e-01
1.08072282e+03,1.28474398e+03,1.09236324e-01,1.03545316e+03,1.12329979e-01,3.91322436e+02,2.55695474e-01
1.08413645e+03,1.28876964e+03,1.08980756e-01,1.03870816e+03,1.12064916e-01,3.92760252e+02,2.54822227e-01
1.08756086e+03,1.29280800e+03,1.08725684e-01,1.04197340e+03,1.11800383e-01,3.94202857e+02,2.53952386e-01
1.09099608e+03,1.29685907e+03,1.08471115e-01,1.04524893e+03,1.11536386e-01,3.95650280e+02,2.53085933e-01
1.09444216e+03,1.30092292e+03,1.08217053e-01,1.04853477e+03,1.11272930e-01,3.97102548e+02,2.52222851e-01
1.09789912e+03,1.30499956e+03,1.07963504e-01,1.05183095e+03,1.11010021e-01,3.98559689e+02,2.51363123e-01
1.10136700e+03,1.30908905e+03,1.07710475e-01,1.05513751e+03,1.10747664e-01,4.00021729e+02,2.50506732e-01
1.10484583e+03,1.31319141e+03,1.07457969e-01,1.05845448e+03,1.10485864e-01,4.01488697e+02,2.49653662e-01
1.10833566e+03,1.31730670e+03,1.07205992e-01,1.06178188e+03,1.10224626e-01,4.02960618e+02,2.48803896e-01
1.11183650e+03,1.32143494e+03,1.06954548e-01,1.06511976e+03,1.09963953e-01,4.04437521e+02,2.47957418e-01
1.11534841e+03,1.32557618e+03,1.06703642e-01,1.06846814e+03,1.09703852e-01,4.05919432e+02,2.47114213e-01
1.11887140e+03,1.32973045e+03,1.06453277e-01,1.07182706e+03,1.09444324e-01,4.07406377e+02,2.46274264e-01
1.12240553e+03,1.33389780e+03,1.06203459e-01,1.07519654e+03,1.09185376e-01,4.08898382e+02,2.45437555e-01
1.12595081e+03,1.33807827e+03,1.05954191e-01,1.07857663e+03,1.08927009e-01,4.10395475e+02,2.44604073e-01
1.12950730e+03,1.34227189e+03,1.05705477e-01,1.08196735e+03,1.08669229e-01,4.11897682e+02,2.43773800e-01
1.13307502e+03,1.34647870e+03,1.05457320e-01,1.08536874e+03,1.08412038e-01,4.13405028e+02,2.42946724e-01
1.13665401e+03,1.35069875e+03,1.05209724e-01,1.08878083e+03,1.08155441e-01,4.14917540e+02,2.42122827e-01
1.14024430e+03,1.35493207e+03,1.04962691e-01,1.09220365e+03,1.07899439e-01,4.16435244e+02,2.41302097e-01
1.14384593e+03,1.35917871e+03,1.04716226e-01,1.09563724e+03,1.07644036e-01,4.17958165e+02,2.40484517e-01
1.14745894e+03,1.36343871e+03,1.04470331e-01,1.09908163e+03,1.07389234e-01,4.19486330e+02,2.39670075e-01
1.15108337e+03,1.36771210e+03,1.04225009e-01,1.10253685e+03,1.07135038e-01,4.21019764e+02,2.38858756e-01
1.15471924e+03,1.37199893e+03,1.03980263e-01,1.10600294e+03,1.06881448e-01,4.22558493e+02,2.38050545e-01
1.15836659e+03,1.37629924e+03,1.03736095e-01,1.10947992e+03,1.06628469e-01,4.24102542e+02,2.37245429e-01
1.16202547e+03,1.37959209e+03,1.03550037e-01,1.11281402e+03,1.06387201e-01,4.30640007e+02,2.33900560e-01
1.16569590e+03,1.38391764e+03,1.03306818e-01,1.11631342e+03,1.06135349e-01,4.32200592e+02,2.33117067e-01
1.16937793e+03,1.38825683e+03,1.03064182e-01,1.11982380e+03,1.05884116e-01,4.33766489e+02,2.32336585e-01
1.17307158e+03,1.39260969e+03,1.02822131e-01,1.12334519e+03,1.05633502e-01,4.35337724e+02,2.31559099e-01
1.17677691e+03,1.39697628e+03,1.02580668e-01,1.12687765e+03,1.05383511e-01,4.36914322e+02,2.30784596e-01
1.18049393e+03,1.40135663e+03,1.02339794e-01,1.13042119e+03,1.05134143e-01,4.38496310e+02,2.30013060e-01
1.18422270e+03,1.40575079e+03,1.02099511e-01,1.13397585e+03,1.04885401e-01,4.40083714e+02,2.29244478e-01
1.18796325e+03,1.41015879e+03,1.01859822e-01,1.13754167e+03,1.04637285e-01,4.41676559e+02,2.28478837e-01
1.19171561e+03,1.41458068e+03,1.01620727e-01,1.14111868e+03,1.04389798e-01,4.43274871e+02,2.27716122e-01
1.19547982e+03,1.41901650e+03,1.01382228e-01,1.14470692e+03,1.04142941e-01,4.44878677e+02,2.26956321e-01
1.19925593e+03,1.42346629e+03,1.01144327e-01,1.14830643e+03,1.03896716e-01,4.46488001e+02,2.26199420e-01
1.20304396e+03,1.42793010e+03,1.00907026e-01,1.15191723e+03,1.03651122e-01,4.48102870e+02,2.25445406e-01
1.20684395e+03,1.43240796e+03,1.00670325e-01,1.15553936e+03,1.03406162e-01,4.49723310e+02,2.24694266e-01
1.21065595e+03,1.43689993e+03,1.00434226e-01,1.15917287e+03,1.03161837e-01,4.51349345e+02,2.23945986e-01
1.21447999e+03,1.44140603e+03,1.00198730e-01,1.16281778e+03,1.02918147e-01,4.52981002e+02,2.23200555e-01
1.21831611e+03,1.44592633e+03,9.99638380e-02,1.16647413e+03,1.02675093e-01,4.54618306e+02,2.22457959e-01
1.22216434e+03,1.45046085e+03,9.97295513e-02,1.17014195e+03,1.02432676e-01,4.56261284e+02,2.21718187e-01
1.22602474e+03,1.45500965e+03,9.94958708e-02,1.17382129e+03,1.02190898e-01,4.57909959e+02,2.20981224e-01
1.22989732e+03,1.45957276e+03,9.92627972e-02,1.17751218e+03,1.01949758e-01,4.59564359e+02,2.20247060e-01
1.23378214e+03,1.46415024e+03,9.90303315e-02,1.18121465e+03,1.01709257e-01,4.61224508e+02,2.19515682e-01
1.23767922e+03,1.46874211e+03,9.87984744e-02,1.18492875e+03,1.01469397e-01,4.62890432e+02,2.18787078e-01
1.24158862e+03,1.47334844e+03,9.85672265e-02,1.18865450e+03,1.01230176e-01,4.64562157e+02,2.18061235e-01
1.24551036e+03,1.47796926e+03,9.83365884e-02,1.19239194e+03,1.00991597e-01,4.66239709e+02,2.17338143e-01
1.24944450e+03,1.48260461e+03,9.81065608e-02,1.19614112e+03,1.00753658e-01,4.67923112e+02,2.16617788e-01
1.25339106e+03,1.48725454e+03,9.78771442e-02,1.19990207e+03,1.00516361e-01,4.69612392e+02,2.15900161e-01
1.25735008e+03,1.49191910e+03,9.76483389e-02,1.20367482e+03,1.00279706e-01,4.71307576e+02,2.15185247e-01
1.26132161e+03,1.49659833e+03,9.74201455e-02,1.20745941e+03,1.00043692e-01,4.73008687e+02,2.14473038e-01
1.26530569e+03,1.50129228e+03,9.71925641e-02,1.21125588e+03,9.98083211e-02,4.74715753e+02,2.13763520e-01
1.26930234e+03,1.50600099e+03,9.69655952e-02,1.21506426e+03,9.95735921e-02,4.76428799e+02,2.13056683e-01
1.27331163e+03,1.51072450e+03,9.67392389e-02,1.21888460e+03,9.93395053e-02,4.78147849e+02,2.12352515e-01
1.27733357e+03,1.51546286e+03,9.65134954e-02,1.22271693e+03,9.91060610e-02,4.79872931e+02,2.11651005e-01
1.28136822e+03,1.52021613e+03,9.62883649e-02,1.22656129e+03,9.88732589e-02,4.81604069e+02,2.10952143e-01
1.28541562e+03,1.52498433e+03,9.60638474e-02,1.23041772e+03,9.86410991e-02,4.83341289e+02,2.10255916e-01
1.28947580e+03,1.52976752e+03,9.58399431e-02,1.23428625e+03,9.84095814e-02,4.85084617e+02,2.09562315e-01
1.29354880e+03,1.53456575e+03,9.56166519e-02,1.23816692e+03,9.81787056e-02,4.86834079e+02,2.08871328e-01
1.29763467e+03,1.53937906e+03,9.53939737e-02,1.24205977e+03,9.79484717e-02,4.88589700e+02,2.08182945e-01
1.30173345e+03,1.54420749e+03,9.51719086e-02,1.24596484e+03,9.77188793e-02,4.90351505e+02,2.07497155e-01
1.30584517e+03,1.54905110e+03,9.49504564e-02,1.24988217e+03,9.74899281e-02,4.92119522e+02,2.06813947e-01
1.30996988e+03,1.55390994e+03,9.47296169e-02,1.25381179e+03,9.72616180e-02,4.93893775e+02,2.06133311e-01
1.31410762e+03,1.55878403e+03,9.45093899e-02,1.25775375e+03,9.70339484e-02,4.95674291e+02,2.05455236e-01
1.31825842e+03,1.56367345e+03,9.42897752e-02,1.26170808e+03,9.68069192e-02,4.97461095e+02,2.04779712e-01
1.32242234e+03,1.56857822e+03,9.40707726e-02,1.26567482e+03,9.65805297e-02,4.99254213e+02,2.04106729e-01
1.32659941e+03,1.57349841e+03,9.38523817e-02,1.26965401e+03,9.63547797e-02,5.01053671e+02,2.03436277e-01
1.33078968e+03,1.57843405e+03,9.36346023e-02,1.27364569e+03,9.61296686e-02,5.02859495e+02,2.02768344e-01
1.33499318e+03,1.58338520e+03,9.34174338e-02,1.27764990e+03,9.59051959e-02,5.04671712e+02,2.02102922e-01
1.33920995e+03,1.58835189e+03,9.32008760e-02,1.28166667e+03,9.56813611e-02,5.06490346e+02,2.01440000e-01
1.34344005e+03,1.59333419e+03,9.29849285e-02,1.28569606e+03,9.54581636e-02,5.08315425e+02,2.00779568e-01
1.34768351e+03,1.59833214e+03,9.27695906e-02,1.28973809e+03,9.52356028e-02,5.10146975e+02,2.00121616e-01
1.35194037e+03,1.60334579e+03,9.25548621e-02,1.29379280e+03,9.50136781e-02,5.11985021e+02,1.99466135e-01
1.35621068e+03,1.60837518e+03,9.23407423e-02,1.29786024e+03,9.47923888e-02,5.13829589e+02,1.98813114e-01
1.36049447e+03,1.61342036e+03,9.21272307e-02,1.30194045e+03,9.45717344e-02,5.15680707e+02,1.98162543e-01
1.36479180e+03,1.61848139e+03,9.19143268e-02,1.30603347e+03,9.43517140e-02,5.17538400e+02,1.97514414e-01
1.36910270e+03,1.62355831e+03,9.17020299e-02,1.31013933e+03,9.41323269e-02,5.19402695e+02,1.96868717e-01
1.37342722e+03,1.62865117e+03,9.14903394e-02,1.31425807e+03,9.39135724e-02,5.21273619e+02,1.96225441e-01
1.37776540e+03,1.63376002e+03,9.12792547e-02,1.31838975e+03,9.36954498e-02,5.23151196e+02,1.95584578e-01
1.38211728e+03,1.63888491e+03,9.10687751e-02,1.32253439e+03,9.34779582e-02,5.25035455e+02,1.94946118e-01
1.38648290e+03,1.64402590e+03,9.08588999e-02,1.32669204e+03,9.32610968e-02,5.26926422e+02,1.94310051e-01
1.39086232e+03,1.64918302e+03,9.06496284e-02,1.33086274e+03,9.30448647e-02,5.28824123e+02,1.93676369e-01
1.39525557e+03,1.65435633e+03,9.04409598e-02,1.33504652e+03,9.28292612e-02,5.30728585e+02,1.93045061e-01
1.39966269e+03,1.65954588e+03,9.02328935e-02,1.33924344e+03,9.26142853e-02,5.32639835e+02,1.92416119e-01
1.40408374e+03,1.66475172e+03,9.00254286e-02,1.34345353e+03,9.23999362e-02,5.34557899e+02,1.91789534e-01
1.40851875e+03,1.66997390e+03,8.98185643e-02,1.34767684e+03,9.21862129e-02,5.36482805e+02,1.91165296e-01
1.41296777e+03,1.67521247e+03,8.96122999e-02,1.35191340e+03,9.19731144e-02,5.38414579e+02,1.90543396e-01
1.41743084e+03,1.68046749e+03,8.94066344e-02,1.35616326e+03,9.17606399e-02,5.40353248e+02,1.89923826e-01
1.42190801e+03,1.68573900e+03,8.92015670e-02,1.36042645e+03,9.15487884e-02,5.42298839e+02,1.89306576e-01
1.42639932e+03,1.69102705e+03,8.89970968e-02,1.36470302e+03,9.13375588e-02,5.44251379e+02,1.88691637e-01
1.43090482e+03,1.69633169e+03,8.87932230e-02,1.36899302e+03,9.11269502e-02,5.46210896e+02,1.88079000e-01
1.43542454e+03,1.70165299e+03,8.85899446e-02,1.37329648e+03,9.09169615e-02,5.48177416e+02,1.87468657e-01
1.43995855e+03,1.70699098e+03,8.83872608e-02,1.37761345e+03,9.07075917e-02,5.50150968e+02,1.86860599e-01
1.44450688e+03,1.71234572e+03,8.81851705e-02,1.38194396e+03,9.04988398e-02,5.52131577e+02,1.86254816e-01
1.44906957e+03,1.71771727e+03,8.79836728e-02,1.38628807e+03,9.02907047e-02,5.54119272e+02,1.85651301e-01
1.45364667e+03,1.72310567e+03,8.77827668e-02,1.39064581e+03,9.00831852e-02,5.56114080e+02,1.85050045e-01
1.45823824e+03,1.72851098e+03,8.75824514e-02,1.39501722e+03,8.98762804e-02,5.58116028e+02,1.84451039e-01
1.46284430e+03,1.73393324e+03,8.73827257e-02,1.39940236e+03,8.96699891e-02,5.60125144e+02,1.83854274e-01
1.46746492e+03,1.73937252e+03,8.71835886e-02,1.40380126e+03,8.94643102e-02,5.62141456e+02,1.83259741e-01
1.47210013e+03,1.74482887e+03,8.69850391e-02,1.40821396e+03,8.92592426e-02,5.64164991e+02,1.82667434e-01
1.47674998e+03,1.75030233e+03,8.67870762e-02,1.41264051e+03,8.90547850e-02,5.66195777e+02,1.82077342e-01
1.48141451e+03,1.75579296e+03,8.65896988e-02,1.41708096e+03,8.88509364e-02,5.68233843e+02,1.81489457e-01
1.48609379e+03,1.76130082e+03,8.63929059e-02,1.42153534e+03,8.86476956e-02,5.70279215e+02,1.80903772e-01
1.49078784e+03,1.76682596e+03,8.61966963e-02,1.42600370e+03,8.84450614e-02,5.72331922e+02,1.80320278e-01
1.49549672e+03,1.77236843e+03,8.60010690e-02,1.43048608e+03,8.82430326e-02,5.74391992e+02,1.79738965e-01
1.50022047e+03,1.77792828e+03,8.58060229e-02,1.43498254e+03,8.80416080e-02,5.76459453e+02,1.79159828e-01
1.50495914e+03,1.78350558e+03,8.56115569e-02,1.43949310e+03,8.78407865e-02,5.78534333e+02,1.78582856e-01
1.50971278e+03,1.78910037e+03,8.54176698e-02,1.44401782e+03,8.76405666e-02,5.80616661e+02,1.78008042e-01
1.51448144e+03,1.79471270e+03,8.52243605e-02,1.44855674e+03,8.74409474e-02,5.82706464e+02,1.77435378e-01
1.51926515e+03,1.80034264e+03,8.50316279e-02,1.45310990e+03,8.72419274e-02,5.84803772e+02,1.76864855e-01
1.52406398e+03,1.80599024e+03,8.48394709e-02,1.45767736e+03,8.70435055e-02,5.86908612e+02,1.76296466e-01
1.52887797e+03,1.81165555e+03,8.46478881e-02,1.46225915e+03,8.68456805e-02,5.89021014e+02,1.75730202e-01
1.53370716e+03,1.81733863e+03,8.44568786e-02,1.46685531e+03,8.66484509e-02,5.91141005e+02,1.75166056e-01
1.53855161e+03,1.82303954e+03,8.42664410e-02,1.47146591e+03,8.64518156e-02,5.93268615e+02,1.74604020e-01
1.54341135e+03,1.82875832e+03,8.40765743e-02,1.47609097e+03,8.62557733e-02,5.95403873e+02,1.74044085e-01
1.54828645e+03,1.83449503e+03,8.38872772e-02,1.48073054e+03,8.60603227e-02,5.97546806e+02,1.73486244e-01
1.55317695e+03,1.84024974e+03,8.36985485e-02,1.48538468e+03,8.58654624e-02,5.99697445e+02,1.72930489e-01
1.55808289e+03,1.84602249e+03,8.35103870e-02,1.49005343e+03,8.56711913e-02,6.01855818e+02,1.72376811e-01
1.56300433e+03,1.85181335e+03,8.33227914e-02,1.49473682e+03,8.54775079e-02,6.04021954e+02,1.71825205e-01
1.56794132e+03,1.85762236e+03,8.31357607e-02,1.49943491e+03,8.52844109e-02,6.06195882e+02,1.71275660e-01
1.57289390e+03,1.86344959e+03,8.29492934e-02,1.50414775e+03,8.50918991e-02,6.08377633e+02,1.70728171e-01
1.57786212e+03,1.86929510e+03,8.27633884e-02,1.50887538e+03,8.48999711e-02,6.10567234e+02,1.70182729e-01
1.58284603e+03,1.87515893e+03,8.25780444e-02,1.51361785e+03,8.47086256e-02,6.12764715e+02,1.69639326e-01
1.58784569e+03,1.88104115e+03,8.23932602e-02,1.51837520e+03,8.45178612e-02,6.14970107e+02,1.69097955e-01
1.59286114e+03,1.88694181e+03,8.22090345e-02,1.52314747e+03,8.43276765e-02,6.17183437e+02,1.68558609e-01
1.59789243e+03,1.89286097e+03,8.20253661e-02,1.52793473e+03,8.41380703e-02,6.19404737e+02,1.68021279e-01
1.60293962e+03,1.89879870e+03,8.18422536e-02,1.53273701e+03,8.39490411e-02,6.21634036e+02,1.67485959e-01
1.60800275e+03,1.90475503e+03,8.16596958e-02,1.53755436e+03,8.37605876e-02,6.23871364e+02,1.66952640e-01
1.61308187e+03,1.91073005e+03,8.14776914e-02,1.54238683e+03,8.35727084e-02,6.26116749e+02,1.66421316e-01
1.61817703e+03,1.91672379e+03,8.12962391e-02,1.54723447e+03,8.33854022e-02,6.28370224e+02,1.65891978e-01
1.62328828e+03,1.92273633e+03,8.11153376e-02,1.55209731e+03,8.31986676e-02,6.30631817e+02,1.65364620e-01
1.62841569e+03,1.92876772e+03,8.09349856e-02,1.55697542e+03,8.30125031e-02,6.32901558e+02,1.64839234e-01
1.63355928e+03,1.93481802e+03,8.07551819e-02,1.56186884e+03,8.28269074e-02,6.35179479e+02,1.64315813e-01
1.63871913e+03,1.94088728e+03,8.05759251e-02,1.56677762e+03,8.26418792e-02,6.37465609e+02,1.63794350e-01
1.64389527e+03,1.94697557e+03,8.03972138e-02,1.57170180e+03,8.24574169e-02,6.39759978e+02,1.63274836e-01
1.64908776e+03,1.95308295e+03,8.02190469e-02,1.57664143e+03,8.22735193e-02,6.42062618e+02,1.62757266e-01
1.65429665e+03,1.95920947e+03,8.00414229e-02,1.58159657e+03,8.20901849e-02,6.44373558e+02,1.62241632e-01
1.65952200e+03,1.96535520e+03,7.98643405e-02,1.58656726e+03,8.19074123e-02,6.46692830e+02,1.61727926e-01
1.66476385e+03,1.97152020e+03,7.96877984e-02,1.59155354e+03,8.17252000e-02,6.49020464e+02,1.61216141e-01
1.67002225e+03,1.97770452e+03,7.95117953e-02,1.59655548e+03,8.15435468e-02,6.51356491e+02,1.60706271e-01
1.67529727e+03,1.98390823e+03,7.93363299e-02,1.60157311e+03,8.13624512e-02,6.53700942e+02,1.60198308e-01
1.68058895e+03,1.99013138e+03,7.91614007e-02,1.60660649e+03,8.11819117e-02,6.56053847e+02,1.59692245e-01
1.68589735e+03,1.99637404e+03,7.89870065e-02,1.61165567e+03,8.10019269e-02,6.58415239e+02,1.59188075e-01
1.69122251e+03,2.00263627e+03,7.88131458e-02,1.61672069e+03,8.08224954e-02,6.60785148e+02,1.58685791e-01
1.69656449e+03,2.00891812e+03,7.86398175e-02,1.62180161e+03,8.06436159e-02,6.63163605e+02,1.58185387e-01
1.70192334e+03,2.01521967e+03,7.84670200e-02,1.62689847e+03,8.04652868e-02,6.65550642e+02,1.57686854e-01
1.70729912e+03,2.02154097e+03,7.82947521e-02,1.63201133e+03,8.02875067e-02,6.67946291e+02,1.57190186e-01
1.71269189e+03,2.02788208e+03,7.81230124e-02,1.63714023e+03,8.01102742e-02,6.70350582e+02,1.56695377e-01
1.71810168e+03,2.03424307e+03,7.79517996e-02,1.64228523e+03,7.99335879e-02,6.72763548e+02,1.56202419e-01
1.72352857e+03,2.04062400e+03,7.77811122e-02,1.64744638e+03,7.97574463e-02,6.75185220e+02,1.55711306e-01
1.72897259e+03,2.04702492e+03,7.76109490e-02,1.65262372e+03,7.95818479e-02,6.77615631e+02,1.55222031e-01
1.73443381e+03,2.05344591e+03,7.74413085e-02,1.65781731e+03,7.94067915e-02,6.80054811e+02,1.54734586e-01
1.73991228e+03,2.05988703e+03,7.72721893e-02,1.66302720e+03,7.92322754e-02,6.82502793e+02,1.54248965e-01
1.74540806e+03,2.06634833e+03,7.71035902e-02,1.66825344e+03,7.90582983e-02,6.84959609e+02,1.53765162e-01
1.75092119e+03,2.07282988e+03,7.69355098e-02,1.67349609e+03,7.88848588e-02,6.87425292e+02,1.53283169e-01
1.75645174e+03,2.07933174e+03,7.67679466e-02,1.67875518e+03,7.87119553e-02,6.89899873e+02,1.52802981e-01
1.76199976e+03,2.08585399e+03,7.66008993e-02,1.68403078e+03,7.85395864e-02,6.92383385e+02,1.52324589e-01
1.76756530e+03,2.09239667e+03,7.64343666e-02,1.68932294e+03,7.83677508e-02,6.94875861e+02,1.51847989e-01
1.77314842e+03,2.09895986e+03,7.62683470e-02,1.69463170e+03,7.81964469e-02,6.97377333e+02,1.51373172e-01
1.77874918e+03,2.10554362e+03,7.61028392e-02,1.69995713e+03,7.80256732e-02,6.99887833e+02,1.50900132e-01
1.78436763e+03,2.11214802e+03,7.59378418e-02,1.70529927e+03,7.78554285e-02,7.02407396e+02,1.50428864e-01
1.79000382e+03,2.11877311e+03,7.57733534e-02,1.71065817e+03,7.76857111e-02,7.04936052e+02,1.49959359e-01
1.79565782e+03,2.12541896e+03,7.56093726e-02,1.71603389e+03,7.75165196e-02,7.07473836e+02,1.49491612e-01
1.80132968e+03,2.13208564e+03,7.54458981e-02,1.72142649e+03,7.73478527e-02,7.10020780e+02,1.49025617e-01
1.80701945e+03,2.13877322e+03,7.52829285e-02,1.72683600e+03,7.71797088e-02,7.12576918e+02,1.48561366e-01
1.81272719e+03,2.14548175e+03,7.51204623e-02,1.73226250e+03,7.70120864e-02,7.15142283e+02,1.48098854e-01
1.81845296e+03,2.15221130e+03,7.49584983e-02,1.73770602e+03,7.68449842e-02,7.17716908e+02,1.47638073e-01
1.82419682e+03,2.15896195e+03,7.47970350e-02,1.74316663e+03,7.66784008e-02,7.20300826e+02,1.47179018e-01
1.82995882e+03,2.16573375e+03,7.46360710e-02,1.74864437e+03,7.65123345e-02,7.22894072e+02,1.46721681e-01
1.83573902e+03,2.17252677e+03,7.44756050e-02,1.75413931e+03,7.63467840e-02,7.25496679e+02,1.46266058e-01
1.84153748e+03,2.17934108e+03,7.43156356e-02,1.75965149e+03,7.61817479e-02,7.28108680e+02,1.45812141e-01
1.84735426e+03,2.18617674e+03,7.41561614e-02,1.76518097e+03,7.60172246e-02,7.30730110e+02,1.45359923e-01
1.85318940e+03,2.19303383e+03,7.39971809e-02,1.77072780e+03,7.58532127e-02,7.33361002e+02,1.44909400e-01
1.85904298e+03,2.19991240e+03,7.38386929e-02,1.77629204e+03,7.56897109e-02,7.36001390e+02,1.44460564e-01
1.86491505e+03,2.20681253e+03,7.36806959e-02,1.78187375e+03,7.55267175e-02,7.38651310e+02,1.44013409e-01
1.87080567e+03,2.21373428e+03,7.35231886e-02,1.78747297e+03,7.53642312e-02,7.41310794e+02,1.43567929e-01
1.87671489e+03,2.22067772e+03,7.33661696e-02,1.79308976e+03,7.52022506e-02,7.43979878e+02,1.43124118e-01
1.88264278e+03,2.22764292e+03,7.32096374e-02,1.79872418e+03,7.50407741e-02,7.46658595e+02,1.42681969e-01
1.88858939e+03,2.23462995e+03,7.30535907e-02,1.80437629e+03,7.48798004e-02,7.49346981e+02,1.42241477e-01
1.89455478e+03,2.24163887e+03,7.28980281e-02,1.81004613e+03,7.47193279e-02,7.52045069e+02,1.41802635e-01
1.90053902e+03,2.24866975e+03,7.27429483e-02,1.81573377e+03,7.45593553e-02,7.54752896e+02,1.41365437e-01
1.90654216e+03,2.25572267e+03,7.25883497e-02,1.82143925e+03,7.43998810e-02,7.57470495e+02,1.40929878e-01
1.91256426e+03,2.26279768e+03,7.24342312e-02,1.82716265e+03,7.42409037e-02,7.60197902e+02,1.40495950e-01
1.91860538e+03,2.26989487e+03,7.22805912e-02,1.83290400e+03,7.40824218e-02,7.62935151e+02,1.40063648e-01
1.92466559e+03,2.27701430e+03,7.21274285e-02,1.83866338e+03,7.39244340e-02,7.65682279e+02,1.39632966e-01
1.93074493e+03,2.28415603e+03,7.19747415e-02,1.84444083e+03,7.37669388e-02,7.68439319e+02,1.39203898e-01
1.93684348e+03,2.29132014e+03,7.18225290e-02,1.85023641e+03,7.36099348e-02,7.71206309e+02,1.38776438e-01
1.94296129e+03,2.29950962e+03,7.16496888e-02,1.85621166e+03,7.34490872e-02,7.69041448e+02,1.39110610e-01
1.94909843e+03,2.30671750e+03,7.14985774e-02,1.86204392e+03,7.32930815e-02,7.71832577e+02,1.38680123e-01
1.95525495e+03,2.31394796e+03,7.13479354e-02,1.86789449e+03,7.31375627e-02,7.74633809e+02,1.38251271e-01
1.96143092e+03,2.32120107e+03,7.11977614e-02,1.87376342e+03,7.29825292e-02,7.77445178e+02,1.37824045e-01
1.96762640e+03,2.32847691e+03,7.10480541e-02,1.87965076e+03,7.28279797e-02,7.80266722e+02,1.37398441e-01
1.97384144e+03,2.33577553e+03,7.08988120e-02,1.88555658e+03,7.26739126e-02,7.83098475e+02,1.36974452e-01
1.98007612e+03,2.34309702e+03,7.07500338e-02,1.89148093e+03,7.25203265e-02,7.85940473e+02,1.36552071e-01
1.98633049e+03,2.35044144e+03,7.06017181e-02,1.89742387e+03,7.23672201e-02,7.88792753e+02,1.36131294e-01
1.99260461e+03,2.35780888e+03,7.04538636e-02,1.90338547e+03,7.22145918e-02,7.91655351e+02,1.35712114e-01
1.99889855e+03,2.36519939e+03,7.03064689e-02,1.90936577e+03,7.20624403e-02,7.94528303e+02,1.35294525e-01
2.00521238e+03,2.37261305e+03,7.01595326e-02,1.91536484e+03,7.19107641e-02,7.97411646e+02,1.34878521e-01
2.01154614e+03,2.38004994e+03,7.00130534e-02,1.92138273e+03,7.17595618e-02,8.00305415e+02,1.34464096e-01
2.01789991e+03,2.38751013e+03,6.98670298e-02,1.92741951e+03,7.16088320e-02,8.03209648e+02,1.34051245e-01
2.02427376e+03,2.39499369e+03,6.97214606e-02,1.93347523e+03,7.14585732e-02,8.06124380e+02,1.33639960e-01
2.03066773e+03,2.40250069e+03,6.95763443e-02,1.93954996e+03,7.13087840e-02,8.09049650e+02,1.33230237e-01
2.03708190e+03,2.41003122e+03,6.94316796e-02,1.94564375e+03,7.11594631e-02,8.11985494e+02,1.32822069e-01
2.04351633e+03,2.41758533e+03,6.92874652e-02,1.95175666e+03,7.10106089e-02,8.14931948e+02,1.32415451e-01
2.04997109e+03,2.42516311e+03,6.91436997e-02,1.95788876e+03,7.08622201e-02,8.17889051e+02,1.32010376e-01
2.05644623e+03,2.43276463e+03,6.90003817e-02,1.96404010e+03,7.07142952e-02,8.20856839e+02,1.31606840e-01
2.06294182e+03,2.44038996e+03,6.88575099e-02,1.97021074e+03,7.05668328e-02,8.23835349e+02,1.31204836e-01
2.06945794e+03,2.44803918e+03,6.87150829e-02,1.97640075e+03,7.04198316e-02,8.26824620e+02,1.30804358e-01
2.07599463e+03,2.45571236e+03,6.85730994e-02,1.98261019e+03,7.02732901e-02,8.29824688e+02,1.30405400e-01
2.08255197e+03,2.46340959e+03,6.84315580e-02,1.98883911e+03,7.01272069e-02,8.32835592e+02,1.30007958e-01
2.08913003e+03,2.47113093e+03,6.82904574e-02,1.99508758e+03,6.99815805e-02,8.35857369e+02,1.29612024e-01
2.09572886e+03,2.47887646e+03,6.81497962e-02,2.00135566e+03,6.98364097e-02,8.38890057e+02,1.29217594e-01
2.10234854e+03,2.48664625e+03,6.80095731e-02,2.00764340e+03,6.96916930e-02,8.41933694e+02,1.28824662e-01
2.10898912e+03,2.49444039e+03,6.78697868e-02,2.01395088e+03,6.95474289e-02,8.44988319e+02,1.28433221e-01
2.11565068e+03,2.50225895e+03,6.77304359e-02,2.02027816e+03,6.94036162e-02,8.48053969e+02,1.28043267e-01
2.12233329e+03,2.51010200e+03,6.75915190e-02,2.02662529e+03,6.92602533e-02,8.51130684e+02,1.27654794e-01
2.12903700e+03,2.51796962e+03,6.74530349e-02,2.03299234e+03,6.91173389e-02,8.54218501e+02,1.27267796e-01
2.13576188e+03,2.52586190e+03,6.73149822e-02,2.03937938e+03,6.89748716e-02,8.57317459e+02,1.26882268e-01
2.14250801e+03,2.53377889e+03,6.71773595e-02,2.04578645e+03,6.88328501e-02,8.60427597e+02,1.26498203e-01
2.14927544e+03,2.54172070e+03,6.70401656e-02,2.05221364e+03,6.86912729e-02,8.63548954e+02,1.26115597e-01
2.15606425e+03,2.54968738e+03,6.69033991e-02,2.05866099e+03,6.85501386e-02,8.66681568e+02,1.25734444e-01
2.16287451e+03,2.55767903e+03,6.67670586e-02,2.06512858e+03,6.84094459e-02,8.69825480e+02,1.25354738e-01
2.16970627e+03,2.56569571e+03,6.66311429e-02,2.07161646e+03,6.82691933e-02,8.72980727e+02,1.24976474e-01
2.17655962e+03,2.57373752e+03,6.64956507e-02,2.07812471e+03,6.81293795e-02,8.76147350e+02,1.24599647e-01
2.18343461e+03,2.58180451e+03,6.63605805e-02,2.08465338e+03,6.79900032e-02,8.79325388e+02,1.24224250e-01
2.19033132e+03,2.58989679e+03,6.62259312e-02,2.09120254e+03,6.78510629e-02,8.82514880e+02,1.23850278e-01
2.19724981e+03,2.59801441e+03,6.60917013e-02,2.09777226e+03,6.77125573e-02,8.85715866e+02,1.23477727e-01
2.20419015e+03,2.60615747e+03,6.59578896e-02,2.10436259e+03,6.75744849e-02,8.88928386e+02,1.23106590e-01
2.21115242e+03,2.61432605e+03,6.58244947e-02,2.11097361e+03,6.74368445e-02,8.92152480e+02,1.22736863e-01
2.21813668e+03,2.62252022e+03,6.56915154e-02,2.11760537e+03,6.72996347e-02,8.95388187e+02,1.22368539e-01
2.22514300e+03,2.63074006e+03,6.55589503e-02,2.12425795e+03,6.71628541e-02,8.98635549e+02,1.22001614e-01
2.23217145e+03,2.63898566e+03,6.54267981e-02,2.13093140e+03,6.70265013e-02,9.01894606e+02,1.21636082e-01
2.23922210e+03,2.64725709e+03,6.52950576e-02,2.13762580e+03,6.68905749e-02,9.05165397e+02,1.21271937e-01
2.24629502e+03,2.65555444e+03,6.51637273e-02,2.14434121e+03,6.67550738e-02,9.08447963e+02,1.20909176e-01
2.25339028e+03,2.66387779e+03,6.50328061e-02,2.15107770e+03,6.66199963e-02,9.11742345e+02,1.20547791e-01
2.26050796e+03,2.67222722e+03,6.49022926e-02,2.15783533e+03,6.64853413e-02,9.15048584e+02,1.20187778e-01
2.26764811e+03,2.68060280e+03,6.47721856e-02,2.16461416e+03,6.63511074e-02,9.18366721e+02,1.19829132e-01
2.27481082e+03,2.68900464e+03,6.46424837e-02,2.17141428e+03,6.62172932e-02,9.21696797e+02,1.19471847e-01
2.28199615e+03,2.69743280e+03,6.45131856e-02,2.17823573e+03,6.60838974e-02,9.25038852e+02,1.19115918e-01
2.28920418e+03,2.70588737e+03,6.43842901e-02,2.18507859e+03,6.59509186e-02,9.28392929e+02,1.18761341e-01
2.29643498e+03,2.71436843e+03,6.42557958e-02,2.19194293e+03,6.58183555e-02,9.31759068e+02,1.18408109e-01
2.30368862e+03,2.72287606e+03,6.41277016e-02,2.19882882e+03,6.56862068e-02,9.35137312e+02,1.18056217e-01
2.31096516e+03,2.73141036e+03,6.40000061e-02,2.20573631e+03,6.55544711e-02,9.38527701e+02,1.17705662e-01
2.31826470e+03,2.73997139e+03,6.38727080e-02,2.21266549e+03,6.54231471e-02,9.41930278e+02,1.17356436e-01
2.32558728e+03,2.74855925e+03,6.37458060e-02,2.21961641e+03,6.52922335e-02,9.45345085e+02,1.17008536e-01
2.33293300e+03,2.75717403e+03,6.36192989e-02,2.22658915e+03,6.51617289e-02,9.48772163e+02,1.16661956e-01
2.34030192e+03,2.76581580e+03,6.34931855e-02,2.23358378e+03,6.50316320e-02,9.52211555e+02,1.16316690e-01
2.34769412e+03,2.77448464e+03,6.33674644e-02,2.24060036e+03,6.49019416e-02,9.55663303e+02,1.15972735e-01
2.35510967e+03,2.78318065e+03,6.32421344e-02,2.24763896e+03,6.47726562e-02,9.59127450e+02,1.15630084e-01
2.36254864e+03,2.79190392e+03,6.31171941e-02,2.25469965e+03,6.46437746e-02,9.62604038e+02,1.15288734e-01
2.37001110e+03,2.80065452e+03,6.29926425e-02,2.26178250e+03,6.45152954e-02,9.66093110e+02,1.14948678e-01
2.37749714e+03,2.80943254e+03,6.28684781e-02,2.26888759e+03,6.43872173e-02,9.69594708e+02,1.14609912e-01
2.38500682e+03,2.81823806e+03,6.27446998e-02,2.27601497e+03,6.42595391e-02,9.73108877e+02,1.14272431e-01
2.39254023e+03,2.82707118e+03,6.26213062e-02,2.28316473e+03,6.41322594e-02,9.76635658e+02,1.13936229e-01
2.40009743e+03,2.83593199e+03,6.24982962e-02,2.29033693e+03,6.40053770e-02,9.80175095e+02,1.13601302e-01
2.40767850e+03,2.84482056e+03,6.23756685e-02,2.29753164e+03,6.38788904e-02,9.83727231e+02,1.13267646e-01
2.41528351e+03,2.85373698e+03,6.22534218e-02,2.30474893e+03,6.37527985e-02,9.87292110e+02,1.12935254e-01
2.42291255e+03,2.86268135e+03,6.21315549e-02,2.31198887e+03,6.36270999e-02,9.90869776e+02,1.12604123e-01
2.43056569e+03,2.87165375e+03,6.20100665e-02,2.31925154e+03,6.35017934e-02,9.94460272e+02,1.12274246e-01
2.43824299e+03,2.88065427e+03,6.18889555e-02,2.32653701e+03,6.33768776e-02,9.98063643e+02,1.11945620e-01
2.44594455e+03,2.88968299e+03,6.17682205e-02,2.33384534e+03,6.32523513e-02,1.00167993e+03,1.11618240e-01
2.45367044e+03,2.89874001e+03,6.16478604e-02,2.34117662e+03,6.31282131e-02,1.00530918e+03,1.11292100e-01
2.46142073e+03,2.90782541e+03,6.15278739e-02,2.34853090e+03,6.30044619e-02,1.00895144e+03,1.10967196e-01
2.46919549e+03,2.91693929e+03,6.14082598e-02,2.35590827e+03,6.28810962e-02,1.01260675e+03,1.10643522e-01
2.47699482e+03,2.92608173e+03,6.12890169e-02,2.36330880e+03,6.27581149e-02,1.01627515e+03,1.10321075e-01
2.48481878e+03,2.93525282e+03,6.11701439e-02,2.37073256e+03,6.26355167e-02,1.01995670e+03,1.09999850e-01
2.49266746e+03,2.94445265e+03,6.10516396e-02,2.37817962e+03,6.25133003e-02,1.02365143e+03,1.09679841e-01
2.50054092e+03,2.95368132e+03,6.09335028e-02,2.38565005e+03,6.23914644e-02,1.02735939e+03,1.09361044e-01
2.50843926e+03,2.96293891e+03,6.08157323e-02,2.39314394e+03,6.22700078e-02,1.03108063e+03,1.09043454e-01
2.51636254e+03,2.97222552e+03,6.06983268e-02,2.40066135e+03,6.21489292e-02,1.03481518e+03,1.08727066e-01
2.52431086e+03,2.98154123e+03,6.05812853e-02,2.40820235e+03,6.20282274e-02,1.03856311e+03,1.08411876e-01
2.53228427e+03,2.99088614e+03,6.04646063e-02,2.41576703e+03,6.19079010e-02,1.04232444e+03,1.08097880e-01
2.54028287e+03,3.00026033e+03,6.03482889e-02,2.42335545e+03,6.17879489e-02,1.04609924e+03,1.07785071e-01
2.54830674e+03,3.00966391e+03,6.02323316e-02,2.43096769e+03,6.16683698e-02,1.04988753e+03,1.07473447e-01
2.55635595e+03,3.01909696e+03,6.01167335e-02,2.43860383e+03,6.15491624e-02,1.05368938e+03,1.07163001e-01
2.56443059e+03,3.02855958e+03,6.00014931e-02,2.44626394e+03,6.14303255e-02,1.05750482e+03,1.06853730e-01
2.57253073e+03,3.03805186e+03,5.98866094e-02,2.45394809e+03,6.13118579e-02,1.06133390e+03,1.06545628e-01
2.58065646e+03,3.04757389e+03,5.97720812e-02,2.46165637e+03,6.11937583e-02,1.06517667e+03,1.06238692e-01
2.58880785e+03,3.05712576e+03,5.96579073e-02,2.46938884e+03,6.10760254e-02,1.06903318e+03,1.05932917e-01
2.59698499e+03,3.06670757e+03,5.95440865e-02,2.47714559e+03,6.09586582e-02,1.07290346e+03,1.05628297e-01
2.60518796e+03,3.07631942e+03,5.94306175e-02,2.48492669e+03,6.08416552e-02,1.07678758e+03,1.05324830e-01
2.61341684e+03,3.08596139e+03,5.93174993e-02,2.49273221e+03,6.07250153e-02,1.08068557e+03,1.05022509e-01
2.62167171e+03,3.09563359e+03,5.92047307e-02,2.50056224e+03,6.06087373e-02,1.08459748e+03,1.04721330e-01
2.62995265e+03,3.10533610e+03,5.90923104e-02,2.50841685e+03,6.04928199e-02,1.08852337e+03,1.04421290e-01
2.63825976e+03,3.11506903e+03,5.89802373e-02,2.51629611e+03,6.03772620e-02,1.09246327e+03,1.04122383e-01
2.64659310e+03,3.12483247e+03,5.88685103e-02,2.52420011e+03,6.02620623e-02,1.09641723e+03,1.03824605e-01
2.65495276e+03,3.13462651e+03,5.87571281e-02,2.53212892e+03,6.01472195e-02,1.10038531e+03,1.03527952e-01
2.66333883e+03,3.14445125e+03,5.86460896e-02,2.54008263e+03,6.00327325e-02,1.10436754e+03,1.03232419e-01
2.67175139e+03,3.15428023e+03,5.85356910e-02,2.54804957e+03,5.99187674e-02,1.10852499e+03,1.02926186e-01
2.68019052e+03,3.16416678e+03,5.84253333e-02,2.55605332e+03,5.98049869e-02,1.11253506e+03,1.02633012e-01
2.68865631e+03,3.17408431e+03,5.83153159e-02,2.56408221e+03,5.96915585e-02,1.11655944e+03,1.02340943e-01
2.69714883e+03,3.18403294e+03,5.82056375e-02,2.57213629e+03,5.95784812e-02,1.12059817e+03,1.02049976e-01
2.70566818e+03,3.19401275e+03,5.80962971e-02,2.58021567e+03,5.94657536e-02,1.12465131e+03,1.01760105e-01
2.71421444e+03,3.20402385e+03,5.79872935e-02,2.58832040e+03,5.93533745e-02,1.12871889e+03,1.01471327e-01
2.72278770e+03,3.21406632e+03,5.78786256e-02,2.59645059e+03,5.92413429e-02,1.13280098e+03,1.01183637e-01
2.73138804e+03,3.22414028e+03,5.77702922e-02,2.60460629e+03,5.91296575e-02,1.13689762e+03,1.00897031e-01
2.74001554e+03,3.23424582e+03,5.76622921e-02,2.61278760e+03,5.90183172e-02,1.14100885e+03,1.00611504e-01
2.74867029e+03,3.24438304e+03,5.75546243e-02,2.62099460e+03,5.89073206e-02,1.14513474e+03,1.00327052e-01
2.75735238e+03,3.25455204e+03,5.74472875e-02,2.62922736e+03,5.87966668e-02,1.14927532e+03,1.00043671e-01
2.76606189e+03,3.26475291e+03,5.73402808e-02,2.63748597e+03,5.86863544e-02,1.15343065e+03,9.97613573e-02
2.77479892e+03,3.27498577e+03,5.72336029e-02,2.64577051e+03,5.85763824e-02,1.15760078e+03,9.94801056e-02
2.78356354e+03,3.28525070e+03,5.71272526e-02,2.65408106e+03,5.84667495e-02,1.16178575e+03,9.91999121e-02
2.79235584e+03,3.29554782e+03,5.70212290e-02,2.66241770e+03,5.83574545e-02,1.16598562e+03,9.89207726e-02
2.80117592e+03,3.30587721e+03,5.69155309e-02,2.67078051e+03,5.82484964e-02,1.17020044e+03,9.86426828e-02
2.81002386e+03,3.31623899e+03,5.68101571e-02,2.67916958e+03,5.81398740e-02,1.17443026e+03,9.83656386e-02
2.81889974e+03,3.32663326e+03,5.67051065e-02,2.68758499e+03,5.80315860e-02,1.17867513e+03,9.80896358e-02
2.82780366e+03,3.33706011e+03,5.66003780e-02,2.69602682e+03,5.79236314e-02,1.18293510e+03,9.78146703e-02
2.83673571e+03,3.34751965e+03,5.64959706e-02,2.70449516e+03,5.78160089e-02,1.18721022e+03,9.75407378e-02
2.84569597e+03,3.35801198e+03,5.63918830e-02,2.71299008e+03,5.77087175e-02,1.19150055e+03,9.72678343e-02
2.85468453e+03,3.36853721e+03,5.62881143e-02,2.72151168e+03,5.76017560e-02,1.19580612e+03,9.69959557e-02
2.86370148e+03,3.37909544e+03,5.61846632e-02,2.73006003e+03,5.74951232e-02,1.20012701e+03,9.67250979e-02
2.87274691e+03,3.38968676e+03,5.60815288e-02,2.73863522e+03,5.73888180e-02,1.20446324e+03,9.64552567e-02
2.88182092e+03,3.40031130e+03,5.59787099e-02,2.74723734e+03,5.72828393e-02,1.20881489e+03,9.61864281e-02
2.89092358e+03,3.41096915e+03,5.58762053e-02,2.75586646e+03,5.71771859e-02,1.21318200e+03,9.59186080e-02
2.90005500e+03,3.42166041e+03,5.57740141e-02,2.76452268e+03,5.70718567e-02,1.21756462e+03,9.56517924e-02
2.90921526e+03,3.43238520e+03,5.56721351e-02,2.77320608e+03,5.69668506e-02,1.22196281e+03,9.53859772e-02
2.91840446e+03,3.44314361e+03,5.55705673e-02,2.78191674e+03,5.68621664e-02,1.22637661e+03,9.51211585e-02
2.92762268e+03,3.45393575e+03,5.54693095e-02,2.79065476e+03,5.67578030e-02,1.23080609e+03,9.48573322e-02
2.93687002e+03,3.46476173e+03,5.53683607e-02,2.79942021e+03,5.66537594e-02,1.23525128e+03,9.45944943e-02
2.94614656e+03,3.47562166e+03,5.52677198e-02,2.80821319e+03,5.65500342e-02,1.23971226e+03,9.43326409e-02
2.95545241e+03,3.48651564e+03,5.51673857e-02,2.81703377e+03,5.64466266e-02,1.24418906e+03,9.40717680e-02
2.96478765e+03,3.49744377e+03,5.50673574e-02,2.82588205e+03,5.63435353e-02,1.24868174e+03,9.38118716e-02
2.97415238e+03,3.50840617e+03,5.49676338e-02,2.83475812e+03,5.62407592e-02,1.25319037e+03,9.35529478e-02
2.98354669e+03,3.51940295e+03,5.48682138e-02,2.84366205e+03,5.61382973e-02,1.25771498e+03,9.32949927e-02
2.99297068e+03,3.53043421e+03,5.47690964e-02,2.85259395e+03,5.60361484e-02,1.26225563e+03,9.30380024e-02
3.00242443e+03,3.54150006e+03,5.46702805e-02,2.86155389e+03,5.59343114e-02,1.26681238e+03,9.27819729e-02
3.01190804e+03,3.55260060e+03,5.45717650e-02,2.87054197e+03,5.58327852e-02,1.27138528e+03,9.25269004e-02
3.02142160e+03,3.56373596e+03,5.44735489e-02,2.87955827e+03,5.57315688e-02,1.27597439e+03,9.22727810e-02
3.03096522e+03,3.57490623e+03,5.43756312e-02,2.88860288e+03,5.56306610e-02,1.28057976e+03,9.20196109e-02
3.04053898e+03,3.58611153e+03,5.42780107e-02,2.89767590e+03,5.55300608e-02,1.28520145e+03,9.17673863e-02
3.05014298e+03,3.59735197e+03,5.41806865e-02,2.90677740e+03,5.54297670e-02,1.28983950e+03,9.15161032e-02
3.05977732e+03,3.60862766e+03,5.40836575e-02,2.91590749e+03,5.53297786e-02,1.29449398e+03,9.12657579e-02
3.06944209e+03,3.61993870e+03,5.39869226e-02,2.92506625e+03,5.52300945e-02,1.29916494e+03,9.10163465e-02
3.07913738e+03,3.63128522e+03,5.38904808e-02,2.93425376e+03,5.51307137e-02,1.30385243e+03,9.07678654e-02
3.08886330e+03,3.64266731e+03,5.37943312e-02,2.94347013e+03,5.50316349e-02,1.30855652e+03,9.05203106e-02
3.09861994e+03,3.65408511e+03,5.36984726e-02,2.95271544e+03,5.49328573e-02,1.31327725e+03,9.02736785e-02
3.10840740e+03,3.66553870e+03,5.36029040e-02,2.96198979e+03,5.48343796e-02,1.31801468e+03,9.00279653e-02
3.11822578e+03,3.67702822e+03,5.35076244e-02,2.97129326e+03,5.47362009e-02,1.32276888e+03,8.97831672e-02
3.12807516e+03,3.68855377e+03,5.34126327e-02,2.98062595e+03,5.46383201e-02,1.32753989e+03,8.95392806e-02
3.13795566e+03,3.70011546e+03,5.33179280e-02,2.98998794e+03,5.45407361e-02,1.33232777e+03,8.92963016e-02
3.14786737e+03,3.71171341e+03,5.32235093e-02,2.99937933e+03,5.44434478e-02,1.33713257e+03,8.90542268e-02
3.15781038e+03,3.72334774e+03,5.31293754e-02,3.00880022e+03,5.43464543e-02,1.34195437e+03,8.88130522e-02
3.16778480e+03,3.73501855e+03,5.30355254e-02,3.01825070e+03,5.42497544e-02,1.34679320e+03,8.85727743e-02
3.17779073e+03,3.74672597e+03,5.29419584e-02,3.02773085e+03,5.41533471e-02,1.35164914e+03,8.83333894e-02
3.18782826e+03,3.75847010e+03,5.28486732e-02,3.03724077e+03,5.40572313e-02,1.35652223e+03,8.80948939e-02
3.19789750e+03,3.77025106e+03,5.27556688e-02,3.04678057e+03,5.39614061e-02,1.36141253e+03,8.78572841e-02
3.20799854e+03,3.78206897e+03,5.26629444e-02,3.05635032e+03,5.38658703e-02,1.36632010e+03,8.76205564e-02
3.21813148e+03,3.79392395e+03,5.25704988e-02,3.06595012e+03,5.37706230e-02,1.37124501e+03,8.73847073e-02
3.22829644e+03,3.80581611e+03,5.24783311e-02,3.07558008e+03,5.36756630e-02,1.37618730e+03,8.71497330e-02
3.23849350e+03,3.81774557e+03,5.23864402e-02,3.08524028e+03,5.35809895e-02,1.38114704e+03,8.69156300e-02
3.24872277e+03,3.82971244e+03,5.22948252e-02,3.09493081e+03,5.34866012e-02,1.38612428e+03,8.66823948e-02
3.25898435e+03,3.84171685e+03,5.22034852e-02,3.10465179e+03,5.33924973e-02,1.39111909e+03,8.64500239e-02
3.26927835e+03,3.85375891e+03,5.21124190e-02,3.11440329e+03,5.32986767e-02,1.39613152e+03,8.62185135e-02
3.27960485e+03,3.86583873e+03,5.20216258e-02,3.12418542e+03,5.32051383e-02,1.40116162e+03,8.59878603e-02
3.28996398e+03,3.87795645e+03,5.19311045e-02,3.13399827e+03,5.31118812e-02,1.40620947e+03,8.57580607e-02
3.30035583e+03,3.89011218e+03,5.18408542e-02,3.14384194e+03,5.30189043e-02,1.41127512e+03,8.55291112e-02
3.31078050e+03,3.90230603e+03,5.17508738e-02,3.15371653e+03,5.29262066e-02,1.41635862e+03,8.53010083e-02
3.32123810e+03,3.91453813e+03,5.16611625e-02,3.16362213e+03,5.28337872e-02,1.42146005e+03,8.50737486e-02
3.33172873e+03,3.92680860e+03,5.15717192e-02,3.17355885e+03,5.27416449e-02,1.42657945e+03,8.48473285e-02
3.34225250e+03,3.93911755e+03,5.14825430e-02,3.18352677e+03,5.26497789e-02,1.43171690e+03,8.46217446e-02
3.35280951e+03,3.95146512e+03,5.13936329e-02,3.19352600e+03,5.25581880e-02,1.43687244e+03,8.43969935e-02
3.36339986e+03,3.96385142e+03,5.13049880e-02,3.20355664e+03,5.24668714e-02,1.44204614e+03,8.41730717e-02
3.37402367e+03,3.97627657e+03,5.12166072e-02,3.21361879e+03,5.23758279e-02,1.44723806e+03,8.39499758e-02
3.38468103e+03,3.98874069e+03,5.11284897e-02,3.22371253e+03,5.22850567e-02,1.45244827e+03,8.37277024e-02
3.39537206e+03,4.00124392e+03,5.10406345e-02,3.23383798e+03,5.21945567e-02,1.45767681e+03,8.35062482e-02
3.40609685e+03,4.01378636e+03,5.09530406e-02,3.24399524e+03,5.21043270e-02,1.46292376e+03,8.32856097e-02
3.41685553e+03,4.02636815e+03,5.08657071e-02,3.25418440e+03,5.20143665e-02,1.46818918e+03,8.30657835e-02
3.42764818e+03,4.03898941e+03,5.07786330e-02,3.26440556e+03,5.19246742e-02,1.47347312e+03,8.28467664e-02
3.43847492e+03,4.05165026e+03,5.06918174e-02,3.27465883e+03,5.18352493e-02,1.47877565e+03,8.26285549e-02
3.44933587e+03,4.06435083e+03,5.06052594e-02,3.28494430e+03,5.17460907e-02,1.48409683e+03,8.24111457e-02
3.46023111e+03,4.07709124e+03,5.05189580e-02,3.29526208e+03,5.16571974e-02,1.48943673e+03,8.21945356e-02
3.47116078e+03,4.08987161e+03,5.04329122e-02,3.30561228e+03,5.15685686e-02,1.49479540e+03,8.19787212e-02
3.48212496e+03,4.10269208e+03,5.03471212e-02,3.31599498e+03,5.14802031e-02,1.50017291e+03,8.17636991e-02
3.49312378e+03,4.11555277e+03,5.02615840e-02,3.32641029e+03,5.13921001e-02,1.50556933e+03,8.15494663e-02
3.50415734e+03,4.12845381e+03,5.01762997e-02,3.33685832e+03,5.13042585e-02,1.51098470e+03,8.13360192e-02
3.51522575e+03,4.14139531e+03,5.00912674e-02,3.34733918e+03,5.12166775e-02,1.51641911e+03,8.11233548e-02
3.52632912e+03,4.15437742e+03,5.00064861e-02,3.35785295e+03,5.11293561e-02,1.52187261e+03,8.09114697e-02
3.53746756e+03,4.16740026e+03,4.99219549e-02,3.36839975e+03,5.10422932e-02,1.52734526e+03,8.07003607e-02
3.54864118e+03,4.18046395e+03,4.98376729e-02,3.37897968e+03,5.09554881e-02,1.53283713e+03,8.04900246e-02
3.55985010e+03,4.19356862e+03,4.97536392e-02,3.38959284e+03,5.08689396e-02,1.53834829e+03,8.02804582e-02
3.57109443e+03,4.20671441e+03,4.96698529e-02,3.40023935e+03,5.07826470e-02,1.54387880e+03,8.00716583e-02
3.58237427e+03,4.21990144e+03,4.95863131e-02,3.41091929e+03,5.06966091e-02,1.54942871e+03,7.98636217e-02
3.59368974e+03,4.23312985e+03,4.95030188e-02,3.42163279e+03,5.06108252e-02,1.55499811e+03,7.96563452e-02
3.60504095e+03,4.24639976e+03,4.94199692e-02,3.43237994e+03,5.05252942e-02,1.56058704e+03,7.94498256e-02
3.61642802e+03,4.25971130e+03,4.93371634e-02,3.44316086e+03,5.04400152e-02,1.56619559e+03,7.92440598e-02
3.62785105e+03,4.27306461e+03,4.92546004e-02,3.45397564e+03,5.03549873e-02,1.57182380e+03,7.90390447e-02
3.63931016e+03,4.28645981e+03,4.91722794e-02,3.46482439e+03,5.02702096e-02,1.57747176e+03,7.88347772e-02
3.65080547e+03,4.29989704e+03,4.90901994e-02,3.47570723e+03,5.01856812e-02,1.58313952e+03,7.86312540e-02
3.66233709e+03,4.31337643e+03,4.90083597e-02,3.48662425e+03,5.01014010e-02,1.58882715e+03,7.84284722e-02
3.67390514e+03,4.32689811e+03,4.89267592e-02,3.49757557e+03,5.00173682e-02,1.59453471e+03,7.82264285e-02
3.68550972e+03,4.34046222e+03,4.88453972e-02,3.50856129e+03,4.99335819e-02,1.60026228e+03,7.80251200e-02
3.69715096e+03,4.35406889e+03,4.87642726e-02,3.51958152e+03,4.98500412e-02,1.60600992e+03,7.78245436e-02
3.70882897e+03,4.36771825e+03,4.86833848e-02,3.53063638e+03,4.97667451e-02,1.61177770e+03,7.76246962e-02
3.72054387e+03,4.38141044e+03,4.86027327e-02,3.54172597e+03,4.96836928e-02,1.61756568e+03,7.74255747e-02
3.73229577e+03,4.39514559e+03,4.85223154e-02,3.55285039e+03,4.96008833e-02,1.62337393e+03,7.72271762e-02
3.74408479e+03,4.40892384e+03,4.84421323e-02,3.56400976e+03,4.95183157e-02,1.62920252e+03,7.70294975e-02
3.75591104e+03,4.42274532e+03,4.83621822e-02,3.57520420e+03,4.94359892e-02,1.63505152e+03,7.68325358e-02
3.76777465e+03,4.43661017e+03,4.82824645e-02,3.58643380e+03,4.93539028e-02,1.64092099e+03,7.66362879e-02
3.77967574e+03,4.45051853e+03,4.82029782e-02,3.59769868e+03,4.92720556e-02,1.64681100e+03,7.64407509e-02
3.79161441e+03,4.46447053e+03,4.81237224e-02,3.60899895e+03,4.91904468e-02,1.65272163e+03,7.62459219e-02
3.80359080e+03,4.47846631e+03,4.80446964e-02,3.62033473e+03,4.91090754e-02,1.65865293e+03,7.60517978e-02
3.81560502e+03,4.49250601e+03,4.79658992e-02,3.63170612e+03,4.90279406e-02,1.66460498e+03,7.58583757e-02
3.82765718e+03,4.50658976e+03,4.78873300e-02,3.64311323e+03,4.89470415e-02,1.67057785e+03,7.56656526e-02
3.83974741e+03,4.52071771e+03,4.78089879e-02,3.65455619e+03,4.88663772e-02,1.67657161e+03,7.54736257e-02
3.85187584e+03,4.53488999e+03,4.77308722e-02,3.66603509e+03,4.87859468e-02,1.68258633e+03,7.52822920e-02
3.86404257e+03,4.54910675e+03,4.76529818e-02,3.67755007e+03,4.87057494e-02,1.68862207e+03,7.50916485e-02
3.87624773e+03,4.56336812e+03,4.75753161e-02,3.68910122e+03,4.86257842e-02,1.69467890e+03,7.49016925e-02
3.88849144e+03,4.57767424e+03,4.74978742e-02,3.70068866e+03,4.85460504e-02,1.70075691e+03,7.47124209e-02
3.90077383e+03,4.59202526e+03,4.74206552e-02,3.71231251e+03,4.84665469e-02,1.70685615e+03,7.45238310e-02
3.91309501e+03,4.60642131e+03,4.73436582e-02,3.72397288e+03,4.83872730e-02,1.71297670e+03,7.43359198e-02
3.92545511e+03,4.62086255e+03,4.72668826e-02,3.73566989e+03,4.83082278e-02,1.71911863e+03,7.41486845e-02
3.93785426e+03,4.63534910e+03,4.71903273e-02,3.74740365e+03,4.82294105e-02,1.72528201e+03,7.39621223e-02
3.95029256e+03,4.64988111e+03,4.71139917e-02,3.75917427e+03,4.81508201e-02,1.73146690e+03,7.37762303e-02
3.96277016e+03,4.66445873e+03,4.70378748e-02,3.77098188e+03,4.80724559e-02,1.73767340e+03,7.35910058e-02
3.97528716e+03,4.67908210e+03,4.69619759e-02,3.78282659e+03,4.79943169e-02,1.74390155e+03,7.34064458e-02
3.98784371e+03,4.69375136e+03,4.68862941e-02,3.79470852e+03,4.79164024e-02,1.75015145e+03,7.32225476e-02
4.00043992e+03,4.70846666e+03,4.68108286e-02,3.80662778e+03,4.78387114e-02,1.75642315e+03,7.30393084e-02
4.01307591e+03,4.72322814e+03,4.67355786e-02,3.81858450e+03,4.77612432e-02,1.76271673e+03,7.28567255e-02
4.02575181e+03,4.73803595e+03,4.66605433e-02,3.83057878e+03,4.76839969e-02,1.76903227e+03,7.26747960e-02
4.03846776e+03,4.75289024e+03,4.65857219e-02,3.84261075e+03,4.76069716e-02,1.77536983e+03,7.24935173e-02
4.05122387e+03,4.76779114e+03,4.65111135e-02,3.85468053e+03,4.75301666e-02,1.78172950e+03,7.23128865e-02
4.06402027e+03,4.78273881e+03,4.64367174e-02,3.86678823e+03,4.74535809e-02,1.78811134e+03,7.21329009e-02
4.07685709e+03,4.79773340e+03,4.63625328e-02,3.87893398e+03,4.73772138e-02,1.79451543e+03,7.19535579e-02
4.08973446e+03,4.81277504e+03,4.62885588e-02,3.89111789e+03,4.73010644e-02,1.80094184e+03,7.17748546e-02
4.10265250e+03,4.82786390e+03,4.62147947e-02,3.90334009e+03,4.72251319e-02,1.80739064e+03,7.15967885e-02
4.11561135e+03,4.84300011e+03,4.61412397e-02,3.91560069e+03,4.71494155e-02,1.81386192e+03,7.14193567e-02
4.12861113e+03,4.85818383e+03,4.60678929e-02,3.92789982e+03,4.70739143e-02,1.82035574e+03,7.12425567e-02
4.14165197e+03,4.87341521e+03,4.59947536e-02,3.94023760e+03,4.69986276e-02,1.82687218e+03,7.10663857e-02
4.15473401e+03,4.88869439e+03,4.59218210e-02,3.95261415e+03,4.69235545e-02,1.83341132e+03,7.08908411e-02
4.16785736e+03,4.90402154e+03,4.58490943e-02,3.96502959e+03,4.68486942e-02,1.83997323e+03,7.07159203e-02
4.18102217e+03,4.91939679e+03,4.57765728e-02,3.97748404e+03,4.67740459e-02,1.84655798e+03,7.05416206e-02
4.19422856e+03,4.93482030e+03,4.57042556e-02,3.98997764e+03,4.66996088e-02,1.85316566e+03,7.03679393e-02
4.20747666e+03,4.95029222e+03,4.56321420e-02,4.00251049e+03,4.66253821e-02,1.85979633e+03,7.01948740e-02
4.22076661e+03,4.96581271e+03,4.55602312e-02,4.01508272e+03,4.65513649e-02,1.86645008e+03,7.00224219e-02
4.23409854e+03,4.98138191e+03,4.54885224e-02,4.02769446e+03,4.64775566e-02,1.87312698e+03,6.98505804e-02
4.24747258e+03,4.99699998e+03,4.54170148e-02,4.04034584e+03,4.64039562e-02,1.87982711e+03,6.96793471e-02
4.26088886e+03,5.01266708e+03,4.53457078e-02,4.05303697e+03,4.63305630e-02,1.88655054e+03,6.95087192e-02
4.27434752e+03,5.02838335e+03,4.52746004e-02,4.06576799e+03,4.62573762e-02,1.89329736e+03,6.93386943e-02
4.28784869e+03,5.04414896e+03,4.52036921e-02,4.07853901e+03,4.61843951e-02,1.90006764e+03,6.91692698e-02
4.30139251e+03,5.05996406e+03,4.51329819e-02,4.09135017e+03,4.61116187e-02,1.90686145e+03,6.90004431e-02
4.31497911e+03,5.07582880e+03,4.50624692e-02,4.10420159e+03,4.60390464e-02,1.91367888e+03,6.88322118e-02
4.32860862e+03,5.09174334e+03,4.49921532e-02,4.11709339e+03,4.59666774e-02,1.92052001e+03,6.86645732e-02
4.34228118e+03,5.10770784e+03,4.49220331e-02,4.13002571e+03,4.58945108e-02,1.92738491e+03,6.84975249e-02
4.35599693e+03,5.12372246e+03,4.48521082e-02,4.14299867e+03,4.58225459e-02,1.93427367e+03,6.83310644e-02
4.36975601e+03,5.13978734e+03,4.47823777e-02,4.15601241e+03,4.57507820e-02,1.94118635e+03,6.81651892e-02
4.38355854e+03,5.15586389e+03,4.47130077e-02,4.16904992e+03,4.56793118e-02,1.94835803e+03,6.79943175e-02
4.39740467e+03,5.17202996e+03,4.46436622e-02,4.18214563e+03,4.56079465e-02,1.95531792e+03,6.78296655e-02
4.41129454e+03,5.18824677e+03,4.45745090e-02,4.19528250e+03,4.55367799e-02,1.96230197e+03,6.76655908e-02
4.42522828e+03,5.20451449e+03,4.45055472e-02,4.20846065e+03,4.54658112e-02,1.96931028e+03,6.75020908e-02
4.43920603e+03,5.22083328e+03,4.44367762e-02,4.22168023e+03,4.53950395e-02,1.97634293e+03,6.73391631e-02
4.45322793e+03,5.23720330e+03,4.43681952e-02,4.23494134e+03,4.53244642e-02,1.98339999e+03,6.71768054e-02
4.46729412e+03,5.25362471e+03,4.42998035e-02,4.24824414e+03,4.52540845e-02,1.99048155e+03,6.70150151e-02
4.48140475e+03,5.27009767e+03,4.42316004e-02,4.26158874e+03,4.51838997e-02,1.99758768e+03,6.68537899e-02
4.49555994e+03,5.28662234e+03,4.41635851e-02,4.27497528e+03,4.51139089e-02,2.00471848e+03,6.66931274e-02
4.50975984e+03,5.30319889e+03,4.40957570e-02,4.28840390e+03,4.50441115e-02,2.01187401e+03,6.65330253e-02
4.52400460e+03,5.31982748e+03,4.40281152e-02,4.30187472e+03,4.49745067e-02,2.01905437e+03,6.63734810e-02
4.53829435e+03,5.33650827e+03,4.39606591e-02,4.31538788e+03,4.49050937e-02,2.02625964e+03,6.62144924e-02
4.55262924e+03,5.35324144e+03,4.38933880e-02,4.32894351e+03,4.48358718e-02,2.03348989e+03,6.60560569e-02
4.56700941e+03,5.37002713e+03,4.38263011e-02,4.34254174e+03,4.47668403e-02,2.04074521e+03,6.58981723e-02
4.58143500e+03,5.38686552e+03,4.37593978e-02,4.35618271e+03,4.46979984e-02,2.04802569e+03,6.57408363e-02
4.59590615e+03,5.40375678e+03,4.36926773e-02,4.36986656e+03,4.46293455e-02,2.05533140e+03,6.55840465e-02
4.61042301e+03,5.42070107e+03,4.36261389e-02,4.38359342e+03,4.45608807e-02,2.06266243e+03,6.54278005e-02
4.62498573e+03,5.43769856e+03,4.35597819e-02,4.39736342e+03,4.44926033e-02,2.07001887e+03,6.52720962e-02
4.63959444e+03,5.45474941e+03,4.34936057e-02,4.41117669e+03,4.44245127e-02,2.07740080e+03,6.51169312e-02
4.65424930e+03,5.47185380e+03,4.34276095e-02,4.42503339e+03,4.43566081e-02,2.08480830e+03,6.49623031e-02
4.66895045e+03,5.48901188e+03,4.33617926e-02,4.43893364e+03,4.42888887e-02,2.09224146e+03,6.48082098e-02
4.68369804e+03,5.50622384e+03,4.32961543e-02,4.45287758e+03,4.42213539e-02,2.09970036e+03,6.46546490e-02
4.69849220e+03,5.52348984e+03,4.32306940e-02,4.46686535e+03,4.41540030e-02,2.10718509e+03,6.45016184e-02
4.71333310e+03,5.54081005e+03,4.31654109e-02,4.48089708e+03,4.40868351e-02,2.11469574e+03,6.43491158e-02
4.72822087e+03,5.55818464e+03,4.31003044e-02,4.49497292e+03,4.40198497e-02,2.12223238e+03,6.41971389e-02
4.74315567e+03,5.57561379e+03,4.30353737e-02,4.50909300e+03,4.39530461e-02,2.12979511e+03,6.40456854e-02
4.75813765e+03,5.59309765e+03,4.29706183e-02,4.52325746e+03,4.38864234e-02,2.13738401e+03,6.38947533e-02
4.77316694e+03,5.61063642e+03,4.29060374e-02,4.53746645e+03,4.38199810e-02,2.14499917e+03,6.37443402e-02
4.78824371e+03,5.62823025e+03,4.28416303e-02,4.55172010e+03,4.37537182e-02,2.15264068e+03,6.35944441e-02
4.80336810e+03,5.64587933e+03,4.27773964e-02,4.56601855e+03,4.36876343e-02,2.16030862e+03,6.34450625e-02
4.81854026e+03,5.66358382e+03,4.27133349e-02,4.58036195e+03,4.36217287e-02,2.16800307e+03,6.32961935e-02
4.83376035e+03,5.68134391e+03,4.26494453e-02,4.59475044e+03,4.35560005e-02,2.17572414e+03,6.31478348e-02
4.84902851e+03,5.69915976e+03,4.25857269e-02,4.60918415e+03,4.34904492e-02,2.18347190e+03,6.29999843e-02
4.86434490e+03,5.71703155e+03,4.25221790e-02,4.62366323e+03,4.34250740e-02,2.19124645e+03,6.28526398e-02
4.87970967e+03,5.73495946e+03,4.24588008e-02,4.63818783e+03,4.33598743e-02,2.19904787e+03,6.27057992e-02
4.89512297e+03,5.75294367e+03,4.23955919e-02,4.65275808e+03,4.32948493e-02,2.20687625e+03,6.25594603e-02
4.91058495e+03,5.77098434e+03,4.23325514e-02,4.66737413e+03,4.32299985e-02,2.21473169e+03,6.24136210e-02
4.92609578e+03,5.78908167e+03,4.22696788e-02,4.68203613e+03,4.31653210e-02,2.22261426e+03,6.22682792e-02
4.94165559e+03,5.80723582e+03,4.22069735e-02,4.69674422e+03,4.31008163e-02,2.23052406e+03,6.21234328e-02
4.95726456e+03,5.82544699e+03,4.21444346e-02,4.71149854e+03,4.30364836e-02,2.23846119e+03,6.19790797e-02
4.97292283e+03,5.84371534e+03,4.20820617e-02,4.72629925e+03,4.29723224e-02,2.24642572e+03,6.18352178e-02
4.98863055e+03,5.86204105e+03,4.20198540e-02,4.74114648e+03,4.29083318e-02,2.25441776e+03,6.16918450e-02
5.00438790e+03,5.88042431e+03,4.19578110e-02,4.75604038e+03,4.28445113e-02,2.26243739e+03,6.15489593e-02
5.02019501e+03,5.89886530e+03,4.18959319e-02,4.77098111e+03,4.27808603e-02,2.27048470e+03,6.14065586e-02
5.03605205e+03,5.91736421e+03,4.18342161e-02,4.78596880e+03,4.27173779e-02,2.27855978e+03,6.12646408e-02
5.05195918e+03,5.93592120e+03,4.17726630e-02,4.80100361e+03,4.26540636e-02,2.28666274e+03,6.11232039e-02
5.06791656e+03,5.95453647e+03,4.17112720e-02,4.81608568e+03,4.25909168e-02,2.29479365e+03,6.09822459e-02
5.08392434e+03,5.97321020e+03,4.16500425e-02,4.83121516e+03,4.25279367e-02,2.30295261e+03,6.08417647e-02
5.09998268e+03,5.99194257e+03,4.15889737e-02,4.84639221e+03,4.24651227e-02,2.31113972e+03,6.07017583e-02
5.11609175e+03,6.01073377e+03,4.15280651e-02,4.86161697e+03,4.24024742e-02,2.31935506e+03,6.05622248e-02
5.13225169e+03,6.02958398e+03,4.14673160e-02,4.87688959e+03,4.23399905e-02,2.32759873e+03,6.04231621e-02
5.14846269e+03,6.04849339e+03,4.14067259e-02,4.89221023e+03,4.22776710e-02,2.33587083e+03,6.02845683e-02
5.16472488e+03,6.06746219e+03,4.13462941e-02,4.90757903e+03,4.22155150e-02,2.34417144e+03,6.01464413e-02
5.18103844e+03,6.08649055e+03,4.12860199e-02,4.92299615e+03,4.21535219e-02,2.35250067e+03,6.00087792e-02
5.19740354e+03,6.10557868e+03,4.12259029e-02,4.93846173e+03,4.20916911e-02,2.36085860e+03,5.98715800e-02
5.21382032e+03,6.12472676e+03,4.11659422e-02,4.95397594e+03,4.20300219e-02,2.36924533e+03,5.97348417e-02
5.23028896e+03,6.14393497e+03,4.11061375e-02,4.96953892e+03,4.19685137e-02,2.37766096e+03,5.95985625e-02
5.24680962e+03,6.16320351e+03,4.10464880e-02,4.98515083e+03,4.19071658e-02,2.38610558e+03,5.94627404e-02
5.26338246e+03,6.18253256e+03,4.09869931e-02,5.00081182e+03,4.18459777e-02,2.39457928e+03,5.93273735e-02
5.28000764e+03,6.20192233e+03,4.09276522e-02,5.01652205e+03,4.17849487e-02,2.40308217e+03,5.91924598e-02
5.29668534e+03,6.22137299e+03,4.08684648e-02,5.03228167e+03,4.17240782e-02,2.41161434e+03,5.90579975e-02
5.31341572e+03,6.24088473e+03,4.08094302e-02,5.04809083e+03,4.16633656e-02,2.42017588e+03,5.89239846e-02
5.33019895e+03,6.26045777e+03,4.07505478e-02,5.06394970e+03,4.16028102e-02,2.42876689e+03,5.87904192e-02
5.34703519e+03,6.28009227e+03,4.06918171e-02,5.07985844e+03,4.15424115e-02,2.43738747e+03,5.86572995e-02
5.36392461e+03,6.29978845e+03,4.06332374e-02,5.09581718e+03,4.14821688e-02,2.44603773e+03,5.85246236e-02
5.38086737e+03,6.31954649e+03,4.05748081e-02,5.11182611e+03,4.14220815e-02,2.45471774e+03,5.83923896e-02
5.39786365e+03,6.33936658e+03,4.05165287e-02,5.12788537e+03,4.13621491e-02,2.46342762e+03,5.82605957e-02
5.41491362e+03,6.35924893e+03,4.04583986e-02,5.14399511e+03,4.13023708e-02,2.47216746e+03,5.81292400e-02
5.43201744e+03,6.37919373e+03,4.04004172e-02,5.16015551e+03,4.12427461e-02,2.48093736e+03,5.79983207e-02
5.44917529e+03,6.39920117e+03,4.03425840e-02,5.17636672e+03,4.11832745e-02,2.48973742e+03,5.78678359e-02
5.46638733e+03,6.41927146e+03,4.02848982e-02,5.19262890e+03,4.11239552e-02,2.49856773e+03,5.77377839e-02
5.48365374e+03,6.43940479e+03,4.02273594e-02,5.20894221e+03,4.10647878e-02,2.50742841e+03,5.76081627e-02
5.50097469e+03,6.45960135e+03,4.01699671e-02,5.22530682e+03,4.10057715e-02,2.51631954e+03,5.74789707e-02
5.51835035e+03,6.47986136e+03,4.01127205e-02,5.24172287e+03,4.09469059e-02,2.52524123e+03,5.73502060e-02
5.53578089e+03,6.50018501e+03,4.00556192e-02,5.25819055e+03,4.08881904e-02,2.53419358e+03,5.72218667e-02
5.55326649e+03,6.52057249e+03,3.99986625e-02,5.27471000e+03,4.08296242e-02,2.54317669e+03,5.70939513e-02
5.57080732e+03,6.54102401e+03,3.99418500e-02,5.29128139e+03,4.07712070e-02,2.55219066e+03,5.69664577e-02
5.58840355e+03,6.56153978e+03,3.98851810e-02,5.30790489e+03,4.07129380e-02,2.56123559e+03,5.68393844e-02
5.60605537e+03,6.58211999e+03,3.98286550e-02,5.32458066e+03,4.06548168e-02,2.57031159e+03,5.67127296e-02
5.62376294e+03,6.60276485e+03,3.97722715e-02,5.34130886e+03,4.05968426e-02,2.57941875e+03,5.65864914e-02
5.64152645e+03,6.62347456e+03,3.97160298e-02,5.35808966e+03,4.05390151e-02,2.58855718e+03,5.64606681e-02
5.65934606e+03,6.64424932e+03,3.96599295e-02,5.37492322e+03,4.04813335e-02,2.59772698e+03,5.63352582e-02
5.67722196e+03,6.66508934e+03,3.96039699e-02,5.39180972e+03,4.04237973e-02,2.60692826e+03,5.62102597e-02
5.69515432e+03,6.68599483e+03,3.95481506e-02,5.40874932e+03,4.03664060e-02,2.61616112e+03,5.60856709e-02
5.71314332e+03,6.70696599e+03,3.94924709e-02,5.42574218e+03,4.03091589e-02,2.62542566e+03,5.59614903e-02
5.73118915e+03,6.72800303e+03,3.94369304e-02,5.44278847e+03,4.02520556e-02,2.63472199e+03,5.58377161e-02
5.74929198e+03,6.74910616e+03,3.93815285e-02,5.45988837e+03,4.01950954e-02,2.64405020e+03,5.57143465e-02
5.76745198e+03,6.77027558e+03,3.93262646e-02,5.47704204e+03,4.01382779e-02,2.65341041e+03,5.55913800e-02
5.78566935e+03,6.79151150e+03,3.92711383e-02,5.49424964e+03,4.00816024e-02,2.66280272e+03,5.54688148e-02
5.80394426e+03,6.81281414e+03,3.92161489e-02,5.51151136e+03,4.00250684e-02,2.67222724e+03,5.53466493e-02
5.82227689e+03,6.83418370e+03,3.91612960e-02,5.52882736e+03,3.99686753e-02,2.68168407e+03,5.52248818e-02
5.84066743e+03,6.85562039e+03,3.91065790e-02,5.54619781e+03,3.99124226e-02,2.69117332e+03,5.51035106e-02
5.85911606e+03,6.87712443e+03,3.90519974e-02,5.56362288e+03,3.98563098e-02,2.70069509e+03,5.49825342e-02
5.87762296e+03,6.89869602e+03,3.89975507e-02,5.58110275e+03,3.98003363e-02,2.71024949e+03,5.48619509e-02
5.89618832e+03,6.92033539e+03,3.89432383e-02,5.59863759e+03,3.97445015e-02,2.71983663e+03,5.47417590e-02
5.91481232e+03,6.94204274e+03,3.88890597e-02,5.61622757e+03,3.96888050e-02,2.72945662e+03,5.46219570e-02
5.93349515e+03,6.96381829e+03,3.88350145e-02,5.63387286e+03,3.96332462e-02,2.73910956e+03,5.45025432e-02
5.95223699e+03,6.98566224e+03,3.87811020e-02,5.65157364e+03,3.95778245e-02,2.74879556e+03,5.43835160e-02
5.97103803e+03,7.00757483e+03,3.87273218e-02,5.66933009e+03,3.95225395e-02,2.75851472e+03,5.42648739e-02
5.98989846e+03,7.02955626e+03,3.86736733e-02,5.68714237e+03,3.94673905e-02,2.76826717e+03,5.41466153e-02
6.00881845e+03,7.05160676e+03,3.86201561e-02,5.70501068e+03,3.94123771e-02,2.77805300e+03,5.40287385e-02
6.02779821e+03,7.07372653e+03,3.85667696e-02,5.72293517e+03,3.93574988e-02,2.78787233e+03,5.39112421e-02
6.04683792e+03,7.09591580e+03,3.85135134e-02,5.74091604e+03,3.93027549e-02,2.79772527e+03,5.37941243e-02
6.06593777e+03,7.11817479e+03,3.84603869e-02,5.75895345e+03,3.92481451e-02,2.80761192e+03,5.36773838e-02
6.08509795e+03,7.14050371e+03,3.84073896e-02,5.77704758e+03,3.91936688e-02,2.81753240e+03,5.35610189e-02
6.10431865e+03,7.16290279e+03,3.83545210e-02,5.79519862e+03,3.91393254e-02,2.82748681e+03,5.34450281e-02
6.12360007e+03,7.18537224e+03,3.83017807e-02,5.81340675e+03,3.90851145e-02,2.83747528e+03,5.33294099e-02
6.14294238e+03,7.20791230e+03,3.82491682e-02,5.83167214e+03,3.90310355e-02,2.84749790e+03,5.32141628e-02
6.16234579e+03,7.23052317e+03,3.81966828e-02,5.84999497e+03,3.89770880e-02,2.85755479e+03,5.30992852e-02
6.18181049e+03,7.25320509e+03,3.81443243e-02,5.86837542e+03,3.89232714e-02,2.86764607e+03,5.29847756e-02
6.20133667e+03,7.27595828e+03,3.80920920e-02,5.88681369e+03,3.88695852e-02,2.87777185e+03,5.28706325e-02
6.22092453e+03,7.29878296e+03,3.80399854e-02,5.90530994e+03,3.88160289e-02,2.88793223e+03,5.27568545e-02
6.24057426e+03,7.32167936e+03,3.79880042e-02,5.92386436e+03,3.87626021e-02,2.89812733e+03,5.26434400e-02
6.26028605e+03,7.34464771e+03,3.79361478e-02,5.94247714e+03,3.87093042e-02,2.90835727e+03,5.25303876e-02
6.28006011e+03,7.36768823e+03,3.78844158e-02,5.96114846e+03,3.86561347e-02,2.91862216e+03,5.24176957e-02
6.29989663e+03,7.39080114e+03,3.78328076e-02,5.97987850e+03,3.86030932e-02,2.92892211e+03,5.23053630e-02
6.31979580e+03,7.41398668e+03,3.77813228e-02,5.99866745e+03,3.85501791e-02,2.93925723e+03,5.21933880e-02
6.33975783e+03,7.43724508e+03,3.77299609e-02,6.01751550e+03,3.84973919e-02,2.94962765e+03,5.20817693e-02
6.35978291e+03,7.46057656e+03,3.76787214e-02,6.03642282e+03,3.84447313e-02,2.96003348e+03,5.19705053e-02
6.37987125e+03,7.48398136e+03,3.76276040e-02,6.05538961e+03,3.83921967e-02,2.97047483e+03,5.18595947e-02
6.40002303e+03,7.50745970e+03,3.75766080e-02,6.07441606e+03,3.83397875e-02,2.98095182e+03,5.17490360e-02
6.42023847e+03,7.53101183e+03,3.75257331e-02,6.09350235e+03,3.82875034e-02,2.99146456e+03,5.16388278e-02
6.44051777e+03,7.55463796e+03,3.74749788e-02,6.11264867e+03,3.82353439e-02,3.00201318e+03,5.15289688e-02
6.46086111e+03,7.57833834e+03,3.74243447e-02,6.13185522e+03,3.81833084e-02,3.01259778e+03,5.14194574e-02
6.48126872e+03,7.60211320e+03,3.73738302e-02,6.15112217e+03,3.81313966e-02,3.02321849e+03,5.13102923e-02
6.50174078e+03,7.62596277e+03,3.73234349e-02,6.17044973e+03,3.80796079e-02,3.03387542e+03,5.12014722e-02
6.52227751e+03,7.64988729e+03,3.72731584e-02,6.18983807e+03,3.80279418e-02,3.04456869e+03,5.10929956e-02
6.54287911e+03,7.67388699e+03,3.72230002e-02,6.20928741e+03,3.79763980e-02,3.05529842e+03,5.09848612e-02
6.56354578e+03,7.69796211e+03,3.71729599e-02,6.22879791e+03,3.79249760e-02,3.06606473e+03,5.08770676e-02
6.58427773e+03,7.72211290e+03,3.71230370e-02,6.24836979e+03,3.78736752e-02,3.07686773e+03,5.07696134e-02
6.60507517e+03,7.74633958e+03,3.70732311e-02,6.26800323e+03,3.78224953e-02,3.08770756e+03,5.06624973e-02
6.62593829e+03,7.77064240e+03,3.70235418e-02,6.28769843e+03,3.77714357e-02,3.09858431e+03,5.05557180e-02
6.64686732e+03,7.79502160e+03,3.69739685e-02,6.30745558e+03,3.77204961e-02,3.10949812e+03,5.04492741e-02
6.66786245e+03,7.81947741e+03,3.69245109e-02,6.32727487e+03,3.76696759e-02,3.12044911e+03,5.03431642e-02
6.68892390e+03,7.84401009e+03,3.68751686e-02,6.34715651e+03,3.76189748e-02,3.13143740e+03,5.02373871e-02
6.71005188e+03,7.86861987e+03,3.68259410e-02,6.36710069e+03,3.75683923e-02,3.14246310e+03,5.01319414e-02
6.73124659e+03,7.89330699e+03,3.67768278e-02,6.38710761e+03,3.75179278e-02,3.15352634e+03,5.00268259e-02
6.75250825e+03,7.91807170e+03,3.67278286e-02,6.40717746e+03,3.74675811e-02,3.16462725e+03,4.99220392e-02
6.77383706e+03,7.94291424e+03,3.66789429e-02,6.42731044e+03,3.74173516e-02,3.17576594e+03,4.98175800e-02
6.79523325e+03,7.96783487e+03,3.66301703e-02,6.44750675e+03,3.73672390e-02,3.18694253e+03,4.97134471e-02
6.81669702e+03,7.99283382e+03,3.65815103e-02,6.46776660e+03,3.73172427e-02,3.19815715e+03,4.96096392e-02
6.83822859e+03,8.01791134e+03,3.65329626e-02,6.48809018e+03,3.72673624e-02,3.20940992e+03,4.95061549e-02
6.85982816e+03,8.04306768e+03,3.64845268e-02,6.50847769e+03,3.72175976e-02,3.22070097e+03,4.94029931e-02
6.88149597e+03,8.06830309e+03,3.64362023e-02,6.52892934e+03,3.71679479e-02,3.23203042e+03,4.93001525e-02
6.90323221e+03,8.09361782e+03,3.63879889e-02,6.54944532e+03,3.71184129e-02,3.24339839e+03,4.91976317e-02
6.92503711e+03,8.11901211e+03,3.63398861e-02,6.57002585e+03,3.70689921e-02,3.25480501e+03,4.90954297e-02
6.94691089e+03,8.14448622e+03,3.62918935e-02,6.59067112e+03,3.70196851e-02,3.26625041e+03,4.89935451e-02
6.96885375e+03,8.17004041e+03,3.62440107e-02,6.61138133e+03,3.69704915e-02,3.27773470e+03,4.88919766e-02
6.99086593e+03,8.19567492e+03,3.61962372e-02,6.63215670e+03,3.69214110e-02,3.28925801e+03,4.87907232e-02
7.01294763e+03,8.22139000e+03,3.61485728e-02,6.65299743e+03,3.68724430e-02,3.30082048e+03,4.86897836e-02
7.03509909e+03,8.24718591e+03,3.61010169e-02,6.67390372e+03,3.68235871e-02,3.31242222e+03,4.85891564e-02
7.05732051e+03,8.27306291e+03,3.60535692e-02,6.69487578e+03,3.67748430e-02,3.32406337e+03,4.84888407e-02
7.07961212e+03,8.29902126e+03,3.60062293e-02,6.71591383e+03,3.67262103e-02,3.33574405e+03,4.83888351e-02
7.10197414e+03,8.32506119e+03,3.59589969e-02,6.73701806e+03,3.66776885e-02,3.34746439e+03,4.82891385e-02
7.12440680e+03,8.35118299e+03,3.59118714e-02,6.75818868e+03,3.66292772e-02,3.35922451e+03,4.81897496e-02
7.14691032e+03,8.37738689e+03,3.58648526e-02,6.77942591e+03,3.65809760e-02,3.37102455e+03,4.80906674e-02
7.16948491e+03,8.40367317e+03,3.58179400e-02,6.80072995e+03,3.65327846e-02,3.38286463e+03,4.79918906e-02
7.19213081e+03,8.43004209e+03,3.57711332e-02,6.82210102e+03,3.64847026e-02,3.39474488e+03,4.78934180e-02
7.21484824e+03,8.45649389e+03,3.57244320e-02,6.84353933e+03,3.64367295e-02,3.40666543e+03,4.77952486e-02
7.23763743e+03,8.48302885e+03,3.56778358e-02,6.86504509e+03,3.63888649e-02,3.41862642e+03,4.76973812e-02
7.26049860e+03,8.50964722e+03,3.56313443e-02,6.88661851e+03,3.63411086e-02,3.43062796e+03,4.75998146e-02
7.28343198e+03,8.53634928e+03,3.55849573e-02,6.90825981e+03,3.62934600e-02,3.44267020e+03,4.75025477e-02
7.30643780e+03,8.56313528e+03,3.55386741e-02,6.92996919e+03,3.62459188e-02,3.45475326e+03,4.74055794e-02
7.32951628e+03,8.59000549e+03,3.54924946e-02,6.95174688e+03,3.61984846e-02,3.46687728e+03,4.73089085e-02
7.35266767e+03,8.61696017e+03,3.54464183e-02,6.97359309e+03,3.61511571e-02,3.47904237e+03,4.72125339e-02
7.37589218e+03,8.64399959e+03,3.54004449e-02,6.99550804e+03,3.61039358e-02,3.49124869e+03,4.71164546e-02
7.39919005e+03,8.67112402e+03,3.53545740e-02,7.01749195e+03,3.60568204e-02,3.50349635e+03,4.70206694e-02
7.42256150e+03,8.69833373e+03,3.53088053e-02,7.03954502e+03,3.60098105e-02,3.51578550e+03,4.69251772e-02
7.44600679e+03,8.72562899e+03,3.52631383e-02,7.06166748e+03,3.59629057e-02,3.52811626e+03,4.68299770e-02
7.46952612e+03,8.75301006e+03,3.52175727e-02,7.08385955e+03,3.59161058e-02,3.54048877e+03,4.67350676e-02
7.49311975e+03,8.78047721e+03,3.51721083e-02,7.10612145e+03,3.58694102e-02,3.55290316e+03,4.66404480e-02
7.51678790e+03,8.80803073e+03,3.51267445e-02,7.12845340e+03,3.58228187e-02,3.56535957e+03,4.65461171e-02
7.54053081e+03,8.83559492e+03,3.50816052e-02,7.15082753e+03,3.57763890e-02,3.57829651e+03,4.64487863e-02
7.56434871e+03,8.86332216e+03,3.50364409e-02,7.17330031e+03,3.57300040e-02,3.59083620e+03,4.63550592e-02
7.58824185e+03,8.89113658e+03,3.49913763e-02,7.19584382e+03,3.56837219e-02,3.60341832e+03,4.62616175e-02
7.61221045e+03,8.91903845e+03,3.49464110e-02,7.21845826e+03,3.56375425e-02,3.61604299e+03,4.61684600e-02
7.63625477e+03,8.94702805e+03,3.49015448e-02,7.24114386e+03,3.55914654e-02,3.62871036e+03,4.60755857e-02
7.66037503e+03,8.97510566e+03,3.48567772e-02,7.26390085e+03,3.55454901e-02,3.64142055e+03,4.59829936e-02
7.68457148e+03,9.00327155e+03,3.48121079e-02,7.28672944e+03,3.54996164e-02,3.65417371e+03,4.58906827e-02
7.70884436e+03,9.03152600e+03,3.47675366e-02,7.30962988e+03,3.54538440e-02,3.66696998e+03,4.57986519e-02
7.73319391e+03,9.05986930e+03,3.47230630e-02,7.33260238e+03,3.54081724e-02,3.67980948e+03,4.57069002e-02
7.75762037e+03,9.08830172e+03,3.46786867e-02,7.35564717e+03,3.53626014e-02,3.69269237e+03,4.56154267e-02
7.78212398e+03,9.11682354e+03,3.46344074e-02,7.37876448e+03,3.53171305e-02,3.70561877e+03,4.55242303e-02
7.80670500e+03,9.14543505e+03,3.45902248e-02,7.40195454e+03,3.52717595e-02,3.71858882e+03,4.54333101e-02
7.83136365e+03,9.17413653e+03,3.45461386e-02,7.42521757e+03,3.52264881e-02,3.73160267e+03,4.53426651e-02
7.85610020e+03,9.20292826e+03,3.45021484e-02,7.44855382e+03,3.51813158e-02,3.74466045e+03,4.52522942e-02
7.88091488e+03,9.23181053e+03,3.44582539e-02,7.47196350e+03,3.51362424e-02,3.75776230e+03,4.51621966e-02
7.90580793e+03,9.26078362e+03,3.44144548e-02,7.49544686e+03,3.50912676e-02,3.77090836e+03,4.50723713e-02
7.93077962e+03,9.28984783e+03,3.43707508e-02,7.51900412e+03,3.50463909e-02,3.78409878e+03,4.49828173e-02
7.95583019e+03,9.31900343e+03,3.43271416e-02,7.54263552e+03,3.50016122e-02,3.79733368e+03,4.48935336e-02
7.98095988e+03,9.34825072e+03,3.42836269e-02,7.56634129e+03,3.49569310e-02,3.81061322e+03,4.48045194e-02
8.00616894e+03,9.37758999e+03,3.42402063e-02,7.59012167e+03,3.49123471e-02,3.82393754e+03,4.47157736e-02
8.03145764e+03,9.40702153e+03,3.41968795e-02,7.61397689e+03,3.48678601e-02,3.83730677e+03,4.46272954e-02
8.05682621e+03,9.43654562e+03,3.41536463e-02,7.63790718e+03,3.48234698e-02,3.85072106e+03,4.45390838e-02
8.08227491e+03,9.46616257e+03,3.41105064e-02,7.66191280e+03,3.47791758e-02,3.86418055e+03,4.44511379e-02
8.10780399e+03,9.49587266e+03,3.40674594e-02,7.68599397e+03,3.47349777e-02,3.87768538e+03,4.43634569e-02
8.13341372e+03,9.52567619e+03,3.40245050e-02,7.71015093e+03,3.46908754e-02,3.89123570e+03,4.42760397e-02
8.15910433e+03,9.55557346e+03,3.39816430e-02,7.73438392e+03,3.46468685e-02,3.90483165e+03,4.41888855e-02
8.18487609e+03,9.58556475e+03,3.39388731e-02,7.75869318e+03,3.46029567e-02,3.91847338e+03,4.41019934e-02
8.21072926e+03,9.61565038e+03,3.38961950e-02,7.78307896e+03,3.45591397e-02,3.93216102e+03,4.40153625e-02
8.23666409e+03,9.64583063e+03,3.38536083e-02,7.80754149e+03,3.45154172e-02,3.94589473e+03,4.39289920e-02
8.26268083e+03,9.67610580e+03,3.38111129e-02,7.83208102e+03,3.44717889e-02,3.95967464e+03,4.38428809e-02
8.28877976e+03,9.70647620e+03,3.37687084e-02,7.85669779e+03,3.44282546e-02,3.97350090e+03,4.37570284e-02
8.31496112e+03,9.73694212e+03,3.37263945e-02,7.88139204e+03,3.43848138e-02,3.98737367e+03,4.36714336e-02
8.34122518e+03,9.76750387e+03,3.36841710e-02,7.90616402e+03,3.43414664e-02,4.00129308e+03,4.35860957e-02
8.36757220e+03,9.79816175e+03,3.36420376e-02,7.93101398e+03,3.42982121e-02,4.01525927e+03,4.35010138e-02
8.39400244e+03,9.82891607e+03,3.35999940e-02,7.95594215e+03,3.42550505e-02,4.02927241e+03,4.34161870e-02
8.42051616e+03,9.85976712e+03,3.35580400e-02,7.98094880e+03,3.42119815e-02,4.04333263e+03,4.33316146e-02
8.44711363e+03,9.89071522e+03,3.35161752e-02,8.00603416e+03,3.41690046e-02,4.05744009e+03,4.32472958e-02
8.47379511e+03,9.92176066e+03,3.34743994e-02,8.03119849e+03,3.41261197e-02,4.07159492e+03,4.31632295e-02
8.50056088e+03,9.95290377e+03,3.34327124e-02,8.05644203e+03,3.40833265e-02,4.08579728e+03,4.30794152e-02
8.52741118e+03,9.98414485e+03,3.33911139e-02,8.08176503e+03,3.40406246e-02,4.10004732e+03,4.29958519e-02
8.55434629e+03,1.00154842e+04,3.33496036e-02,8.10716776e+03,3.39980139e-02,4.11434518e+03,4.29125388e-02
8.58136649e+03,1.00469221e+04,3.33081813e-02,8.13265045e+03,3.39554941e-02,4.12869102e+03,4.28294752e-02
8.60847203e+03,1.00784590e+04,3.32668467e-02,8.15821336e+03,3.39130649e-02,4.14308498e+03,4.27466602e-02
8.63566319e+03,1.01100950e+04,3.32255996e-02,8.18385674e+03,3.38707260e-02,4.15752721e+03,4.26640930e-02
8.66294023e+03,1.01418306e+04,3.31844396e-02,8.20958085e+03,3.38284772e-02,4.17201787e+03,4.25817730e-02
8.69030344e+03,1.01736660e+04,3.31433667e-02,8.23538595e+03,3.37863182e-02,4.18655711e+03,4.24996992e-02
8.71775307e+03,1.02056016e+04,3.31023804e-02,8.26127229e+03,3.37442488e-02,4.20114507e+03,4.24178709e-02
8.74528941e+03,1.02376377e+04,3.30614807e-02,8.28724012e+03,3.37022687e-02,4.21578191e+03,4.23362874e-02
8.77291273e+03,1.02697745e+04,3.30206671e-02,8.31328971e+03,3.36603777e-02,4.23046777e+03,4.22549479e-02
8.80062330e+03,1.03020125e+04,3.29799396e-02,8.33942131e+03,3.36185756e-02,4.24520282e+03,4.21738516e-02
8.82842139e+03,1.03343518e+04,3.29392978e-02,8.36563518e+03,3.35768620e-02,4.25998720e+03,4.20929979e-02
8.85630729e+03,1.03667930e+04,3.28987416e-02,8.39193159e+03,3.35352367e-02,4.27482107e+03,4.20123859e-02
8.88428128e+03,1.03993362e+04,3.28582707e-02,8.41831079e+03,3.34936996e-02,4.28970457e+03,4.19320149e-02
8.91234362e+03,1.04319818e+04,3.28178848e-02,8.44477304e+03,3.34522503e-02,4.30463787e+03,4.18518842e-02
8.94049460e+03,1.04647301e+04,3.27775837e-02,8.47131861e+03,3.34108887e-02,4.31962112e+03,4.17719930e-02
8.96873450e+03,1.04975815e+04,3.27373673e-02,8.49794777e+03,3.33696145e-02,4.33465446e+03,4.16923407e-02
8.99706361e+03,1.05305362e+04,3.26972353e-02,8.52466076e+03,3.33284274e-02,4.34973806e+03,4.16129266e-02
9.02548219e+03,1.05635946e+04,3.26571875e-02,8.55145787e+03,3.32873273e-02,4.36487207e+03,4.15337499e-02
9.05399054e+03,1.05967571e+04,3.26172236e-02,8.57833936e+03,3.32463140e-02,4.38005664e+03,4.14548099e-02
9.08258893e+03,1.06300239e+04,3.25773435e-02,8.60530549e+03,3.32053871e-02,4.39529194e+03,4.13761060e-02
9.11127766e+03,1.06633954e+04,3.25375469e-02,8.63235653e+03,3.31645465e-02,4.41057811e+03,4.12976374e-02
9.14005701e+03,1.06968719e+04,3.24978336e-02,8.65949275e+03,3.31237920e-02,4.42591531e+03,4.12194036e-02
9.16892725e+03,1.07304538e+04,3.24582034e-02,8.68671442e+03,3.30831233e-02,4.44130370e+03,4.11414037e-02
9.19788870e+03,1.07641413e+04,3.24186562e-02,8.71402181e+03,3.30425403e-02,4.45674343e+03,4.10636371e-02
9.22694161e+03,1.07979349e+04,3.23791916e-02,8.74141519e+03,3.30020427e-02,4.47223467e+03,4.09861032e-02
9.25608630e+03,1.08318348e+04,3.23398096e-02,8.76889484e+03,3.29616303e-02,4.48777757e+03,4.09088013e-02
9.28532305e+03,1.08658414e+04,3.23005099e-02,8.79646102e+03,3.29213029e-02,4.50337229e+03,4.08317308e-02
9.31465214e+03,1.08999550e+04,3.22612923e-02,8.82411401e+03,3.28810604e-02,4.51901898e+03,4.07548910e-02
9.34407388e+03,1.09341760e+04,3.22221567e-02,8.85185409e+03,3.28409025e-02,4.53471780e+03,4.06782813e-02
9.37358854e+03,1.09685047e+04,3.21831027e-02,8.87968153e+03,3.28008290e-02,4.55046892e+03,4.06019010e-02
9.40319644e+03,1.10029415e+04,3.21441303e-02,8.90759660e+03,3.27608397e-02,4.56627249e+03,4.05257495e-02
9.43289785e+03,1.10374866e+04,3.21052393e-02,8.93559959e+03,3.27209345e-02,4.58212868e+03,4.04498263e-02
9.46269308e+03,1.10721405e+04,3.20664295e-02,8.96369077e+03,3.26811131e-02,4.59803763e+03,4.03741306e-02
9.49258243e+03,1.11069034e+04,3.20277007e-02,8.99187042e+03,3.26413754e-02,4.61399952e+03,4.02986618e-02
9.52256618e+03,1.11417758e+04,3.19890527e-02,9.02013882e+03,3.26017212e-02,4.63001449e+03,4.02234194e-02
9.55264465e+03,1.11767579e+04,3.19504853e-02,9.04849626e+03,3.25621503e-02,4.64608272e+03,4.01484028e-02
9.58281812e+03,1.12118502e+04,3.19119984e-02,9.07694301e+03,3.25226625e-02,4.66220437e+03,4.00736114e-02
9.61308689e+03,1.12470529e+04,3.18735919e-02,9.10547936e+03,3.24832577e-02,4.67837958e+03,3.99990446e-02
9.64345128e+03,1.12823665e+04,3.18352655e-02,9.13410559e+03,3.24439356e-02,4.69460854e+03,3.99247017e-02
9.67391157e+03,1.13177912e+04,3.17970190e-02,9.16282199e+03,3.24046961e-02,4.71089139e+03,3.98505823e-02
9.70446808e+03,1.13533274e+04,3.17588524e-02,9.19162884e+03,3.23655391e-02,4.72722831e+03,3.97766858e-02
9.73512111e+03,1.13889755e+04,3.17207654e-02,9.22052642e+03,3.23264643e-02,4.74361944e+03,3.97030116e-02
9.76587096e+03,1.14247358e+04,3.16827579e-02,9.24951504e+03,3.22874717e-02,4.76006497e+03,3.96295591e-02
9.79671794e+03,1.14606087e+04,3.16448298e-02,9.27859496e+03,3.22485610e-02,4.77656504e+03,3.95563278e-02
9.82766235e+03,1.14963429e+04,3.16072449e-02,9.30771014e+03,3.22098069e-02,4.79442387e+03,3.94775857e-02
9.85870450e+03,1.15324426e+04,3.15694731e-02,9.33697382e+03,3.21710589e-02,4.81103024e+03,3.94048457e-02
9.88984471e+03,1.15686559e+04,3.15317802e-02,9.36632967e+03,3.21323924e-02,4.82769164e+03,3.93323249e-02
9.92108328e+03,1.16049833e+04,3.14941660e-02,9.39577801e+03,3.20938072e-02,4.84440822e+03,3.92600229e-02
9.95242052e+03,1.16414250e+04,3.14566305e-02,9.42531911e+03,3.20553032e-02,4.86118015e+03,3.91879392e-02
9.98385674e+03,1.16779815e+04,3.14191735e-02,9.45495328e+03,3.20168803e-02,4.87800760e+03,3.91160731e-02
1.00153923e+04,1.17146531e+04,3.13817948e-02,9.48468082e+03,3.19785383e-02,4.89489072e+03,3.90444242e-02
1.00470274e+04,1.17514402e+04,3.13444943e-02,9.51450200e+03,3.19402771e-02,4.91182969e+03,3.89729921e-02
1.00787624e+04,1.17883431e+04,3.13072720e-02,9.54441714e+03,3.19020965e-02,4.92882467e+03,3.89017761e-02
1.01105977e+04,1.18253622e+04,3.12701276e-02,9.57442653e+03,3.18639964e-02,4.94587583e+03,3.88307759e-02
1.01425336e+04,1.18624979e+04,3.12330610e-02,9.60453047e+03,3.18259767e-02,4.96298333e+03,3.87599909e-02
1.01745703e+04,1.18997506e+04,3.11960721e-02,9.63472925e+03,3.17880373e-02,4.98014734e+03,3.86894207e-02
1.02067082e+04,1.19371205e+04,3.11591609e-02,9.66502319e+03,3.17501780e-02,4.99736802e+03,3.86190648e-02
1.02389476e+04,1.19746082e+04,3.11223271e-02,9.69541257e+03,3.17123987e-02,5.01464554e+03,3.85489228e-02
1.02712889e+04,1.20122139e+04,3.10855707e-02,9.72589771e+03,3.16746993e-02,5.03198008e+03,3.84789941e-02
1.03037323e+04,1.20499381e+04,3.10488915e-02,9.75647891e+03,3.16370797e-02,5.04937178e+03,3.84092783e-02
1.03362782e+04,1.20877810e+04,3.10122895e-02,9.78715647e+03,3.15995397e-02,5.06682084e+03,3.83397751e-02
1.03689269e+04,1.21257432e+04,3.09757645e-02,9.81793070e+03,3.15620793e-02,5.08432740e+03,3.82704838e-02
1.04016787e+04,1.21638249e+04,3.09393165e-02,9.84880190e+03,3.15246983e-02,5.10189164e+03,3.82014042e-02
1.04345340e+04,1.22020266e+04,3.09029453e-02,9.87977038e+03,3.14873967e-02,5.11951374e+03,3.81325358e-02
1.04674931e+04,1.22403486e+04,3.08666509e-02,9.91083645e+03,3.14501743e-02,5.13719385e+03,3.80638781e-02
1.05005562e+04,1.22787913e+04,3.08304331e-02,9.94200042e+03,3.14130311e-02,5.15493214e+03,3.79954308e-02
1.05337238e+04,1.23173552e+04,3.07942919e-02,9.97326261e+03,3.13759670e-02,5.17272879e+03,3.79271935e-02
1.05669962e+04,1.23560405e+04,3.07582272e-02,1.00046233e+04,3.13389818e-02,5.19058396e+03,3.78591656e-02
1.06003736e+04,1.23948476e+04,3.07222388e-02,1.00360829e+04,3.13020755e-02,5.20849783e+03,3.77913469e-02
1.06338565e+04,1.24337771e+04,3.06863268e-02,1.00676415e+04,3.12652479e-02,5.22647056e+03,3.77237370e-02
1.06674451e+04,1.24728291e+04,3.06504910e-02,1.00992997e+04,3.12284991e-02,5.24450232e+03,3.76563354e-02
1.07011399e+04,1.25120042e+04,3.06147314e-02,1.01310576e+04,3.11918290e-02,5.26259329e+03,3.75891419e-02
1.07349410e+04,1.25513028e+04,3.05790478e-02,1.01629156e+04,3.11552373e-02,5.28074364e+03,3.75221559e-02
1.07688490e+04,1.25907251e+04,3.05434403e-02,1.01948741e+04,3.11187242e-02,5.29895352e+03,3.74553772e-02
1.08028640e+04,1.26302717e+04,3.05079087e-02,1.02269332e+04,3.10822895e-02,5.31722313e+03,3.73888054e-02
1.08369865e+04,1.26699428e+04,3.04724530e-02,1.02590935e+04,3.10459331e-02,5.33555262e+03,3.73224402e-02
1.08712167e+04,1.27097390e+04,3.04370731e-02,1.02913551e+04,3.10096551e-02,5.35394217e+03,3.72562811e-02
1.09055551e+04,1.27496605e+04,3.04017690e-02,1.03237183e+04,3.09734552e-02,5.37239195e+03,3.71903280e-02
1.09400019e+04,1.27897079e+04,3.03665407e-02,1.03561837e+04,3.09373335e-02,5.39090213e+03,3.71245803e-02
1.09745576e+04,1.28298814e+04,3.03313880e-02,1.03887513e+04,3.09012900e-02,5.40947289e+03,3.70590379e-02
1.10092224e+04,1.28701816e+04,3.02963109e-02,1.04214216e+04,3.08653245e-02,5.42810439e+03,3.69937003e-02
1.10439967e+04,1.29106087e+04,3.02613094e-02,1.04541949e+04,3.08294371e-02,5.44679681e+03,3.69285673e-02
1.10788808e+04,1.29511633e+04,3.02263834e-02,1.04870715e+04,3.07936276e-02,5.46555032e+03,3.68636385e-02
1.11138751e+04,1.29918457e+04,3.01915329e-02,1.05200518e+04,3.07578961e-02,5.48436509e+03,3.67989137e-02
1.11489800e+04,1.30326563e+04,3.01567580e-02,1.05531361e+04,3.07222424e-02,5.50324130e+03,3.67343926e-02
1.11841957e+04,1.30735955e+04,3.01220584e-02,1.05863246e+04,3.06866667e-02,5.52217912e+03,3.66700749e-02
1.12195227e+04,1.31146637e+04,3.00874343e-02,1.06196178e+04,3.06511688e-02,5.54117873e+03,3.66059602e-02
1.12549612e+04,1.31558614e+04,3.00528855e-02,1.06530160e+04,3.06157487e-02,5.56024028e+03,3.65420484e-02
1.12905117e+04,1.31971889e+04,3.00184121e-02,1.06865194e+04,3.05804064e-02,5.57936397e+03,3.64783391e-02
1.13261745e+04,1.32386468e+04,2.99840141e-02,1.07201286e+04,3.05451420e-02,5.59854996e+03,3.64148321e-02
1.13619500e+04,1.32802353e+04,2.99496914e-02,1.07538436e+04,3.05099552e-02,5.61779843e+03,3.63515272e-02
1.13978384e+04,1.33219549e+04,2.99154441e-02,1.07876650e+04,3.04748463e-02,5.63710955e+03,3.62884240e-02
1.14338402e+04,1.33638060e+04,2.98812720e-02,1.08215931e+04,3.04398150e-02,5.65648350e+03,3.62255224e-02
1.14699557e+04,1.34057891e+04,2.98471753e-02,1.08556281e+04,3.04048616e-02,5.67592044e+03,3.61628221e-02
1.15061853e+04,1.34479045e+04,2.98131540e-02,1.08897705e+04,3.03699859e-02,5.69542056e+03,3.61003229e-02
1.15425293e+04,1.34901527e+04,2.97792079e-02,1.09240206e+04,3.03351879e-02,5.71498402e+03,3.60380246e-02
1.15789881e+04,1.35325341e+04,2.97453372e-02,1.09583786e+04,3.03004677e-02,5.73461101e+03,3.59759269e-02
1.16155621e+04,1.35750491e+04,2.97115419e-02,1.09928450e+04,3.02658252e-02,5.75430169e+03,3.59140297e-02
1.16522516e+04,1.36176982e+04,2.96778219e-02,1.10274201e+04,3.02312606e-02,5.77405625e+03,3.58523327e-02
1.16890570e+04,1.36604818e+04,2.96441773e-02,1.10621043e+04,3.01967737e-02,5.79387486e+03,3.57908358e-02
1.17259787e+04,1.37034003e+04,2.96106081e-02,1.10968979e+04,3.01623647e-02,5.81375768e+03,3.57295387e-02
1.17630169e+04,1.37464541e+04,2.95771144e-02,1.11318012e+04,3.01280336e-02,5.83370491e+03,3.56684414e-02
1.18001722e+04,1.37896437e+04,2.95436962e-02,1.11668146e+04,3.00937803e-02,5.85371670e+03,3.56075436e-02
1.18374448e+04,1.38329695e+04,2.95103534e-02,1.12019384e+04,3.00596050e-02,5.87379324e+03,3.55468451e-02
1.18748352e+04,1.38764320e+04,2.94770863e-02,1.12371730e+04,3.00255076e-02,5.89393471e+03,3.54863459e-02
1.19123436e+04,1.39200315e+04,2.94438947e-02,1.12725188e+04,2.99914883e-02,5.91414127e+03,3.54260457e-02
1.19499706e+04,1.39637685e+04,2.94107788e-02,1.13079761e+04,2.99575470e-02,5.93441311e+03,3.53659445e-02
1.19877164e+04,1.40076435e+04,2.93777386e-02,1.13435452e+04,2.99236838e-02,5.95475039e+03,3.53060420e-02
1.20255814e+04,1.40516569e+04,2.93447741e-02,1.13792266e+04,2.98898988e-02,5.97515330e+03,3.52463382e-02
1.20635660e+04,1.40958091e+04,2.93118855e-02,1.14150205e+04,2.98561920e-02,5.99562201e+03,3.51868330e-02
1.21016706e+04,1.41401006e+04,2.92790727e-02,1.14509273e+04,2.98225635e-02,6.01615669e+03,3.51275262e-02
1.21398955e+04,1.41845318e+04,2.92463360e-02,1.14869475e+04,2.97890134e-02,6.03675753e+03,3.50684177e-02
1.21782412e+04,1.42291031e+04,2.92136752e-02,1.15230813e+04,2.97555418e-02,6.05742469e+03,3.50095075e-02
1.22167080e+04,1.42738151e+04,2.91810906e-02,1.15593291e+04,2.97221486e-02,6.07815835e+03,3.49507954e-02
1.22552963e+04,1.43186682e+04,2.91485821e-02,1.15956912e+04,2.96888341e-02,6.09895869e+03,3.48922814e-02
1.22940065e+04,1.43636628e+04,2.91161500e-02,1.16321682e+04,2.96555983e-02,6.11982588e+03,3.48339654e-02
1.23328390e+04,1.44087993e+04,2.90837942e-02,1.16687602e+04,2.96224412e-02,6.14076011e+03,3.47758474e-02
1.23717942e+04,1.44540783e+04,2.90515149e-02,1.17054677e+04,2.95893631e-02,6.16176153e+03,3.47179273e-02
1.24108723e+04,1.44995001e+04,2.90193122e-02,1.17422910e+04,2.95563640e-02,6.18283033e+03,3.46602050e-02
1.24500739e+04,1.45450653e+04,2.89871862e-02,1.17792305e+04,2.95234440e-02,6.20396669e+03,3.46026806e-02
1.24893994e+04,1.45907742e+04,2.89551370e-02,1.18162867e+04,2.94906032e-02,6.22517078e+03,3.45453539e-02
1.25288490e+04,1.46366274e+04,2.89231647e-02,1.18534597e+04,2.94578417e-02,6.24644277e+03,3.44882250e-02
1.25684233e+04,1.46826254e+04,2.88912695e-02,1.18907502e+04,2.94251597e-02,6.26778284e+03,3.44312939e-02
1.26081226e+04,1.47287685e+04,2.88594514e-02,1.19281583e+04,2.93925573e-02,6.28919117e+03,3.43745605e-02
1.26479472e+04,1.47750572e+04,2.88277107e-02,1.19656844e+04,2.93600347e-02,6.31066793e+03,3.43180249e-02
1.26878977e+04,1.48214920e+04,2.87960474e-02,1.20033291e+04,2.93275919e-02,6.33221329e+03,3.42616871e-02
1.27279743e+04,1.48680735e+04,2.87644617e-02,1.20410925e+04,2.92952291e-02,6.35382743e+03,3.42055471e-02
1.27681775e+04,1.49148019e+04,2.87329537e-02,1.20789752e+04,2.92629465e-02,6.37551053e+03,3.41496050e-02
1.28085077e+04,1.49616779e+04,2.87015237e-02,1.21169775e+04,2.92307443e-02,6.39726275e+03,3.40938607e-02
1.28489654e+04,1.50087018e+04,2.86701717e-02,1.21550997e+04,2.91986225e-02,6.41908427e+03,3.40383144e-02
1.28895508e+04,1.50558743e+04,2.86388979e-02,1.21933423e+04,2.91665814e-02,6.44097528e+03,3.39829661e-02
1.29302643e+04,1.51031956e+04,2.86077025e-02,1.22317056e+04,2.91346212e-02,6.46293593e+03,3.39278159e-02
1.29711065e+04,1.51506664e+04,2.85765858e-02,1.22701901e+04,2.91027420e-02,6.48496641e+03,3.38728639e-02
1.30120777e+04,1.51982870e+04,2.85455477e-02,1.23087960e+04,2.90709439e-02,6.50706688e+03,3.38181102e-02
1.30531783e+04,1.52460581e+04,2.85145887e-02,1.23475239e+04,2.90392273e-02,6.52923753e+03,3.37635548e-02
1.30944088e+04,1.52939799e+04,2.84837088e-02,1.23863741e+04,2.90075923e-02,6.55147851e+03,3.37091980e-02
1.31357694e+04,1.53420532e+04,2.84529083e-02,1.24253469e+04,2.89760392e-02,6.57379002e+03,3.36550397e-02
1.31772608e+04,1.53902782e+04,2.84221873e-02,1.24644428e+04,2.89445680e-02,6.59617221e+03,3.36010802e-02
1.32188831e+04,1.54386556e+04,2.83915461e-02,1.25036622e+04,2.89131791e-02,6.61862527e+03,3.35473197e-02
1.32606370e+04,1.54871857e+04,2.83609850e-02,1.25430055e+04,2.88818727e-02,6.64114936e+03,3.34937581e-02
1.33025227e+04,1.55358691e+04,2.83305041e-02,1.25824730e+04,2.88506490e-02,6.66374465e+03,3.34403959e-02
1.33445407e+04,1.55847063e+04,2.83001036e-02,1.26220651e+04,2.88195083e-02,6.68641132e+03,3.33872330e-02
1.33866914e+04,1.56336978e+04,2.82697839e-02,1.26617824e+04,2.87884508e-02,6.70914953e+03,3.33342698e-02
1.34289753e+04,1.56828441e+04,2.82395452e-02,1.27016250e+04,2.87574767e-02,6.73195946e+03,3.32815063e-02
1.34713928e+04,1.57321456e+04,2.82093878e-02,1.27415936e+04,2.87265864e-02,6.75484128e+03,3.32289430e-02
1.35139442e+04,1.57816029e+04,2.81793118e-02,1.27816884e+04,2.86957801e-02,6.77779515e+03,3.31765799e-02
1.35566300e+04,1.58312164e+04,2.81493177e-02,1.28219098e+04,2.86650580e-02,6.80082125e+03,3.31244173e-02
1.35994507e+04,1.58809868e+04,2.81194056e-02,1.28622583e+04,2.86344205e-02,6.82391974e+03,3.30724554e-02
1.36424066e+04,1.59309144e+04,2.80895758e-02,1.29027344e+04,2.86038680e-02,6.84709080e+03,3.30206946e-02
1.36854982e+04,1.59809997e+04,2.80598288e-02,1.29433382e+04,2.85734005e-02,6.87033458e+03,3.29691352e-02
1.37287259e+04,1.60312434e+04,2.80301647e-02,1.29840704e+04,2.85430186e-02,6.89365126e+03,3.29177773e-02
1.37720902e+04,1.60816458e+04,2.80005839e-02,1.30249313e+04,2.85127225e-02,6.91704101e+03,3.28666214e-02
1.38155914e+04,1.61322076e+04,2.79710867e-02,1.30659214e+04,2.84825125e-02,6.94050398e+03,3.28156678e-02
1.38592300e+04,1.61829291e+04,2.79416735e-02,1.31070409e+04,2.84523891e-02,6.96404035e+03,3.27649167e-02
1.39030065e+04,1.62338110e+04,2.79123445e-02,1.31482904e+04,2.84223524e-02,6.98765027e+03,3.27143686e-02
1.39469213e+04,1.62848538e+04,2.78831003e-02,1.31896703e+04,2.83924030e-02,7.01133392e+03,3.26640239e-02
1.39909747e+04,1.63360579e+04,2.78539410e-02,1.32311809e+04,2.83625411e-02,7.03509145e+03,3.26138828e-02
1.40351673e+04,1.63874239e+04,2.78248671e-02,1.32728228e+04,2.83327672e-02,7.05892302e+03,3.25639459e-02
1.40794995e+04,1.64389523e+04,2.77958790e-02,1.33145963e+04,2.83030816e-02,7.08282880e+03,3.25142135e-02
1.41239717e+04,1.64906436e+04,2.77669770e-02,1.33565018e+04,2.82734847e-02,7.10680894e+03,3.24646860e-02
1.41685844e+04,1.65424984e+04,2.77381616e-02,1.33985398e+04,2.82439771e-02,7.13086361e+03,3.24153640e-02
1.42133380e+04,1.65945172e+04,2.77094332e-02,1.34407107e+04,2.82145589e-02,7.15499295e+03,3.23662479e-02
1.42582330e+04,1.66467005e+04,2.76807922e-02,1.34830150e+04,2.81852308e-02,7.17919712e+03,3.23173382e-02
1.43032698e+04,1.66990488e+04,2.76522391e-02,1.35254530e+04,2.81559932e-02,7.20347628e+03,3.22686354e-02
1.43484488e+04,1.67515628e+04,2.76237742e-02,1.35680251e+04,2.81268465e-02,7.22783056e+03,3.22201400e-02
1.43937706e+04,1.68042428e+04,2.75953981e-02,1.36107319e+04,2.80977911e-02,7.25226012e+03,3.21718527e-02
1.44392355e+04,1.68570895e+04,2.75671112e-02,1.36535738e+04,2.80688276e-02,7.27676510e+03,3.21237739e-02
1.44848440e+04,1.69101034e+04,2.75389141e-02,1.36965512e+04,2.80399565e-02,7.30134561e+03,3.20759044e-02
1.45305965e+04,1.69632850e+04,2.75108071e-02,1.37396644e+04,2.80111783e-02,7.32600177e+03,3.20282448e-02
1.45764936e+04,1.70166350e+04,2.74827909e-02,1.37829141e+04,2.79824934e-02,7.35073364e+03,3.19807959e-02
1.46225357e+04,1.70701538e+04,2.74548659e-02,1.38263006e+04,2.79539024e-02,7.37554111e+03,3.19335589e-02
1.46687232e+04,1.71238418e+04,2.74270327e-02,1.38698243e+04,2.79254060e-02,7.40042551e+03,3.18865321e-02
1.47150565e+04,1.71776998e+04,2.73992919e-02,1.39134857e+04,2.78970047e-02,7.42538660e+03,3.18397170e-02
1.47615363e+04,1.72317282e+04,2.73716441e-02,1.39572851e+04,2.78686990e-02,7.45042441e+03,3.17931145e-02
1.48081628e+04,1.72859275e+04,2.73440898e-02,1.40012231e+04,2.78404896e-02,7.47553910e+03,3.17467254e-02
1.48549366e+04,1.73402984e+04,2.73166297e-02,1.40453000e+04,2.78123771e-02,7.50073082e+03,3.17005504e-02
1.49018582e+04,1.73948414e+04,2.72892643e-02,1.40895165e+04,2.77843620e-02,7.52599972e+03,3.16545904e-02
1.49489279e+04,1.74495571e+04,2.72619942e-02,1.41338728e+04,2.77564451e-02,7.55134594e+03,3.16088460e-02
1.49961464e+04,1.75044459e+04,2.72348203e-02,1.41783694e+04,2.77286271e-02,7.57676963e+03,3.15633182e-02
1.50435140e+04,1.75595086e+04,2.72077430e-02,1.42230069e+04,2.77009085e-02,7.60227093e+03,3.15180079e-02
1.50910312e+04,1.76147455e+04,2.71807632e-02,1.42677856e+04,2.76732902e-02,7.62784998e+03,3.14729159e-02
1.51386985e+04,1.76701574e+04,2.71538815e-02,1.43127060e+04,2.76457728e-02,7.65350693e+03,3.14280431e-02
1.51865164e+04,1.77257447e+04,2.71270986e-02,1.43577685e+04,2.76183571e-02,7.67924192e+03,3.13833906e-02
1.52344853e+04,1.77815081e+04,2.71004153e-02,1.44029737e+04,2.75910438e-02,7.70505507e+03,3.13389593e-02
1.52826057e+04,1.78374480e+04,2.70738325e-02,1.44483220e+04,2.75638338e-02,7.73094653e+03,3.12947502e-02
1.53308781e+04,1.78935652e+04,2.70473508e-02,1.44938138e+04,2.75367278e-02,7.75691644e+03,3.12507644e-02
1.53793030e+04,1.79498601e+04,2.70209711e-02,1.45394497e+04,2.75097268e-02,7.78296491e+03,3.12070031e-02
1.54278808e+04,1.80063334e+04,2.69946942e-02,1.45852300e+04,2.74828315e-02,7.80909209e+03,3.11634672e-02
1.54766121e+04,1.80629856e+04,2.69685210e-02,1.46311552e+04,2.74560428e-02,7.83529810e+03,3.11201581e-02
1.55254973e+04,1.81198173e+04,2.69424525e-02,1.46772259e+04,2.74293617e-02,7.86158307e+03,3.10770768e-02
1.55745370e+04,1.81768290e+04,2.69164894e-02,1.47234425e+04,2.74027890e-02,7.88794712e+03,3.10342248e-02
1.56237315e+04,1.82340215e+04,2.68906329e-02,1.47698054e+04,2.73763259e-02,7.91439037e+03,3.09916032e-02
1.56730814e+04,1.82913952e+04,2.68648837e-02,1.48163152e+04,2.73499732e-02,7.94091294e+03,3.09492134e-02
1.57225872e+04,1.83489508e+04,2.68392431e-02,1.48629722e+04,2.73237320e-02,7.96751495e+03,3.09070568e-02
1.57722494e+04,1.84066888e+04,2.68137119e-02,1.49097771e+04,2.72976034e-02,7.99419651e+03,3.08651348e-02
1.58220684e+04,1.84646099e+04,2.67882914e-02,1.49567302e+04,2.72715884e-02,8.02095773e+03,3.08234490e-02
1.58720448e+04,1.85227146e+04,2.67629825e-02,1.50038321e+04,2.72456882e-02,8.04779872e+03,3.07820008e-02
1.59221790e+04,1.85810036e+04,2.67377864e-02,1.50510832e+04,2.72199039e-02,8.07471959e+03,3.07407918e-02
1.59724716e+04,1.86394774e+04,2.67127043e-02,1.50984840e+04,2.71942368e-02,8.10172044e+03,3.06998238e-02
1.60229231e+04,1.86981366e+04,2.66877375e-02,1.51460351e+04,2.71686881e-02,8.12880137e+03,3.06590984e-02
1.60735339e+04,1.87569820e+04,2.66628872e-02,1.51937368e+04,2.71432592e-02,8.15596247e+03,3.06186175e-02
1.61243046e+04,1.88160140e+04,2.66381546e-02,1.52415898e+04,2.71179512e-02,8.18320383e+03,3.05783828e-02
1.61752357e+04,1.88752333e+04,2.66135412e-02,1.52895944e+04,2.70927657e-02,8.21052555e+03,3.05383962e-02
1.62263276e+04,1.89346405e+04,2.65890484e-02,1.53377512e+04,2.70677040e-02,8.23792770e+03,3.04986598e-02
1.62775809e+04,1.89942362e+04,2.65646775e-02,1.53860606e+04,2.70427676e-02,8.26541037e+03,3.04591757e-02
1.63289961e+04,1.90540211e+04,2.65404302e-02,1.54345233e+04,2.70179580e-02,8.29297363e+03,3.04199459e-02
1.63805737e+04,1.91139958e+04,2.65163079e-02,1.54831396e+04,2.69932770e-02,8.32061756e+03,3.03809727e-02
1.64323142e+04,1.91741608e+04,2.64923123e-02,1.55319101e+04,2.69687260e-02,8.34834222e+03,3.03422585e-02
1.64842181e+04,1.92345169e+04,2.64684451e-02,1.55808353e+04,2.69443068e-02,8.37614767e+03,3.03038056e-02
1.65362860e+04,1.92950646e+04,2.64447079e-02,1.56299156e+04,2.69200212e-02,8.40403397e+03,3.02656166e-02
1.65885184e+04,1.93558046e+04,2.64211027e-02,1.56791517e+04,2.68958710e-02,8.43200116e+03,3.02276941e-02
1.66409157e+04,1.94167376e+04,2.63976312e-02,1.57285440e+04,2.68718583e-02,8.46004930e+03,3.01900408e-02
1.66934786e+04,1.94778641e+04,2.63742955e-02,1.57780930e+04,2.68479849e-02,8.48817841e+03,3.01526597e-02
1.67462074e+04,1.95391848e+04,2.63510976e-02,1.58277993e+04,2.68242529e-02,8.51638853e+03,3.01155536e-02
1.67991029e+04,1.96007004e+04,2.63280397e-02,1.58776633e+04,2.68006646e-02,8.54467969e+03,3.00787257e-02
1.68521654e+04,1.96624116e+04,2.63051239e-02,1.59276856e+04,2.67772223e-02,8.57305190e+03,3.00421793e-02
1.69053955e+04,1.97243188e+04,2.62823526e-02,1.59778667e+04,2.67539282e-02,8.60150516e+03,3.00059179e-02
1.69587937e+04,1.97864229e+04,2.62597282e-02,1.60282071e+04,2.67307849e-02,8.63003948e+03,2.99699449e-02
1.70123606e+04,1.98487245e+04,2.62372534e-02,1.60787075e+04,2.67077950e-02,8.65865485e+03,2.99342641e-02
1.70660967e+04,1.99112242e+04,2.62149306e-02,1.61293682e+04,2.66849612e-02,8.68735124e+03,2.98988796e-02
1.71200026e+04,1.99739228e+04,2.61927628e-02,1.61801898e+04,2.66622865e-02,8.71612863e+03,2.98637954e-02
1.71740787e+04,2.00368208e+04,2.61707530e-02,1.62311729e+04,2.66397737e-02,8.74498698e+03,2.98290160e-02
1.72283256e+04,2.00999189e+04,2.61489041e-02,1.62823180e+04,2.66174261e-02,8.77392622e+03,2.97945460e-02
1.72827439e+04,2.01632180e+04,2.61272195e-02,1.63336256e+04,2.65952470e-02,8.80294629e+03,2.97603902e-02
1.73373340e+04,2.02267185e+04,2.61057027e-02,1.63850964e+04,2.65732400e-02,8.83204712e+03,2.97265538e-02
1.73920966e+04,2.02904212e+04,2.60843572e-02,1.64367307e+04,2.65514087e-02,8.86122860e+03,2.96930423e-02
1.74470322e+04,2.03543268e+04,2.60631869e-02,1.64885293e+04,2.65297571e-02,8.89049061e+03,2.96598614e-02
1.75021413e+04,2.04184361e+04,2.60421960e-02,1.65404926e+04,2.65082894e-02,8.91983303e+03,2.96270174e-02
1.75574244e+04,2.04827496e+04,2.60213888e-02,1.65926212e+04,2.64870101e-02,8.94925571e+03,2.95945168e-02
1.76128822e+04,2.05472681e+04,2.60007699e-02,1.66449157e+04,2.64659239e-02,8.97875845e+03,2.95623665e-02
1.76685151e+04,2.06119924e+04,2.59803444e-02,1.66973767e+04,2.64450359e-02,9.00834108e+03,2.95305742e-02
1.77243238e+04,2.06769231e+04,2.59601174e-02,1.67500046e+04,2.64243514e-02,9.03800335e+03,2.94991478e-02
1.77803088e+04,2.07420609e+04,2.59400947e-02,1.68028001e+04,2.64038764e-02,9.06774501e+03,2.94680959e-02
1.78364705e+04,2.08074066e+04,2.59202824e-02,1.68557638e+04,2.63836170e-02,9.09756578e+03,2.94374280e-02
1.78928097e+04,2.08729610e+04,2.59006872e-02,1.69088962e+04,2.63635801e-02,9.12746532e+03,2.94071540e-02
1.79493269e+04,2.09387247e+04,2.58813163e-02,1.69621980e+04,2.63437731e-02,9.15744326e+03,2.93772849e-02
1.80060225e+04,2.10046986e+04,2.58621774e-02,1.70156697e+04,2.63242038e-02,9.18749919e+03,2.93478327e-02
1.80628973e+04,2.10708834e+04,2.58432792e-02,1.70693120e+04,2.63048811e-02,9.21763262e+03,2.93188105e-02
1.81199516e+04,2.11372799e+04,2.58246310e-02,1.71231254e+04,2.62858145e-02,9.24784303e+03,2.92902326e-02
1.81771863e+04,2.12038889e+04,2.58062432e-02,1.71771106e+04,2.62670147e-02,9.27812979e+03,2.92621150e-02
1.82346016e+04,2.12707111e+04,2.57881273e-02,1.72312682e+04,2.62484934e-02,9.30849222e+03,2.92344753e-02
1.82921984e+04,2.13377475e+04,2.57702964e-02,1.72855988e+04,2.62302640e-02,9.33892951e+03,2.92073335e-02
1.83499770e+04,2.14049988e+04,2.57527649e-02,1.73401032e+04,2.62123412e-02,9.36944074e+03,2.91807120e-02
1.84079382e+04,2.14724659e+04,2.57355494e-02,1.73947820e+04,2.61947421e-02,9.40002483e+03,2.91546364e-02
1.84660825e+04,2.15401497e+04,2.57186691e-02,1.74496358e+04,2.61774862e-02,9.43068050e+03,2.91291362e-02
1.85244104e+04,2.16080513e+04,2.57021463e-02,1.75046654e+04,2.61605963e-02,9.46140623e+03,2.91042459e-02
1.85829225e+04,2.16761714e+04,2.56860075e-02,1.75598716e+04,2.61440994e-02,9.49220005e+03,2.90800066e-02
1.86416195e+04,2.17445111e+04,2.56702845e-02,1.76152550e+04,2.61280282e-02,9.52306091e+03,2.90564666e-02
1.87005019e+04,2.18130714e+04,2.56550169e-02,1.76708166e+04,2.61124231e-02,9.55398592e+03,2.90336875e-02
1.87595702e+04,2.18818537e+04,2.56402551e-02,1.77265571e+04,2.60973357e-02,9.58497136e+03,2.90117477e-02
1.88188251e+04,2.19508593e+04,2.56260663e-02,1.77824777e+04,2.60828346e-02,9.61601257e+03,2.89907513e-02
1.88782672e+04,2.20200900e+04,2.56125458e-02,1.78385796e+04,2.60690172e-02,9.64710289e+03,2.89708462e-02
1.89378971e+04,2.20895480e+04,2.55998422e-02,1.78948641e+04,2.60560357e-02,9.67823197e+03,2.89522632e-02
1.89977153e+04,2.21592000e+04,2.55882398e-02,1.79513424e+04,2.60441729e-02,9.70950369e+03,2.89353719e-02
1.90577225e+04,2.22291703e+04,2.55783228e-02,1.80079967e+04,2.60340521e-02,9.74046328e+03,2.89215409e-02
1.91179192e+04,2.22993845e+04,2.55638071e-02,1.80648777e+04,2.60192778e-02,9.77123000e+03,2.89051279e-02
1.91783060e+04,2.23698205e+04,2.55492996e-02,1.81219384e+04,2.60045118e-02,9.80209391e+03,2.88887242e-02
1.92388836e+04,2.24404790e+04,2.55348004e-02,1.81791792e+04,2.59897543e-02,9.83305530e+03,2.88723299e-02
1.92996525e+04,2.25113606e+04,2.55203094e-02,1.82366009e+04,2.59750051e-02,9.86411449e+03,2.88559448e-02
1.93606133e+04,2.25824661e+04,2.55058266e-02,1.82942040e+04,2.59602643e-02,9.89527178e+03,2.88395691e-02
1.94217668e+04,2.26537963e+04,2.54913520e-02,1.83519890e+04,2.59455318e-02,9.92652749e+03,2.88232026e-02
1.94831133e+04,2.27253517e+04,2.54768857e-02,1.84099565e+04,2.59308077e-02,9.95788193e+03,2.88068455e-02
1.95446537e+04,2.27971331e+04,2.54624276e-02,1.84681071e+04,2.59160920e-02,9.98933540e+03,2.87904976e-02
1.96063884e+04,2.28691413e+04,2.54479776e-02,1.85264414e+04,2.59013846e-02,1.00208882e+04,2.87741590e-02
1.96683182e+04,2.29413770e+04,2.54335359e-02,1.85849600e+04,2.58866856e-02,1.00525407e+04,2.87578296e-02
1.97304435e+04,2.30138408e+04,2.54191024e-02,1.86436634e+04,2.58719949e-02,1.00842932e+04,2.87415096e-02
1.97927651e+04,2.30865335e+04,2.54046770e-02,1.87025522e+04,2.58573125e-02,1.01161459e+04,2.87251988e-02
1.98552835e+04,2.31594558e+04,2.53902599e-02,1.87616270e+04,2.58426385e-02,1.01480993e+04,2.87088972e-02
1.99179995e+04,2.32326084e+04,2.53758509e-02,1.88208885e+04,2.58279728e-02,1.01801536e+04,2.86926049e-02
1.99809135e+04,2.33059921e+04,2.53614501e-02,1.88803371e+04,2.58133154e-02,1.02123092e+04,2.86763218e-02
2.00440262e+04,2.33796076e+04,2.53470575e-02,1.89399735e+04,2.57986664e-02,1.02445663e+04,2.86600480e-02
2.01073383e+04,2.34534556e+04,2.53326730e-02,1.89997983e+04,2.57840256e-02,1.02769253e+04,2.86437835e-02
2.01708503e+04,2.35275369e+04,2.53182967e-02,1.90598120e+04,2.57693932e-02,1.03093865e+04,2.86275281e-02
2.02345630e+04,2.36018522e+04,2.53039286e-02,1.91200153e+04,2.57547690e-02,1.03419503e+04,2.86112820e-02
2.02984769e+04,2.36764022e+04,2.52895686e-02,1.91804087e+04,2.57401532e-02,1.03746169e+04,2.85950451e-02
2.03625927e+04,2.37511877e+04,2.52752168e-02,1.92409929e+04,2.57255457e-02,1.04073867e+04,2.85788174e-02
2.04269111e+04,2.38262094e+04,2.52608731e-02,1.93017685e+04,2.57109464e-02,1.04402600e+04,2.85625989e-02
2.04914325e+04,2.39014680e+04,2.52465376e-02,1.93627361e+04,2.56963555e-02,1.04732371e+04,2.85463896e-02
2.05561578e+04,2.39769644e+04,2.52322101e-02,1.94238962e+04,2.56817728e-02,1.05063184e+04,2.85301896e-02
2.06210875e+04,2.40526993e+04,2.52178909e-02,1.94852495e+04,2.56671984e-02,1.05395042e+04,2.85139987e-02
2.06862224e+04,2.41286734e+04,2.52035797e-02,1.95467966e+04,2.56526322e-02,1.05727948e+04,2.84978170e-02
2.07515629e+04,2.42048874e+04,2.51892767e-02,1.96085381e+04,2.56380744e-02,1.06061906e+04,2.84816445e-02
2.08171099e+04,2.42813422e+04,2.51749818e-02,1.96704746e+04,2.56235248e-02,1.06396918e+04,2.84654811e-02
2.08828638e+04,2.43580385e+04,2.51606950e-02,1.97326068e+04,2.56089834e-02,1.06732989e+04,2.84493270e-02
2.09488255e+04,2.44349771e+04,2.51464163e-02,1.97949352e+04,2.55944503e-02,1.07070121e+04,2.84331820e-02
2.10149955e+04,2.45121586e+04,2.51321457e-02,1.98574605e+04,2.55799255e-02,1.07408319e+04,2.84170462e-02
2.10813746e+04,2.45895840e+04,2.51178832e-02,1.99201833e+04,2.55654089e-02,1.07747584e+04,2.84009195e-02
2.11479633e+04,2.46672539e+04,2.51036288e-02,1.99831042e+04,2.55509005e-02,1.08087921e+04,2.83848020e-02
2.12147623e+04,2.47451691e+04,2.50893825e-02,2.00462239e+04,2.55364003e-02,1.08429333e+04,2.83686936e-02
2.12817723e+04,2.48233305e+04,2.50751442e-02,2.01095429e+04,2.55219084e-02,1.08771823e+04,2.83525943e-02
2.13489940e+04,2.49017387e+04,2.50609141e-02,2.01730619e+04,2.55074248e-02,1.09115396e+04,2.83365042e-02
2.14164281e+04,2.49803946e+04,2.50466920e-02,2.02367816e+04,2.54929493e-02,1.09460053e+04,2.83204233e-02
2.14840751e+04,2.50592990e+04,2.50324780e-02,2.03007025e+04,2.54784820e-02,1.09805799e+04,2.83043514e-02
2.15519358e+04,2.51384525e+04,2.50182721e-02,2.03648253e+04,2.54640230e-02,1.10152637e+04,2.82882887e-02
2.16200108e+04,2.52178561e+04,2.50040742e-02,2.04291507e+04,2.54495722e-02,1.10500571e+04,2.82722351e-02
2.16883009e+04,2.52975105e+04,2.49898844e-02,2.04936793e+04,2.54351295e-02,1.10849604e+04,2.82561906e-02
2.17568066e+04,2.53774165e+04,2.49757027e-02,2.05584116e+04,2.54206951e-02,1.11199739e+04,2.82401552e-02
2.18255288e+04,2.54575749e+04,2.49615289e-02,2.06233485e+04,2.54062689e-02,1.11550980e+04,2.82241289e-02
2.18944680e+04,2.55379865e+04,2.49473633e-02,2.06884904e+04,2.53918508e-02,1.11903331e+04,2.82081117e-02
2.19636250e+04,2.56186521e+04,2.49332056e-02,2.07538382e+04,2.53774409e-02,1.12256794e+04,2.81921036e-02
2.20330004e+04,2.56995725e+04,2.49190561e-02,2.08193923e+04,2.53630392e-02,1.12611374e+04,2.81761046e-02
2.21025950e+04,2.57807485e+04,2.49049145e-02,2.08851535e+04,2.53486457e-02,1.12967074e+04,2.81601147e-02
2.21724094e+04,2.58621809e+04,2.48907810e-02,2.09511224e+04,2.53342603e-02,1.13323898e+04,2.81441338e-02
2.22424443e+04,2.59438705e+04,2.48766554e-02,2.10172997e+04,2.53198831e-02,1.13681848e+04,2.81281620e-02
2.23127004e+04,2.60258181e+04,2.48625379e-02,2.10836860e+04,2.53055141e-02,1.14040930e+04,2.81121993e-02
2.23831784e+04,2.61080246e+04,2.48484284e-02,2.11502820e+04,2.52911532e-02,1.14401145e+04,2.80962456e-02
2.24538791e+04,2.61904907e+04,2.48343270e-02,2.12170883e+04,2.52768005e-02,1.14762499e+04,2.80803010e-02
2.25248030e+04,2.62732173e+04,2.48202335e-02,2.12841057e+04,2.52624559e-02,1.15124993e+04,2.80643654e-02
2.25959510e+04,2.63562052e+04,2.48061480e-02,2.13513348e+04,2.52481195e-02,1.15488633e+04,2.80484389e-02
2.26673238e+04,2.64394553e+04,2.47920705e-02,2.14187762e+04,2.52337912e-02,1.15853421e+04,2.80325214e-02
2.27389219e+04,2.65229683e+04,2.47780010e-02,2.14864306e+04,2.52194710e-02,1.16219362e+04,2.80166130e-02
2.28107462e+04,2.66067451e+04,2.47639395e-02,2.15542988e+04,2.52051589e-02,1.16586458e+04,2.80007135e-02
2.28827974e+04,2.66907865e+04,2.47498859e-02,2.16223813e+04,2.51908550e-02,1.16954714e+04,2.79848231e-02
2.29550762e+04,2.67750934e+04,2.47358404e-02,2.16906788e+04,2.51765592e-02,1.17324133e+04,2.79689417e-02
2.30275833e+04,2.68596666e+04,2.47218028e-02,2.17591921e+04,2.51622715e-02,1.17694719e+04,2.79530694e-02
2.31003194e+04,2.69445069e+04,2.47077732e-02,2.18279218e+04,2.51479919e-02,1.18066476e+04,2.79372060e-02
2.31732852e+04,2.70296152e+04,2.46937515e-02,2.18968686e+04,2.51337204e-02,1.18439406e+04,2.79213516e-02
2.32464815e+04,2.71149923e+04,2.46797378e-02,2.19660331e+04,2.51194570e-02,1.18813515e+04,2.79055063e-02
2.33199090e+04,2.72006391e+04,2.46657321e-02,2.20354162e+04,2.51052017e-02,1.19188806e+04,2.78896699e-02
2.33935685e+04,2.72865564e+04,2.46517343e-02,2.21050184e+04,2.50909545e-02,1.19565281e+04,2.78738425e-02
2.34674606e+04,2.73727451e+04,2.46377444e-02,2.21748404e+04,2.50767154e-02,1.19942946e+04,2.78580241e-02
2.35415861e+04,2.74592061e+04,2.46237625e-02,2.22448830e+04,2.50624844e-02,1.20321804e+04,2.78422147e-02
2.36159458e+04,2.75459401e+04,2.46097885e-02,2.23151468e+04,2.50482614e-02,1.20701859e+04,2.78264142e-02
2.36905403e+04,2.76329481e+04,2.45958224e-02,2.23856326e+04,2.50340465e-02,1.21083114e+04,2.78106227e-02
2.37653704e+04,2.77202310e+04,2.45818643e-02,2.24563410e+04,2.50198397e-02,1.21465573e+04,2.77948402e-02
2.38404370e+04,2.78077895e+04,2.45679141e-02,2.25272727e+04,2.50056410e-02,1.21849240e+04,2.77790666e-02
2.39157406e+04,2.78956246e+04,2.45539718e-02,2.25984285e+04,2.49914503e-02,1.22234120e+04,2.77633020e-02
2.39912821e+04,2.79837371e+04,2.45400374e-02,2.26698090e+04,2.49772676e-02,1.22620215e+04,2.77475463e-02
2.40670621e+04,2.80721280e+04,2.45261109e-02,2.27414150e+04,2.49630930e-02,1.23007529e+04,2.77317996e-02
2.41430816e+04,2.81607980e+04,2.45121924e-02,2.28132472e+04,2.49489264e-02,1.23396067e+04,2.77160618e-02
2.42193412e+04,2.82497482e+04,2.44982817e-02,2.28853063e+04,2.49347679e-02,1.23785832e+04,2.77003329e-02
2.42958416e+04,2.83389793e+04,2.44843789e-02,2.29575930e+04,2.49206175e-02,1.24176828e+04,2.76846130e-02
2.43725837e+04,2.84284922e+04,2.44704840e-02,2.30301080e+04,2.49064750e-02,1.24569059e+04,2.76689020e-02
2.44495682e+04,2.85182879e+04,2.44565970e-02,2.31028521e+04,2.48923406e-02,1.24962530e+04,2.76531999e-02
2.45267958e+04,2.86083672e+04,2.44427179e-02,2.31758260e+04,2.48782142e-02,1.25357243e+04,2.76375067e-02
2.46042674e+04,2.86987310e+04,2.44288467e-02,2.32490303e+04,2.48640958e-02,1.25753202e+04,2.76218224e-02
2.46819837e+04,2.87893803e+04,2.44149833e-02,2.33224659e+04,2.48499854e-02,1.26150413e+04,2.76061470e-02
2.47599455e+04,2.88803159e+04,2.44011278e-02,2.33961334e+04,2.48358830e-02,1.26548878e+04,2.75904805e-02
2.48381535e+04,2.89715388e+04,2.43872802e-02,2.34700336e+04,2.48217887e-02,1.26948602e+04,2.75748229e-02
2.49166085e+04,2.90630497e+04,2.43734404e-02,2.35441673e+04,2.48077023e-02,1.27349588e+04,2.75591742e-02
2.49953114e+04,2.91548498e+04,2.43596085e-02,2.36185351e+04,2.47936239e-02,1.27751841e+04,2.75435344e-02
2.50742629e+04,2.92469398e+04,2.43457844e-02,2.36931378e+04,2.47795536e-02,1.28155364e+04,2.75279034e-02
2.51534637e+04,2.93393206e+04,2.43319681e-02,2.37679761e+04,2.47654912e-02,1.28560162e+04,2.75122813e-02
2.52329147e+04,2.94319933e+04,2.43181598e-02,2.38430509e+04,2.47514367e-02,1.28966239e+04,2.74966681e-02
2.53126167e+04,2.95249587e+04,2.43043592e-02,2.39183627e+04,2.47373903e-02,1.29373599e+04,2.74810637e-02
2.53925704e+04,2.96182177e+04,2.42905665e-02,2.39939125e+04,2.47233518e-02,1.29782245e+04,2.74654682e-02
2.54727767e+04,2.97117713e+04,2.42767816e-02,2.40697009e+04,2.47093213e-02,1.30192181e+04,2.74498816e-02
2.55532363e+04,2.98056205e+04,2.42630045e-02,2.41457287e+04,2.46952988e-02,1.30603413e+04,2.74343038e-02
2.56339500e+04,2.98997660e+04,2.42492352e-02,2.42219966e+04,2.46812842e-02,1.31015944e+04,2.74187348e-02
2.57149187e+04,2.99942089e+04,2.42354738e-02,2.42985054e+04,2.46672776e-02,1.31429777e+04,2.74031747e-02
2.57961432e+04,3.00889502e+04,2.42217202e-02,2.43752559e+04,2.46532789e-02,1.31844918e+04,2.73876234e-02
2.58776242e+04,3.01839907e+04,2.42079743e-02,2.44522489e+04,2.46392882e-02,1.32261370e+04,2.73720809e-02
2.59593626e+04,3.02793313e+04,2.41942363e-02,2.45294850e+04,2.46253054e-02,1.32679138e+04,2.73565472e-02
2.60413592e+04,3.03749732e+04,2.41805061e-02,2.46069651e+04,2.46113305e-02,1.33098225e+04,2.73410224e-02
2.61236147e+04,3.04709171e+04,2.41667837e-02,2.46846899e+04,2.45973636e-02,1.33518635e+04,2.73255064e-02
2.62061301e+04,3.05671641e+04,2.41530690e-02,2.47626602e+04,2.45834046e-02,1.33940374e+04,2.73099991e-02
2.62889061e+04,3.06637151e+04,2.41393621e-02,2.48408768e+04,2.45694535e-02,1.34363445e+04,2.72945007e-02
2.63719436e+04,3.07605711e+04,2.41256630e-02,2.49193404e+04,2.45555103e-02,1.34787852e+04,2.72790111e-02
2.64552434e+04,3.08577330e+04,2.41119717e-02,2.49980519e+04,2.45415751e-02,1.35213600e+04,2.72635302e-02
2.65388062e+04,3.09552018e+04,2.40982882e-02,2.50770121e+04,2.45276477e-02,1.35640693e+04,2.72480582e-02
2.66226331e+04,3.10529785e+04,2.40846124e-02,2.51562216e+04,2.45137283e-02,1.36069134e+04,2.72325949e-02
2.67067247e+04,3.11510640e+04,2.40709444e-02,2.52356813e+04,2.44998167e-02,1.36498929e+04,2.72171404e-02
2.67910819e+04,3.12494593e+04,2.40572841e-02,2.53153920e+04,2.44859131e-02,1.36930082e+04,2.72016947e-02
2.68757056e+04,3.13481655e+04,2.40436316e-02,2.53953545e+04,2.44720173e-02,1.37362596e+04,2.71862577e-02
2.69605965e+04,3.14471834e+04,2.40299869e-02,2.54755696e+04,2.44581295e-02,1.37796476e+04,2.71708295e-02
2.70457556e+04,3.15465140e+04,2.40163498e-02,2.55560380e+04,2.44442495e-02,1.38231727e+04,2.71554101e-02
2.71311837e+04,3.16461585e+04,2.40027206e-02,2.56367606e+04,2.44303774e-02,1.38668353e+04,2.71399994e-02
2.72168817e+04,3.17461176e+04,2.39890990e-02,2.57177382e+04,2.44165131e-02,1.39106358e+04,2.71245974e-02
2.73028503e+04,3.18463925e+04,2.39754852e-02,2.57989715e+04,2.44026568e-02,1.39545747e+04,2.71092042e-02
2.73890905e+04,3.19469842e+04,2.39618791e-02,2.58804615e+04,2.43888082e-02,1.39986523e+04,2.70938197e-02
2.74756031e+04,3.20478935e+04,2.39482807e-02,2.59622088e+04,2.43749676e-02,1.40428691e+04,2.70784440e-02
2.75623889e+04,3.21491217e+04,2.39346901e-02,2.60442144e+04,2.43611348e-02,1.40872257e+04,2.70630770e-02
2.76494489e+04,3.22506695e+04,2.39211072e-02,2.61264790e+04,2.43473099e-02,1.41317223e+04,2.70477187e-02
2.77367838e+04,3.23525381e+04,2.39075319e-02,2.62090034e+04,2.43334928e-02,1.41763595e+04,2.70323691e-02
2.78243946e+04,3.24547285e+04,2.38939644e-02,2.62917885e+04,2.43196835e-02,1.42211376e+04,2.70170282e-02
2.79122822e+04,3.25572416e+04,2.38804046e-02,2.63748351e+04,2.43058821e-02,1.42660572e+04,2.70016961e-02
2.80004473e+04,3.26600786e+04,2.38668525e-02,2.64581440e+04,2.42920885e-02,1.43111187e+04,2.69863726e-02
2.80888910e+04,3.27632404e+04,2.38533080e-02,2.65417160e+04,2.42783027e-02,1.43563226e+04,2.69710578e-02
2.81776140e+04,3.28667280e+04,2.38397713e-02,2.66255520e+04,2.42645248e-02,1.44016692e+04,2.69557518e-02
2.82666172e+04,3.29705426e+04,2.38262422e-02,2.67096528e+04,2.42507547e-02,1.44471590e+04,2.69404544e-02
2.83559016e+04,3.30746850e+04,2.38127208e-02,2.67940193e+04,2.42369924e-02,1.44927926e+04,2.69251657e-02
2.84454680e+04,3.31791564e+04,2.37992071e-02,2.68786523e+04,2.42232379e-02,1.45385702e+04,2.69098856e-02
2.85353173e+04,3.32839577e+04,2.37857010e-02,2.69635525e+04,2.42094912e-02,1.45844925e+04,2.68946143e-02
2.86254504e+04,3.33890901e+04,2.37722026e-02,2.70487210e+04,2.41957523e-02,1.46305598e+04,2.68793516e-02
2.87158682e+04,3.34945546e+04,2.37587119e-02,2.71341585e+04,2.41820212e-02,1.46767727e+04,2.68640975e-02
2.88065716e+04,3.36003522e+04,2.37452288e-02,2.72198658e+04,2.41682979e-02,1.47231315e+04,2.68488522e-02
2.88975615e+04,3.37064840e+04,2.37317534e-02,2.73058438e+04,2.41545824e-02,1.47696367e+04,2.68336154e-02
2.89888388e+04,3.38129510e+04,2.37182857e-02,2.73920935e+04,2.41408747e-02,1.48162888e+04,2.68183874e-02
2.90804045e+04,3.39197543e+04,2.37048255e-02,2.74786155e+04,2.41271747e-02,1.48630883e+04,2.68031679e-02
2.91722593e+04,3.40268950e+04,2.36913730e-02,2.75654109e+04,2.41134826e-02,1.49100356e+04,2.67879571e-02
2.92644043e+04,3.41343741e+04,2.36779282e-02,2.76524804e+04,2.40997982e-02,1.49571312e+04,2.67727550e-02
2.93568403e+04,3.42421927e+04,2.36644910e-02,2.77398249e+04,2.40861215e-02,1.50043756e+04,2.67575614e-02
2.94495683e+04,3.43503518e+04,2.36510614e-02,2.78274454e+04,2.40724526e-02,1.50517691e+04,2.67423765e-02
2.95425892e+04,3.44588526e+04,2.36376394e-02,2.79153425e+04,2.40587915e-02,1.50993124e+04,2.67272002e-02
2.96359040e+04,3.45676961e+04,2.36242250e-02,2.80035174e+04,2.40451382e-02,1.51470059e+04,2.67120325e-02
2.97295134e+04,3.46768833e+04,2.36108183e-02,2.80919707e+04,2.40314925e-02,1.51948500e+04,2.66968734e-02
2.98234186e+04,3.47864155e+04,2.35974191e-02,2.81807034e+04,2.40178547e-02,1.52428452e+04,2.66817230e-02
2.99176204e+04,3.48962936e+04,2.35840276e-02,2.82697164e+04,2.40042245e-02,1.52909920e+04,2.66665811e-02
3.00121197e+04,3.50065189e+04,2.35706437e-02,2.83590106e+04,2.39906021e-02,1.53392909e+04,2.66514478e-02
3.01069175e+04,3.51170922e+04,2.35572673e-02,2.84485868e+04,2.39769875e-02,1.53877424e+04,2.66363231e-02
3.02020147e+04,3.52280149e+04,2.35438986e-02,2.85384460e+04,2.39633805e-02,1.54363469e+04,2.66212070e-02
3.02974124e+04,3.53392879e+04,2.35305374e-02,2.86285890e+04,2.39497813e-02,1.54851050e+04,2.66060995e-02
3.03931113e+04,3.54509123e+04,2.35171838e-02,2.87190167e+04,2.39361898e-02,1.55340170e+04,2.65910005e-02
3.04891125e+04,3.55628894e+04,2.35038378e-02,2.88097300e+04,2.39226060e-02,1.55830835e+04,2.65759101e-02
3.05854170e+04,3.56752202e+04,2.34904994e-02,2.89007299e+04,2.39090299e-02,1.56323050e+04,2.65608283e-02
3.06820256e+04,3.57879057e+04,2.34771685e-02,2.89920172e+04,2.38954616e-02,1.56816820e+04,2.65457550e-02
3.07789395e+04,3.59009472e+04,2.34638452e-02,2.90835929e+04,2.38819009e-02,1.57312150e+04,2.65306903e-02
3.08761594e+04,3.60143458e+04,2.34505295e-02,2.91754578e+04,2.38683479e-02,1.57809044e+04,2.65156341e-02
3.09736864e+04,3.61281025e+04,2.34372213e-02,2.92676129e+04,2.38548026e-02,1.58307508e+04,2.65005865e-02
3.10715215e+04,3.62422186e+04,2.34239207e-02,2.93600591e+04,2.38412650e-02,1.58807546e+04,2.64855474e-02
3.11696655e+04,3.63566951e+04,2.34106276e-02,2.94527972e+04,2.38277351e-02,1.59309164e+04,2.64705169e-02
3.12681196e+04,3.64715332e+04,2.33973421e-02,2.95458283e+04,2.38142129e-02,1.59812366e+04,2.64554948e-02
3.13668847e+04,3.65867341e+04,2.33840641e-02,2.96391533e+04,2.38006983e-02,1.60317157e+04,2.64404814e-02
3.14659617e+04,3.67022988e+04,2.33707937e-02,2.97327730e+04,2.37871914e-02,1.60823543e+04,2.64254764e-02
3.15653517e+04,3.68182285e+04,2.33575307e-02,2.98266885e+04,2.37736922e-02,1.61331529e+04,2.64104799e-02
3.16650557e+04,3.69345245e+04,2.33442753e-02,2.99209006e+04,2.37602006e-02,1.61841118e+04,2.63954920e-02
3.17650745e+04,3.70511877e+04,2.33310274e-02,3.00154103e+04,2.37467167e-02,1.62352318e+04,2.63805125e-02
3.18654093e+04,3.71682195e+04,2.33177871e-02,3.01102185e+04,2.37332404e-02,1.62865132e+04,2.63655416e-02
3.19660610e+04,3.72856209e+04,2.33045542e-02,3.02053261e+04,2.37197718e-02,1.63379566e+04,2.63505791e-02
3.20670306e+04,3.74033932e+04,2.32913289e-02,3.03007342e+04,2.37063108e-02,1.63895626e+04,2.63356252e-02
3.21683192e+04,3.75215374e+04,2.32781111e-02,3.03964437e+04,2.36928575e-02,1.64413315e+04,2.63206797e-02
3.22699277e+04,3.76400549e+04,2.32649008e-02,3.04924554e+04,2.36794118e-02,1.64932639e+04,2.63057427e-02
3.23718571e+04,3.77589467e+04,2.32516979e-02,3.05887704e+04,2.36659737e-02,1.65453603e+04,2.62908142e-02
3.24741085e+04,3.78782140e+04,2.32385026e-02,3.06853897e+04,2.36525433e-02,1.65976214e+04,2.62758942e-02
3.25766829e+04,3.79978581e+04,2.32253147e-02,3.07823141e+04,2.36391205e-02,1.66500475e+04,2.62609826e-02
3.26795813e+04,3.81178800e+04,2.32121344e-02,3.08795447e+04,2.36257053e-02,1.67026391e+04,2.62460795e-02
3.27828046e+04,3.82382811e+04,2.31989615e-02,3.09770824e+04,2.36122977e-02,1.67553970e+04,2.62311849e-02
3.28863541e+04,3.83590625e+04,2.31857961e-02,3.10749282e+04,2.35988977e-02,1.68083214e+04,2.62162987e-02
3.29902306e+04,3.84802254e+04,2.31726381e-02,3.11730830e+04,2.35855053e-02,1.68614130e+04,2.62014209e-02
3.30944352e+04,3.86017710e+04,2.31594877e-02,3.12715479e+04,2.35721206e-02,1.69146723e+04,2.61865516e-02
3.31989690e+04,3.87237005e+04,2.31463446e-02,3.13703238e+04,2.35587434e-02,1.69680999e+04,2.61716907e-02
3.33038329e+04,3.88460152e+04,2.31332091e-02,3.14694117e+04,2.35453738e-02,1.70216962e+04,2.61568383e-02
3.34090281e+04,3.89687162e+04,2.31200810e-02,3.15688126e+04,2.35320118e-02,1.70754618e+04,2.61419943e-02
3.35145556e+04,3.90918047e+04,2.31069603e-02,3.16685275e+04,2.35186574e-02,1.71293972e+04,2.61271587e-02
3.36204164e+04,3.92152821e+04,2.30938471e-02,3.17685573e+04,2.35053105e-02,1.71835030e+04,2.61123315e-02
3.37266115e+04,3.93391495e+04,2.30807414e-02,3.18689031e+04,2.34919713e-02,1.72377797e+04,2.60975128e-02
3.38331421e+04,3.94634081e+04,2.30676431e-02,3.19695658e+04,2.34786396e-02,1.72922278e+04,2.60827025e-02
3.39400092e+04,3.95880592e+04,2.30545522e-02,3.20705465e+04,2.34653155e-02,1.73468479e+04,2.60679005e-02
3.40472138e+04,3.97131041e+04,2.30414687e-02,3.21718462e+04,2.34519989e-02,1.74016406e+04,2.60531070e-02
3.41547571e+04,3.98385439e+04,2.30283927e-02,3.22734658e+04,2.34386899e-02,1.74566063e+04,2.60383218e-02
3.42626401e+04,3.99643800e+04,2.30153241e-02,3.23754064e+04,2.34253884e-02,1.75117456e+04,2.60235451e-02
3.43708638e+04,4.00906135e+04,2.30022629e-02,3.24776690e+04,2.34120945e-02,1.75670591e+04,2.60087767e-02
3.44794293e+04,4.02172458e+04,2.29892091e-02,3.25802547e+04,2.33988081e-02,1.76225473e+04,2.59940168e-02
3.45883378e+04,4.03442780e+04,2.29761627e-02,3.26831643e+04,2.33855293e-02,1.76782108e+04,2.59792652e-02
3.46975903e+04,4.04717115e+04,2.29631237e-02,3.27863990e+04,2.33722580e-02,1.77340501e+04,2.59645219e-02
3.48071879e+04,4.05995475e+04,2.29500922e-02,3.28899598e+04,2.33589943e-02,1.77900657e+04,2.59497871e-02
3.49171316e+04,4.07277873e+04,2.29370680e-02,3.29938477e+04,2.33457380e-02,1.78462583e+04,2.59350605e-02
3.50274227e+04,4.08564322e+04,2.29240512e-02,3.30980637e+04,2.33324893e-02,1.79026284e+04,2.59203424e-02
3.51380621e+04,4.09854834e+04,2.29110418e-02,3.32026090e+04,2.33192482e-02,1.79591766e+04,2.59056326e-02
3.52490509e+04,4.11149422e+04,2.28980398e-02,3.33074844e+04,2.33060145e-02,1.80159034e+04,2.58909312e-02
3.53603904e+04,4.12448100e+04,2.28850452e-02,3.34126911e+04,2.32927883e-02,1.80728093e+04,2.58762381e-02
3.54720815e+04,4.13750879e+04,2.28720579e-02,3.35182302e+04,2.32795697e-02,1.81298950e+04,2.58615533e-02
3.55841254e+04,4.15057774e+04,2.28590780e-02,3.36241026e+04,2.32663585e-02,1.81871610e+04,2.58468769e-02
3.56965233e+04,4.16368796e+04,2.28461055e-02,3.37303094e+04,2.32531548e-02,1.82446079e+04,2.58322088e-02
3.58092761e+04,4.17683960e+04,2.28331403e-02,3.38368516e+04,2.32399587e-02,1.83022363e+04,2.58175490e-02
3.59223851e+04,4.19003278e+04,2.28201825e-02,3.39437304e+04,2.32267700e-02,1.83600466e+04,2.58028975e-02
3.60358514e+04,4.20326763e+04,2.28072320e-02,3.40509468e+04,2.32135888e-02,1.84180396e+04,2.57882544e-02
3.61496761e+04,4.21654429e+04,2.27942889e-02,3.41585019e+04,2.32004151e-02,1.84762158e+04,2.57736195e-02
3.62638603e+04,4.22986288e+04,2.27813532e-02,3.42663967e+04,2.31872489e-02,1.85345757e+04,2.57589930e-02
3.63784052e+04,4.24322354e+04,2.27684248e-02,3.43746323e+04,2.31740901e-02,1.85931199e+04,2.57443748e-02
3.64933118e+04,4.25662640e+04,2.27555037e-02,3.44832097e+04,2.31609388e-02,1.86518491e+04,2.57297648e-02
3.66085815e+04,4.27007160e+04,2.27425899e-02,3.45921301e+04,2.31477950e-02,1.87107638e+04,2.57151632e-02
3.67242152e+04,4.28355926e+04,2.27296835e-02,3.47013946e+04,2.31346586e-02,1.87698646e+04,2.57005698e-02
3.68402142e+04,4.29708953e+04,2.27167844e-02,3.48110042e+04,2.31215297e-02,1.88291520e+04,2.56859848e-02
3.69565796e+04,4.31066254e+04,2.27038926e-02,3.49209600e+04,2.31084082e-02,1.88886267e+04,2.56714080e-02
3.70733125e+04,4.32427841e+04,2.26910082e-02,3.50312631e+04,2.30952942e-02,1.89482893e+04,2.56568394e-02
3.71904141e+04,4.33793730e+04,2.26781310e-02,3.51419147e+04,2.30821876e-02,1.90081403e+04,2.56422792e-02
3.73078857e+04,4.35163933e+04,2.26652612e-02,3.52529157e+04,2.30690885e-02,1.90681804e+04,2.56277272e-02
3.74257283e+04,4.36538464e+04,2.26523987e-02,3.53642674e+04,2.30559967e-02,1.91284102e+04,2.56131835e-02
3.75439431e+04,4.37917336e+04,2.26395434e-02,3.54759707e+04,2.30429125e-02,1.91888301e+04,2.55986480e-02
3.76625313e+04,4.39300564e+04,2.26266955e-02,3.55880269e+04,2.30298356e-02,1.92494409e+04,2.55841207e-02
3.77814941e+04,4.40688162e+04,2.26138548e-02,3.57004371e+04,2.30167662e-02,1.93102432e+04,2.55696018e-02
3.79008326e+04,4.42080142e+04,2.26010215e-02,3.58132023e+04,2.30037042e-02,1.93712375e+04,2.55550910e-02
3.80205481e+04,4.43476518e+04,2.25881954e-02,3.59263237e+04,2.29906496e-02,1.94324245e+04,2.55405885e-02
3.81406418e+04,4.44877306e+04,2.25753766e-02,3.60398024e+04,2.29776024e-02,1.94938047e+04,2.55260942e-02
3.82611147e+04,4.46282518e+04,2.25625650e-02,3.61536396e+04,2.29645626e-02,1.95553789e+04,2.55116081e-02
3.83819682e+04,4.47692169e+04,2.25497608e-02,3.62678363e+04,2.29515302e-02,1.96171475e+04,2.54971303e-02
3.85032035e+04,4.49106272e+04,2.25369638e-02,3.63823937e+04,2.29385052e-02,1.96791112e+04,2.54826607e-02
3.86248217e+04,4.50524842e+04,2.25241741e-02,3.64973130e+04,2.29254876e-02,1.97412706e+04,2.54681993e-02
3.87468240e+04,4.51947893e+04,2.25113916e-02,3.66125953e+04,2.29124774e-02,1.98036264e+04,2.54537461e-02
3.88692117e+04,4.53375438e+04,2.24986164e-02,3.67282417e+04,2.28994746e-02,1.98661792e+04,2.54393011e-02
3.89919859e+04,4.54807493e+04,2.24858484e-02,3.68442534e+04,2.28864791e-02,1.99289295e+04,2.54248643e-02
3.91151480e+04,4.56244071e+04,2.24730877e-02,3.69606315e+04,2.28734910e-02,1.99918780e+04,2.54104357e-02
3.92386991e+04,4.57685187e+04,2.24603342e-02,3.70773773e+04,2.28605103e-02,2.00550254e+04,2.53960152e-02
3.93626405e+04,4.59130855e+04,2.24475880e-02,3.71944918e+04,2.28475370e-02,2.01183722e+04,2.53816030e-02
3.94869733e+04,4.60581089e+04,2.24348490e-02,3.73119762e+04,2.28345710e-02,2.01819191e+04,2.53671989e-02
3.96116989e+04,4.62035904e+04,2.24221172e-02,3.74298317e+04,2.28216124e-02,2.02456668e+04,2.53528030e-02
3.97368184e+04,4.63495314e+04,2.24093927e-02,3.75480595e+04,2.28086611e-02,2.03096158e+04,2.53384153e-02
3.98623331e+04,4.64959334e+04,2.23966753e-02,3.76666607e+04,2.27957172e-02,2.03737667e+04,2.53240358e-02
3.99882443e+04,4.66427978e+04,2.23839652e-02,3.77856365e+04,2.27827806e-02,2.04381204e+04,2.53096644e-02
4.01145532e+04,4.67901261e+04,2.23712623e-02,3.79049881e+04,2.27698514e-02,2.05026773e+04,2.52953012e-02
4.02412611e+04,4.69379198e+04,2.23585666e-02,3.80247168e+04,2.27569295e-02,2.05674381e+04,2.52809461e-02
4.03683692e+04,4.70861803e+04,2.23458781e-02,3.81448236e+04,2.27440149e-02,2.06324034e+04,2.52665991e-02
4.04958788e+04,4.72349091e+04,2.23331968e-02,3.82653097e+04,2.27311077e-02,2.06975740e+04,2.52522603e-02
4.06237911e+04,4.73841077e+04,2.23205228e-02,3.83861765e+04,2.27182078e-02,2.07629504e+04,2.52379297e-02
4.07521075e+04,4.75337775e+04,2.23078559e-02,3.85074250e+04,2.27053152e-02,2.08285333e+04,2.52236072e-02
4.08808292e+04,4.76839201e+04,2.22951961e-02,3.86290565e+04,2.26924300e-02,2.08943234e+04,2.52092928e-02
4.10099575e+04,4.78345370e+04,2.22825436e-02,3.87510723e+04,2.26795520e-02,2.09603212e+04,2.51949865e-02
4.11394936e+04,4.79856296e+04,2.22698983e-02,3.88734734e+04,2.26666814e-02,2.10265276e+04,2.51806883e-02
4.12694389e+04,4.81371995e+04,2.22572601e-02,3.89962611e+04,2.26538180e-02,2.10929430e+04,2.51663983e-02
4.13997947e+04,4.82892481e+04,2.22446291e-02,3.91194367e+04,2.26409620e-02,2.11595683e+04,2.51521164e-02
4.15305622e+04,4.84417769e+04,2.22320053e-02,3.92430013e+04,2.26281132e-02,2.12264040e+04,2.51378425e-02
4.16617427e+04,4.85947876e+04,2.22193886e-02,3.93669563e+04,2.26152718e-02,2.12934508e+04,2.51235768e-02
4.17933376e+04,4.87482816e+04,2.22067791e-02,3.94913027e+04,2.26024376e-02,2.13607093e+04,2.51093192e-02
4.19253482e+04,4.89022604e+04,2.21941768e-02,3.96160420e+04,2.25896107e-02,2.14281804e+04,2.50950696e-02
4.20577757e+04,4.90567256e+04,2.21815816e-02,3.97411752e+04,2.25767911e-02,2.14958645e+04,2.50808282e-02
4.21906215e+04,4.92116786e+04,2.21689935e-02,3.98667037e+04,2.25639788e-02,2.15637624e+04,2.50665948e-02
4.23238870e+04,4.93671211e+04,2.21564126e-02,3.99926287e+04,2.25511737e-02,2.16318748e+04,2.50523695e-02
4.24575734e+04,4.95230546e+04,2.21438389e-02,4.01189515e+04,2.25383759e-02,2.17002024e+04,2.50381523e-02
4.25916820e+04,4.96794807e+04,2.21312722e-02,4.02456732e+04,2.25255854e-02,2.17687457e+04,2.50239431e-02
4.27262143e+04,4.98364008e+04,2.21187127e-02,4.03727953e+04,2.25128021e-02,2.18375056e+04,2.50097421e-02
4.28611715e+04,4.99938166e+04,2.21061604e-02,4.05003188e+04,2.25000261e-02,2.19064827e+04,2.49955490e-02
4.29965549e+04,5.01517296e+04,2.20936151e-02,4.06282452e+04,2.24872574e-02,2.19756776e+04,2.49813640e-02
4.31323661e+04,5.03101414e+04,2.20810770e-02,4.07565756e+04,2.24744958e-02,2.20450911e+04,2.49671871e-02
4.32686061e+04,5.04690536e+04,2.20685460e-02,4.08853114e+04,2.24617416e-02,2.21147238e+04,2.49530182e-02
4.34052766e+04,5.06284677e+04,2.20560221e-02,4.10144539e+04,2.24489945e-02,2.21845765e+04,2.49388574e-02
4.35423787e+04,5.07883854e+04,2.20435053e-02,4.11440042e+04,2.24362547e-02,2.22546499e+04,2.49247046e-02
4.36799139e+04,5.09488082e+04,2.20309956e-02,4.12739638e+04,2.24235221e-02,2.23249445e+04,2.49105598e-02
4.38178835e+04,5.11097377e+04,2.20184930e-02,4.14043338e+04,2.24107968e-02,2.23954612e+04,2.48964231e-02
4.39562889e+04,5.12711755e+04,2.20059975e-02,4.15351156e+04,2.23980787e-02,2.24662007e+04,2.48822944e-02
4.40951314e+04,5.14331232e+04,2.19935091e-02,4.16663106e+04,2.23853678e-02,2.25371636e+04,2.48681737e-02
4.42344126e+04,5.15955825e+04,2.19810278e-02,4.17979199e+04,2.23726641e-02,2.26083506e+04,2.48540610e-02
4.43741336e+04,5.17585549e+04,2.19685536e-02,4.19299449e+04,2.23599676e-02,2.26797625e+04,2.48399563e-02
4.45142960e+04,5.19220422e+04,2.19560864e-02,4.20623870e+04,2.23472783e-02,2.27513999e+04,2.48258596e-02
4.46549011e+04,5.20860458e+04,2.19436263e-02,4.21952474e+04,2.23345962e-02,2.28232637e+04,2.48117709e-02
4.47959504e+04,5.22505674e+04,2.19311733e-02,4.23285274e+04,2.23219213e-02,2.28953544e+04,2.47976903e-02
4.49374452e+04,5.24156087e+04,2.19187274e-02,4.24622285e+04,2.23092536e-02,2.29676728e+04,2.47836176e-02
4.50793869e+04,5.25811713e+04,2.19062885e-02,4.25963518e+04,2.22965931e-02,2.30402197e+04,2.47695529e-02
4.52217769e+04,5.27472569e+04,2.18938567e-02,4.27308988e+04,2.22839398e-02,2.31129957e+04,2.47554961e-02
4.53646167e+04,5.29138670e+04,2.18814319e-02,4.28658708e+04,2.22712937e-02,2.31860016e+04,2.47414474e-02
4.55079077e+04,5.30810035e+04,2.18690142e-02,4.30012692e+04,2.22586547e-02,2.32592381e+04,2.47274066e-02
4.56516513e+04,5.32486678e+04,2.18566035e-02,4.31370952e+04,2.22460229e-02,2.33327059e+04,2.47133738e-02
4.57958489e+04,5.34168618e+04,2.18441999e-02,4.32733502e+04,2.22333983e-02,2.34064058e+04,2.46993490e-02
4.59405020e+04,5.35855870e+04,2.18318033e-02,4.34100356e+04,2.22207809e-02,2.34803384e+04,2.46853321e-02
4.60856120e+04,5.37548452e+04,2.18194138e-02,4.35471527e+04,2.22081706e-02,2.35545046e+04,2.46713232e-02
4.62311804e+04,5.39246380e+04,2.18070313e-02,4.36847030e+04,2.21955674e-02,2.36289051e+04,2.46573222e-02
4.63772086e+04,5.40949671e+04,2.17946558e-02,4.38226877e+04,2.21829714e-02,2.37035405e+04,2.46433292e-02
4.65236980e+04,5.42658342e+04,2.17822873e-02,4.39611083e+04,2.21703826e-02,2.37784117e+04,2.46293441e-02
4.66706501e+04,5.44372410e+04,2.17699258e-02,4.40999661e+04,2.21578009e-02,2.38535194e+04,2.46153669e-02
4.68180664e+04,5.46091893e+04,2.17575714e-02,4.42392625e+04,2.21452264e-02,2.39288644e+04,2.46013977e-02
4.69659483e+04,5.47816806e+04,2.17452240e-02,4.43789989e+04,2.21326589e-02,2.40044473e+04,2.45874364e-02
4.71142973e+04,5.49547168e+04,2.17328836e-02,4.45191766e+04,2.21200987e-02,2.40802690e+04,2.45734830e-02
4.72631150e+04,5.51282996e+04,2.17205502e-02,4.46597972e+04,2.21075455e-02,2.41563301e+04,2.45595376e-02
4.74124026e+04,5.53024306e+04,2.17082238e-02,4.48008619e+04,2.20949995e-02,2.42326316e+04,2.45456001e-02
4.75621619e+04,5.54771117e+04,2.16959043e-02,4.49423722e+04,2.20824606e-02,2.43091740e+04,2.45316704e-02
4.77123941e+04,5.56523446e+04,2.16835919e-02,4.50843294e+04,2.20699288e-02,2.43859582e+04,2.45177487e-02
4.78631009e+04,5.58281309e+04,2.16712865e-02,4.52267351e+04,2.20574041e-02,2.44629849e+04,2.45038349e-02
4.80142838e+04,5.60044725e+04,2.16589880e-02,4.53695906e+04,2.20448865e-02,2.45402549e+04,2.44899290e-02
4.81659441e+04,5.61813710e+04,2.16466965e-02,4.55128973e+04,2.20323760e-02,2.46177690e+04,2.44760309e-02
4.83180835e+04,5.63588284e+04,2.16344120e-02,4.56566566e+04,2.20198727e-02,2.46955280e+04,2.44621408e-02
4.84707035e+04,5.65368462e+04,2.16221345e-02,4.58008701e+04,2.20073764e-02,2.47735325e+04,2.44482585e-02
4.86238055e+04,5.67154264e+04,2.16098639e-02,4.59455390e+04,2.19948872e-02,2.48517835e+04,2.44343841e-02
4.87773911e+04,5.68945706e+04,2.15976003e-02,4.60906649e+04,2.19824051e-02,2.49302816e+04,2.44205176e-02
4.89314619e+04,5.70742807e+04,2.15853437e-02,4.62362493e+04,2.19699301e-02,2.50090276e+04,2.44066590e-02
4.90860193e+04,5.72545585e+04,2.15730940e-02,4.63822934e+04,2.19574621e-02,2.50880224e+04,2.43928082e-02
4.92410649e+04,5.74354056e+04,2.15608513e-02,4.65287989e+04,2.19450013e-02,2.51672667e+04,2.43789653e-02
4.93966002e+04,5.76168240e+04,2.15486155e-02,4.66757671e+04,2.19325475e-02,2.52467613e+04,2.43651302e-02
4.95526269e+04,5.77988154e+04,2.15363867e-02,4.68231996e+04,2.19201008e-02,2.53265070e+04,2.43513030e-02
4.97091463e+04,5.79813817e+04,2.15241648e-02,4.69710977e+04,2.19076611e-02,2.54065046e+04,2.43374836e-02
4.98661601e+04,5.81645247e+04,2.15119498e-02,4.71194630e+04,2.18952285e-02,2.54867549e+04,2.43236721e-02
5.00236699e+04,5.83482461e+04,2.14997418e-02,4.72682970e+04,2.18828030e-02,2.55672587e+04,2.43098684e-02
5.01816772e+04,5.85325478e+04,2.14875407e-02,4.74176010e+04,2.18703845e-02,2.56480167e+04,2.42960726e-02
5.03401836e+04,5.87174317e+04,2.14753465e-02,4.75673767e+04,2.18579730e-02,2.57290299e+04,2.42822845e-02
5.04991907e+04,5.89028996e+04,2.14631592e-02,4.77176254e+04,2.18455686e-02,2.58102989e+04,2.42685043e-02
5.06587000e+04,5.90889533e+04,2.14509789e-02,4.78683487e+04,2.18331713e-02,2.58918246e+04,2.42547320e-02
5.08187132e+04,5.92755947e+04,2.14388055e-02,4.80195481e+04,2.18207809e-02,2.59736078e+04,2.42409674e-02
5.09792318e+04,5.94628256e+04,2.14266389e-02,4.81712251e+04,2.18083977e-02,2.60556494e+04,2.42272107e-02
5.11402573e+04,5.96506479e+04,2.14144793e-02,4.83233812e+04,2.17960214e-02,2.61379501e+04,2.42134617e-02
5.13017916e+04,5.98390635e+04,2.14023266e-02,4.84760179e+04,2.17836521e-02,2.62205108e+04,2.41997206e-02
5.14638360e+04,6.00280742e+04,2.13901808e-02,4.86291367e+04,2.17712899e-02,2.63033322e+04,2.41859872e-02
5.16263923e+04,6.02176819e+04,2.13780418e-02,4.87827392e+04,2.17589347e-02,2.63864152e+04,2.41722617e-02
5.17894621e+04,6.04078885e+04,2.13659098e-02,4.89368268e+04,2.17465865e-02,2.64697607e+04,2.41585439e-02
5.19530469e+04,6.05986960e+04,2.13537847e-02,4.90914012e+04,2.17342453e-02,2.65533695e+04,2.41448339e-02
5.21171484e+04,6.07901061e+04,2.13416664e-02,4.92464638e+04,2.17219111e-02,2.66372423e+04,2.41311318e-02
5.22817683e+04,6.09821208e+04,2.13295550e-02,4.94020162e+04,2.17095840e-02,2.67213800e+04,2.41174373e-02
5.24469082e+04,6.11747421e+04,2.13174505e-02,4.95580599e+04,2.16972638e-02,2.68057835e+04,2.41037507e-02
5.26125696e+04,6.13679717e+04,2.13053528e-02,4.97145965e+04,2.16849506e-02,2.68904537e+04,2.40900718e-02
5.27787544e+04,6.15618117e+04,2.12932620e-02,4.98716276e+04,2.16726444e-02,2.69753912e+04,2.40764007e-02
5.29454640e+04,6.17562640e+04,2.12811781e-02,5.00291546e+04,2.16603451e-02,2.70605971e+04,2.40627373e-02
5.31127003e+04,6.19513305e+04,2.12691010e-02,5.01871793e+04,2.16480529e-02,2.71460720e+04,2.40490817e-02
5.32804648e+04,6.21470131e+04,2.12570308e-02,5.03457030e+04,2.16357676e-02,2.72318170e+04,2.40354339e-02
5.34487592e+04,6.23433138e+04,2.12449674e-02,5.05047275e+04,2.16234893e-02,2.73178328e+04,2.40217938e-02
5.36175851e+04,6.25402346e+04,2.12329109e-02,5.06642543e+04,2.16112180e-02,2.74041203e+04,2.40081614e-02
5.37869444e+04,6.27377773e+04,2.12208612e-02,5.08242850e+04,2.15989536e-02,2.74906803e+04,2.39945368e-02
5.39568385e+04,6.29359441e+04,2.12088184e-02,5.09848212e+04,2.15866962e-02,2.75775138e+04,2.39809199e-02
5.41272694e+04,6.31347368e+04,2.11967824e-02,5.11458645e+04,2.15744458e-02,2.76646216e+04,2.39673107e-02
5.42982385e+04,6.33341574e+04,2.11847532e-02,5.13074164e+04,2.15622023e-02,2.77520044e+04,2.39537092e-02
5.44697477e+04,6.35342078e+04,2.11727309e-02,5.14694786e+04,2.15499657e-02,2.78396633e+04,2.39401155e-02
5.46417986e+04,6.37348902e+04,2.11607154e-02,5.16320527e+04,2.15377361e-02,2.79275991e+04,2.39265295e-02
5.48143930e+04,6.39362065e+04,2.11487066e-02,5.17951404e+04,2.15255134e-02,2.80158126e+04,2.39129512e-02
5.49875325e+04,6.41381587e+04,2.11367048e-02,5.19587431e+04,2.15132977e-02,2.81043048e+04,2.38993806e-02
5.51612189e+04,6.43407487e+04,2.11247097e-02,5.21228627e+04,2.15010889e-02,2.81930765e+04,2.38858177e-02
5.53354540e+04,6.45439787e+04,2.11127214e-02,5.22875006e+04,2.14888870e-02,2.82821286e+04,2.38722625e-02
5.55102393e+04,6.47478506e+04,2.11007399e-02,5.24526585e+04,2.14766921e-02,2.83714620e+04,2.38587150e-02
5.56855768e+04,6.49523664e+04,2.10887653e-02,5.26183382e+04,2.14645041e-02,2.84610775e+04,2.38451752e-02
5.58614681e+04,6.51575283e+04,2.10767974e-02,5.27845411e+04,2.14523230e-02,2.85509761e+04,2.38316430e-02
5.60379150e+04,6.53633382e+04,2.10648363e-02,5.29512691e+04,2.14401488e-02,2.86411587e+04,2.38181186e-02
5.62149192e+04,6.55697981e+04,2.10528820e-02,5.31185237e+04,2.14279815e-02,2.87316261e+04,2.38046018e-02
5.63924825e+04,6.57769102e+04,2.10409345e-02,5.32863065e+04,2.14158211e-02,2.88223793e+04,2.37910927e-02
5.65706067e+04,6.59846765e+04,2.10289938e-02,5.34546194e+04,2.14036676e-02,2.89134191e+04,2.37775912e-02
5.67492935e+04,6.61930991e+04,2.10170598e-02,5.36234638e+04,2.13915211e-02,2.90047465e+04,2.37640974e-02
5.69285447e+04,6.64021800e+04,2.10051326e-02,5.37928417e+04,2.13793814e-02,2.90963624e+04,2.37506113e-02
5.71083621e+04,6.66119213e+04,2.09932122e-02,5.39627545e+04,2.13672486e-02,2.91882676e+04,2.37371328e-02
5.72887475e+04,6.68223251e+04,2.09812986e-02,5.41332040e+04,2.13551227e-02,2.92804632e+04,2.37236620e-02
5.74697026e+04,6.70333935e+04,2.09693917e-02,5.43041919e+04,2.13430036e-02,2.93729499e+04,2.37101988e-02
5.76512293e+04,6.72451286e+04,2.09574916e-02,5.44757198e+04,2.13308915e-02,2.94657288e+04,2.36967433e-02
5.78333294e+04,6.74575325e+04,2.09455982e-02,5.46477896e+04,2.13187862e-02,2.95588008e+04,2.36832954e-02
5.80160047e+04,6.76706073e+04,2.09337115e-02,5.48204029e+04,2.13066878e-02,2.96521667e+04,2.36698551e-02
5.81992571e+04,6.78843551e+04,2.09218317e-02,5.49935614e+04,2.12945962e-02,2.97458276e+04,2.36564225e-02
5.83830882e+04,6.80987781e+04,2.09099585e-02,5.51672669e+04,2.12825115e-02,2.98397843e+04,2.36429975e-02
5.85675000e+04,6.83138783e+04,2.08980921e-02,5.53415210e+04,2.12704337e-02,2.99340377e+04,2.36295801e-02
5.87524943e+04,6.85296580e+04,2.08862325e-02,5.55163256e+04,2.12583627e-02,3.00285889e+04,2.36161703e-02
5.89380729e+04,6.87461193e+04,2.08743795e-02,5.56916823e+04,2.12462986e-02,3.01234387e+04,2.36027681e-02
5.91242377e+04,6.89632643e+04,2.08625333e-02,5.58675929e+04,2.12342413e-02,3.02185881e+04,2.35893735e-02
5.93109905e+04,6.91810952e+04,2.08506938e-02,5.60440591e+04,2.12221909e-02,3.03140381e+04,2.35759866e-02
5.94983332e+04,6.93996141e+04,2.08388610e-02,5.62210827e+04,2.12101473e-02,3.04097896e+04,2.35626072e-02
5.96862677e+04,6.96188233e+04,2.08270350e-02,5.63986655e+04,2.11981106e-02,3.05058435e+04,2.35492354e-02
5.98747958e+04,6.98387248e+04,2.08152157e-02,5.65768092e+04,2.11860806e-02,3.06022008e+04,2.35358712e-02
6.00639194e+04,7.00593210e+04,2.08034030e-02,5.67555156e+04,2.11740575e-02,3.06988625e+04,2.35225146e-02
6.02536403e+04,7.02806139e+04,2.07915971e-02,5.69347864e+04,2.11620413e-02,3.07958295e+04,2.35091656e-02
6.04439605e+04,7.05026058e+04,2.07797979e-02,5.71146235e+04,2.11500318e-02,3.08931027e+04,2.34958241e-02
6.06348819e+04,7.07252990e+04,2.07680053e-02,5.72950287e+04,2.11380292e-02,3.09906833e+04,2.34824902e-02
6.08264063e+04,7.09486955e+04,2.07562195e-02,5.74760037e+04,2.11260333e-02,3.10885720e+04,2.34691639e-02
6.10185357e+04,7.11727977e+04,2.07444403e-02,5.76575503e+04,2.11140443e-02,3.11867700e+04,2.34558452e-02
6.12112720e+04,7.13976077e+04,2.07326678e-02,5.78396704e+04,2.11020621e-02,3.12852781e+04,2.34425340e-02
6.14046170e+04,7.16231278e+04,2.07209021e-02,5.80223657e+04,2.10900867e-02,3.13840974e+04,2.34292303e-02
6.15985728e+04,7.18493603e+04,2.07091429e-02,5.82056381e+04,2.10781180e-02,3.14832288e+04,2.34159343e-02
6.17931411e+04,7.20763073e+04,2.06973905e-02,5.83894894e+04,2.10661562e-02,3.15826733e+04,2.34026457e-02
6.19883241e+04,7.23039712e+04,2.06856447e-02,5.85739214e+04,2.10542012e-02,3.16824319e+04,2.33893647e-02
6.21841236e+04,7.25323542e+04,2.06739056e-02,5.87589360e+04,2.10422529e-02,3.17825057e+04,2.33760912e-02
6.23805415e+04,7.27614586e+04,2.06621732e-02,5.89445350e+04,2.10303114e-02,3.18828955e+04,2.33628253e-02
6.25775799e+04,7.29912866e+04,2.06504474e-02,5.91307202e+04,2.10183767e-02,3.19836024e+04,2.33495669e-02
6.27752406e+04,7.32218406e+04,2.06387283e-02,5.93174935e+04,2.10064488e-02,3.20846275e+04,2.33363160e-02
6.29735257e+04,7.34531229e+04,2.06270158e-02,5.95048567e+04,2.09945276e-02,3.21859716e+04,2.33230727e-02
6.31724371e+04,7.36851356e+04,2.06153100e-02,5.96928118e+04,2.09826132e-02,3.22876359e+04,2.33098368e-02
6.33719767e+04,7.39178813e+04,2.06036108e-02,5.98813606e+04,2.09707056e-02,3.23896212e+04,2.32966085e-02
6.35721467e+04,7.41513620e+04,2.05919182e-02,6.00705049e+04,2.09588047e-02,3.24919287e+04,2.32833877e-02
6.37729489e+04,7.43855803e+04,2.05802323e-02,6.02602466e+04,2.09469106e-02,3.25945594e+04,2.32701743e-02
6.39743854e+04,7.46205384e+04,2.05685530e-02,6.04505877e+04,2.09350232e-02,3.26975142e+04,2.32569685e-02
6.41764581e+04,7.48562386e+04,2.05568804e-02,6.06415300e+04,2.09231426e-02,3.28007943e+04,2.32437702e-02
6.43791692e+04,7.50926833e+04,2.05452143e-02,6.08330754e+04,2.09112687e-02,3.29044005e+04,2.32305794e-02
6.45825205e+04,7.53298749e+04,2.05335549e-02,6.10252259e+04,2.08994016e-02,3.30083340e+04,2.32173960e-02
6.47865141e+04,7.55678157e+04,2.05219021e-02,6.12179833e+04,2.08875412e-02,3.31125959e+04,2.32042201e-02
6.49911521e+04,7.58065080e+04,2.05102560e-02,6.14113495e+04,2.08756875e-02,3.32171870e+04,2.31910517e-02
6.51964365e+04,7.60459543e+04,2.04986164e-02,6.16053265e+04,2.08638405e-02,3.33221085e+04,2.31778908e-02
6.54023693e+04,7.62861570e+04,2.04869834e-02,6.17999162e+04,2.08520003e-02,3.34273614e+04,2.31647374e-02
6.56089525e+04,7.65271183e+04,2.04753571e-02,6.19951206e+04,2.08401668e-02,3.35329468e+04,2.31515914e-02
6.58161883e+04,7.67688408e+04,2.04637373e-02,6.21909416e+04,2.08283400e-02,3.36388656e+04,2.31384528e-02
6.60240786e+04,7.70113267e+04,2.04521241e-02,6.23873810e+04,2.08165199e-02,3.37451191e+04,2.31253218e-02
6.62326257e+04,7.72545786e+04,2.04405175e-02,6.25844410e+04,2.08047065e-02,3.38517081e+04,2.31121981e-02
6.64418314e+04,7.74985989e+04,2.04289176e-02,6.27821234e+04,2.07928999e-02,3.39586338e+04,2.30990820e-02
6.66516980e+04,7.77433899e+04,2.04173241e-02,6.29804302e+04,2.07810999e-02,3.40658973e+04,2.30859732e-02
6.68622274e+04,7.79889541e+04,2.04057373e-02,6.31793634e+04,2.07693066e-02,3.41734996e+04,2.30728719e-02
6.70734218e+04,7.82352940e+04,2.03941571e-02,6.33789249e+04,2.07575200e-02,3.42814417e+04,2.30597781e-02
6.72852834e+04,7.84824120e+04,2.03825834e-02,6.35791168e+04,2.07457401e-02,3.43897249e+04,2.30466917e-02
6.74978141e+04,7.87303105e+04,2.03710163e-02,6.37799411e+04,2.07339669e-02,3.44983500e+04,2.30336127e-02
6.77110161e+04,7.89789921e+04,2.03594557e-02,6.39813996e+04,2.07222004e-02,3.46073182e+04,2.30205411e-02
6.79248916e+04,7.92284592e+04,2.03479017e-02,6.41834946e+04,2.07104406e-02,3.47166307e+04,2.30074769e-02
6.81394426e+04,7.94787142e+04,2.03363543e-02,6.43862278e+04,2.06986874e-02,3.48262884e+04,2.29944202e-02
6.83546713e+04,7.97297597e+04,2.03248134e-02,6.45896014e+04,2.06869409e-02,3.49362925e+04,2.29813709e-02
6.85705799e+04,7.99815982e+04,2.03132791e-02,6.47936174e+04,2.06752010e-02,3.50466440e+04,2.29683289e-02
6.87871704e+04,8.02342321e+04,2.03017513e-02,6.49982779e+04,2.06634679e-02,3.51573441e+04,2.29552944e-02
6.90044450e+04,8.04876641e+04,2.02902300e-02,6.52035847e+04,2.06517413e-02,3.52683939e+04,2.29422673e-02
6.92224060e+04,8.07418965e+04,2.02787153e-02,6.54095401e+04,2.06400215e-02,3.53797945e+04,2.29292475e-02
6.94410554e+04,8.09969320e+04,2.02672072e-02,6.56161460e+04,2.06283083e-02,3.54915469e+04,2.29162352e-02
6.96603955e+04,8.12527730e+04,2.02557055e-02,6.58234045e+04,2.06166017e-02,3.56036523e+04,2.29032302e-02
6.98804283e+04,8.15094222e+04,2.02442104e-02,6.60313176e+04,2.06049018e-02,3.57161118e+04,2.28902326e-02
7.01011562e+04,8.17668820e+04,2.02327218e-02,6.62398875e+04,2.05932085e-02,3.58289265e+04,2.28772424e-02
7.03225813e+04,8.20251550e+04,2.02212397e-02,6.64491162e+04,2.05815218e-02,3.59420976e+04,2.28642596e-02
7.05447058e+04,8.22842438e+04,2.02097642e-02,6.66590058e+04,2.05698418e-02,3.60556261e+04,2.28512841e-02
7.07675319e+04,8.25441510e+04,2.01982951e-02,6.68695583e+04,2.05581684e-02,3.61695133e+04,2.28383160e-02
7.09910618e+04,8.28048792e+04,2.01868326e-02,6.70807759e+04,2.05465017e-02,3.62837601e+04,2.28253553e-02
7.12152978e+04,8.30664309e+04,2.01753766e-02,6.72926606e+04,2.05348415e-02,3.63983679e+04,2.28124019e-02
7.14402421e+04,8.33288088e+04,2.01639271e-02,6.75052147e+04,2.05231880e-02,3.65133376e+04,2.27994558e-02
7.16658968e+04,8.35920154e+04,2.01524840e-02,6.77184401e+04,2.05115411e-02,3.66286705e+04,2.27865172e-02
7.18922644e+04,8.38560534e+04,2.01410475e-02,6.79323390e+04,2.04999008e-02,3.67443677e+04,2.27735858e-02
7.21193470e+04,8.41209254e+04,2.01296174e-02,6.81469135e+04,2.04882671e-02,3.68604303e+04,2.27606618e-02
7.23471468e+04,8.43866340e+04,2.01181939e-02,6.83621658e+04,2.04766400e-02,3.69768595e+04,2.27477451e-02
7.25756662e+04,8.46531819e+04,2.01067768e-02,6.85780981e+04,2.04650195e-02,3.70936565e+04,2.27348358e-02
7.28049074e+04,8.49205718e+04,2.00953662e-02,6.87947123e+04,2.04534056e-02,3.72108225e+04,2.27219338e-02
7.30348727e+04,8.51888062e+04,2.00839621e-02,6.90120108e+04,2.04417983e-02,3.73283584e+04,2.27090391e-02
7.32655643e+04,8.54578879e+04,2.00725644e-02,6.92299957e+04,2.04301976e-02,3.74462657e+04,2.26961517e-02
7.34969847e+04,8.57278196e+04,2.00611733e-02,6.94486691e+04,2.04186035e-02,3.75645454e+04,2.26832716e-02
7.37291360e+04,8.59986038e+04,2.00497885e-02,6.96680332e+04,2.04070159e-02,3.76831987e+04,2.26703989e-02
7.39620206e+04,8.62702434e+04,2.00384103e-02,6.98880902e+04,2.03954349e-02,3.78022267e+04,2.26575334e-02
7.41956408e+04,8.65427410e+04,2.00270385e-02,7.01088422e+04,2.03838605e-02,3.79216308e+04,2.26446753e-02
7.44299989e+04,8.68160993e+04,2.00156731e-02,7.03302916e+04,2.03722927e-02,3.80414120e+04,2.26318244e-02
7.46650973e+04,8.70903210e+04,2.00043143e-02,7.05524404e+04,2.03607314e-02,3.81615715e+04,2.26189808e-02
7.49009383e+04,8.73654089e+04,1.99929618e-02,7.07752910e+04,2.03491767e-02,3.82821106e+04,2.26061446e-02
7.51375242e+04,8.76413658e+04,1.99816158e-02,7.09988454e+04,2.03376285e-02,3.84030304e+04,2.25933156e-02
7.53748574e+04,8.79181943e+04,1.99702762e-02,7.12231060e+04,2.03260869e-02,3.85243322e+04,2.25804939e-02
7.56129403e+04,8.81958971e+04,1.99589431e-02,7.14480749e+04,2.03145519e-02,3.86460171e+04,2.25676794e-02
7.58517752e+04,8.84744772e+04,1.99476164e-02,7.16737544e+04,2.03030234e-02,3.87680864e+04,2.25548723e-02
7.60913644e+04,8.87539372e+04,1.99362961e-02,7.19001468e+04,2.02915014e-02,3.88905412e+04,2.25420724e-02
7.63317105e+04,8.90342799e+04,1.99249823e-02,7.21272543e+04,2.02799860e-02,3.90133829e+04,2.25292798e-02
7.65728157e+04,8.93155081e+04,1.99136748e-02,7.23550791e+04,2.02684771e-02,3.91366125e+04,2.25164944e-02
7.68146825e+04,8.95976246e+04,1.99023738e-02,7.25836235e+04,2.02569747e-02,3.92602314e+04,2.25037163e-02
7.70573133e+04,8.98806322e+04,1.98910792e-02,7.28128898e+04,2.02454789e-02,3.93842408e+04,2.24909454e-02
7.73007104e+04,9.01645338e+04,1.98797911e-02,7.30428803e+04,2.02339896e-02,3.95086419e+04,2.24781818e-02
7.75448764e+04,9.04493320e+04,1.98685093e-02,7.32735973e+04,2.02225068e-02,3.96334359e+04,2.24654254e-02
7.77898136e+04,9.07350299e+04,1.98572339e-02,7.35050430e+04,2.02110305e-02,3.97586241e+04,2.24526763e-02
7.80355245e+04,9.10216302e+04,1.98459649e-02,7.37372198e+04,2.01995607e-02,3.98842077e+04,2.24399344e-02
7.82820114e+04,9.13091358e+04,1.98347023e-02,7.39701299e+04,2.01880975e-02,4.00101880e+04,2.24271998e-02
7.85292770e+04,9.15975494e+04,1.98234461e-02,7.42037757e+04,2.01766407e-02,4.01365662e+04,2.24144723e-02
7.87773236e+04,9.18868741e+04,1.98121963e-02,7.44381596e+04,2.01651905e-02,4.02633436e+04,2.24017521e-02
7.90261536e+04,9.21771127e+04,1.98009529e-02,7.46732837e+04,2.01537468e-02,4.03905214e+04,2.23890391e-02
7.92757697e+04,9.24682680e+04,1.97897159e-02,7.49091506e+04,2.01423095e-02,4.05181010e+04,2.23763333e-02
7.95261741e+04,9.27603430e+04,1.97784852e-02,7.51457624e+04,2.01308787e-02,4.06460835e+04,2.23636348e-02
7.97773696e+04,9.30533405e+04,1.97672609e-02,7.53831217e+04,2.01194545e-02,4.07744703e+04,2.23509434e-02
8.00293584e+04,9.33472635e+04,1.97560430e-02,7.56212306e+04,2.01080367e-02,4.09032626e+04,2.23382592e-02
8.02821432e+04,9.36421150e+04,1.97448314e-02,7.58600917e+04,2.00966254e-02,4.10324618e+04,2.23255823e-02
8.05357265e+04,9.39378977e+04,1.97336262e-02,7.60997072e+04,2.00852205e-02,4.11620690e+04,2.23129125e-02
8.07901107e+04,9.42346147e+04,1.97224274e-02,7.63400796e+04,2.00738222e-02,4.12920856e+04,2.23002499e-02
8.10452985e+04,9.45322690e+04,1.97112349e-02,7.65812113e+04,2.00624303e-02,4.14225129e+04,2.22875945e-02
8.13012923e+04,9.48308634e+04,1.97000488e-02,7.68231046e+04,2.00510448e-02,4.15533521e+04,2.22749463e-02
8.15580947e+04,9.51304010e+04,1.96888690e-02,7.70657620e+04,2.00396659e-02,4.16846047e+04,2.22623053e-02
8.18157083e+04,9.54308848e+04,1.96776956e-02,7.73091858e+04,2.00282934e-02,4.18162718e+04,2.22496714e-02
8.20741355e+04,9.57323176e+04,1.96665285e-02,7.75533786e+04,2.00169273e-02,4.19483548e+04,2.22370447e-02
8.23333791e+04,9.60347026e+04,1.96553677e-02,7.77983426e+04,2.00055677e-02,4.20808550e+04,2.22244252e-02
8.25934415e+04,9.63380427e+04,1.96442133e-02,7.80440804e+04,1.99942145e-02,4.22137737e+04,2.22118129e-02
8.28543253e+04,9.66423409e+04,1.96330652e-02,7.82905944e+04,1.99828678e-02,4.23471123e+04,2.21992077e-02
8.31160332e+04,9.69476003e+04,1.96219235e-02,7.85378871e+04,1.99715275e-02,4.24808720e+04,2.21866096e-02
8.33785677e+04,9.72538240e+04,1.96107880e-02,7.87859608e+04,1.99601937e-02,4.26150543e+04,2.21740187e-02
8.36419315e+04,9.75610149e+04,1.95996589e-02,7.90348182e+04,1.99488663e-02,4.27496604e+04,2.21614349e-02
8.39061272e+04,9.78691760e+04,1.95885361e-02,7.92844616e+04,1.99375453e-02,4.28846916e+04,2.21488583e-02
8.41711574e+04,9.81783106e+04,1.95774196e-02,7.95348935e+04,1.99262308e-02,4.30201494e+04,2.21362889e-02
8.44370247e+04,9.84884216e+04,1.95663094e-02,7.97861165e+04,1.99149226e-02,4.31560350e+04,2.21237265e-02
8.47037318e+04,9.87995122e+04,1.95552055e-02,8.00381330e+04,1.99036209e-02,4.32923499e+04,2.21111713e-02
8.49712813e+04,9.91115853e+04,1.95441079e-02,8.02909455e+04,1.98923256e-02,4.34290953e+04,2.20986232e-02
8.52396759e+04,9.94246442e+04,1.95330167e-02,8.05445566e+04,1.98810367e-02,4.35662726e+04,2.20860822e-02
8.55089183e+04,9.97386920e+04,1.95219317e-02,8.07989687e+04,1.98697542e-02,4.37038833e+04,2.20735484e-02
8.57790111e+04,1.00053732e+05,1.95108530e-02,8.10541845e+04,1.98584781e-02,4.38419286e+04,2.20610216e-02
8.60499570e+04,1.00369766e+05,1.94997806e-02,8.13102063e+04,1.98472084e-02,4.39804100e+04,2.20485020e-02
8.63217588e+04,1.00686800e+05,1.94887144e-02,8.15670369e+04,1.98359451e-02,4.41193287e+04,2.20359895e-02
8.65944191e+04,1.01004834e+05,1.94776546e-02,8.18246787e+04,1.98246882e-02,4.42586863e+04,2.20234841e-02
8.68679407e+04,1.01323873e+05,1.94666010e-02,8.20831343e+04,1.98134377e-02,4.43984840e+04,2.20109857e-02
8.71423262e+04,1.01643920e+05,1.94555537e-02,8.23424062e+04,1.98021936e-02,4.45387233e+04,2.19984945e-02
8.74175783e+04,1.01964977e+05,1.94445127e-02,8.26024972e+04,1.97909559e-02,4.46794056e+04,2.19860104e-02
8.76937000e+04,1.02287049e+05,1.94334779e-02,8.28634096e+04,1.97797245e-02,4.48205323e+04,2.19735333e-02
8.79706937e+04,1.02610138e+05,1.94224494e-02,8.31251462e+04,1.97684995e-02,4.49621047e+04,2.19610633e-02
8.82485625e+04,1.02934248e+05,1.94114272e-02,8.33877095e+04,1.97572809e-02,4.51041243e+04,2.19486004e-02
8.85273089e+04,1.03259381e+05,1.94004112e-02,8.36511022e+04,1.97460686e-02,4.52465924e+04,2.19361446e-02
8.88069357e+04,1.03585542e+05,1.93894015e-02,8.39153268e+04,1.97348627e-02,4.53895106e+04,2.19236958e-02
8.90874458e+04,1.03912732e+05,1.93783980e-02,8.41803860e+04,1.97236632e-02,4.55328803e+04,2.19112541e-02
8.93688420e+04,1.04240956e+05,1.93674008e-02,8.44462825e+04,1.97124700e-02,4.56767027e+04,2.18988195e-02
8.96511270e+04,1.04570217e+05,1.93564098e-02,8.47130188e+04,1.97012832e-02,4.58209795e+04,2.18863919e-02
8.99343036e+04,1.04900518e+05,1.93454250e-02,8.49805977e+04,1.96901027e-02,4.59657120e+04,2.18739714e-02
9.02183746e+04,1.05231862e+05,1.93344465e-02,8.52490217e+04,1.96789286e-02,4.61109016e+04,2.18615579e-02
9.05033430e+04,1.05564253e+05,1.93234742e-02,8.55182936e+04,1.96677608e-02,4.62565498e+04,2.18491515e-02
9.07892115e+04,1.05897693e+05,1.93125081e-02,8.57884161e+04,1.96565993e-02,4.64026581e+04,2.18367521e-02
9.10759829e+04,1.06232187e+05,1.93015482e-02,8.60593917e+04,1.96454442e-02,4.65492279e+04,2.18243597e-02
9.13636601e+04,1.06567737e+05,1.92905946e-02,8.63312233e+04,1.96342954e-02,4.66962607e+04,2.18119744e-02
9.16522460e+04,1.06904348e+05,1.92796472e-02,8.66039135e+04,1.96231529e-02,4.68437579e+04,2.17995961e-02
9.19417435e+04,1.07242021e+05,1.92687060e-02,8.68774650e+04,1.96120168e-02,4.69917210e+04,2.17872248e-02
9.22321554e+04,1.07580761e+05,1.92577710e-02,8.71518806e+04,1.96008870e-02,4.71401514e+04,2.17748606e-02
9.25234845e+04,1.07920571e+05,1.92468422e-02,8.74271630e+04,1.95897635e-02,4.72890507e+04,2.17625033e-02
9.28157339e+04,1.08261455e+05,1.92359196e-02,8.77033149e+04,1.95786463e-02,4.74384203e+04,2.17501531e-02
9.31089064e+04,1.08603415e+05,1.92250033e-02,8.79803390e+04,1.95675354e-02,4.75882617e+04,2.17378099e-02
9.34030050e+04,1.08946455e+05,1.92140931e-02,8.82582382e+04,1.95564308e-02,4.77385764e+04,2.17254737e-02
9.36980324e+04,1.09290579e+05,1.92031891e-02,8.85370152e+04,1.95453326e-02,4.78893659e+04,2.17131445e-02
9.39939918e+04,1.09635790e+05,1.91922913e-02,8.88166727e+04,1.95342406e-02,4.80406317e+04,2.17008223e-02
9.42908860e+04,1.09982091e+05,1.91813996e-02,8.90972135e+04,1.95231549e-02,4.81923753e+04,2.16885071e-02
9.45887180e+04,1.10329486e+05,1.91705142e-02,8.93786405e+04,1.95120755e-02,4.83445982e+04,2.16761988e-02
9.48874908e+04,1.10677978e+05,1.91596349e-02,8.96609565e+04,1.95010024e-02,4.84973019e+04,2.16638976e-02
9.51872072e+04,1.11027572e+05,1.91487618e-02,8.99441641e+04,1.94899356e-02,4.86504879e+04,2.16516033e-02
9.54878704e+04,1.11378269e+05,1.91378949e-02,9.02282663e+04,1.94788750e-02,4.88041578e+04,2.16393160e-02
9.57894832e+04,1.11730074e+05,1.91270342e-02,9.05132659e+04,1.94678208e-02,4.89583131e+04,2.16270357e-02
9.60920488e+04,1.12082990e+05,1.91161796e-02,9.07991657e+04,1.94567728e-02,4.91129554e+04,2.16147624e-02
9.63955700e+04,1.12437021e+05,1.91053311e-02,9.10859686e+04,1.94457311e-02,4.92680860e+04,2.16024960e-02
9.67000500e+04,1.12792171e+05,1.90944889e-02,9.13736774e+04,1.94346956e-02,4.94237067e+04,2.15902366e-02
9.70054917e+04,1.13148442e+05,1.90836527e-02,9.16622949e+04,1.94236664e-02,4.95798190e+04,2.15779841e-02
9.73118981e+04,1.13505838e+05,1.90728228e-02,9.19518241e+04,1.94126435e-02,4.97364243e+04,2.15657386e-02
9.76192725e+04,1.13864363e+05,1.90619989e-02,9.22422678e+04,1.94016268e-02,4.98935243e+04,2.15535001e-02
9.79276177e+04,1.14224021e+05,1.90511812e-02,9.25336290e+04,1.93906164e-02,5.00511205e+04,2.15412684e-02
9.82369368e+04,1.14584815e+05,1.90403697e-02,9.28259104e+04,1.93796122e-02,5.02092145e+04,2.15290438e-02
9.85472330e+04,1.14946748e+05,1.90295643e-02,9.31191150e+04,1.93686143e-02,5.03678079e+04,2.15168260e-02
9.88585093e+04,1.15309825e+05,1.90187650e-02,9.34132458e+04,1.93576226e-02,5.05269022e+04,2.15046152e-02
9.91707688e+04,1.15674049e+05,1.90079719e-02,9.37083057e+04,1.93466372e-02,5.06864991e+04,2.14924114e-02
9.94840147e+04,1.16039423e+05,1.89971848e-02,9.40042975e+04,1.93356579e-02,5.08466000e+04,2.14802144e-02
9.97982500e+04,1.16405951e+05,1.89864039e-02,9.43012242e+04,1.93246850e-02,5.10072067e+04,2.14680244e-02
1.00113478e+05,1.16773636e+05,1.89756291e-02,9.45990889e+04,1.93137182e-02,5.11683207e+04,2.14558413e-02
1.00429701e+05,1.17142483e+05,1.89648605e-02,9.48978944e+04,1.93027577e-02,5.13299435e+04,2.14436651e-02
1.00746924e+05,1.17512496e+05,1.89540979e-02,9.51976437e+04,1.92918033e-02,5.14920769e+04,2.14314958e-02
1.01065148e+05,1.17883677e+05,1.89433415e-02,9.54983398e+04,1.92808552e-02,5.16547224e+04,2.14193335e-02
1.01384378e+05,1.18256030e+05,1.89325911e-02,9.57999858e+04,1.92699134e-02,5.18178816e+04,2.14071780e-02
1.01704615e+05,1.18629560e+05,1.89218469e-02,9.61025845e+04,1.92589777e-02,5.19815562e+04,2.13950294e-02
1.02025865e+05,1.19004269e+05,1.89111087e-02,9.64061390e+04,1.92480482e-02,5.21457478e+04,2.13828877e-02
1.02348129e+05,1.19380162e+05,1.89003767e-02,9.67106523e+04,1.92371249e-02,5.23104580e+04,2.13707529e-02
1.02671411e+05,1.19757242e+05,1.88896507e-02,9.70161275e+04,1.92262079e-02,5.24756885e+04,2.13586250e-02
1.02995714e+05,1.20135513e+05,1.88789308e-02,9.73225676e+04,1.92152970e-02,5.26414409e+04,2.13465040e-02
1.03321042e+05,1.20514980e+05,1.88682170e-02,9.76299756e+04,1.92043923e-02,5.28077168e+04,2.13343899e-02
1.03647397e+05,1.20895644e+05,1.88575093e-02,9.79383546e+04,1.91934938e-02,5.29745180e+04,2.13222826e-02
1.03974783e+05,1.21277511e+05,1.88468077e-02,9.82477077e+04,1.91826015e-02,5.31418460e+04,2.13101822e-02
1.04303203e+05,1.21660585e+05,1.88361121e-02,9.85580379e+04,1.91717154e-02,5.33097025e+04,2.12980887e-02
1.04632660e+05,1.22044868e+05,1.88254226e-02,9.88693483e+04,1.91608354e-02,5.34780893e+04,2.12860020e-02
1.04963158e+05,1.22430365e+05,1.88147392e-02,9.91816421e+04,1.91499617e-02,5.36470079e+04,2.12739222e-02
1.05294700e+05,1.22817080e+05,1.88040618e-02,9.94949223e+04,1.91390941e-02,5.38164601e+04,2.12618493e-02
1.05627289e+05,1.23205016e+05,1.87933905e-02,9.98091920e+04,1.91282326e-02,5.39864475e+04,2.12497832e-02
1.05960929e+05,1.23594178e+05,1.87827253e-02,1.00124454e+05,1.91173774e-02,5.41569718e+04,2.12377239e-02
1.06295623e+05,1.23984569e+05,1.87720661e-02,1.00440713e+05,1.91065282e-02,5.43280348e+04,2.12256715e-02
1.06631373e+05,1.24376193e+05,1.87614129e-02,1.00757970e+05,1.90956853e-02,5.44996381e+04,2.12136259e-02
1.06968185e+05,1.24769054e+05,1.87507658e-02,1.01076229e+05,1.90848485e-02,5.46717834e+04,2.12015872e-02
1.07306060e+05,1.25163156e+05,1.87401248e-02,1.01395494e+05,1.90740178e-02,5.48444725e+04,2.11895553e-02
1.07645002e+05,1.25558502e+05,1.87294898e-02,1.01715767e+05,1.90631933e-02,5.50177070e+04,2.11775302e-02
1.07985015e+05,1.25955098e+05,1.87188608e-02,1.02037051e+05,1.90523750e-02,5.51914888e+04,2.11655120e-02
1.08326102e+05,1.26352946e+05,1.87082378e-02,1.02359351e+05,1.90415627e-02,5.53658194e+04,2.11535005e-02
1.08668266e+05,1.26752051e+05,1.86976209e-02,1.02682668e+05,1.90307567e-02,5.55407007e+04,2.11414959e-02
1.09011512e+05,1.27152416e+05,1.86870100e-02,1.03007007e+05,1.90199567e-02,5.57161344e+04,2.11294981e-02
1.09355841e+05,1.27554046e+05,1.86764051e-02,1.03332370e+05,1.90091629e-02,5.58921222e+04,2.11175071e-02
1.09701258e+05,1.27956945e+05,1.86658062e-02,1.03658761e+05,1.89983752e-02,5.60686659e+04,2.11055230e-02
1.10047766e+05,1.28361116e+05,1.86552134e-02,1.03986183e+05,1.89875936e-02,5.62457672e+04,2.10935456e-02
1.10395368e+05,1.28766564e+05,1.86446266e-02,1.04314639e+05,1.89768181e-02,5.64234280e+04,2.10815750e-02
1.10744069e+05,1.29173293e+05,1.86340457e-02,1.04644132e+05,1.89660488e-02,5.66016499e+04,2.10696112e-02
1.11093871e+05,1.29581306e+05,1.86234709e-02,1.04974666e+05,1.89552856e-02,5.67804348e+04,2.10576542e-02
1.11444777e+05,1.29990609e+05,1.86129021e-02,1.05306245e+05,1.89445284e-02,5.69597843e+04,2.10457040e-02
1.11796792e+05,1.30401203e+05,1.86023393e-02,1.05638870e+05,1.89337774e-02,5.71397004e+04,2.10337605e-02
1.12149920e+05,1.30813095e+05,1.85917824e-02,1.05972547e+05,1.89230325e-02,5.73201848e+04,2.10218239e-02
1.12504162e+05,1.31226288e+05,1.85812316e-02,1.06307277e+05,1.89122937e-02,5.75012392e+04,2.10098940e-02
1.12859523e+05,1.31640786e+05,1.85706868e-02,1.06643065e+05,1.89015609e-02,5.76828656e+04,2.09979709e-02
1.13216007e+05,1.32056594e+05,1.85601479e-02,1.06979913e+05,1.88908343e-02,5.78650656e+04,2.09860545e-02
1.13573617e+05,1.32473714e+05,1.85496150e-02,1.07317825e+05,1.88801138e-02,5.80478411e+04,2.09741449e-02
1.13932356e+05,1.32892152e+05,1.85390881e-02,1.07656805e+05,1.88693993e-02,5.82311940e+04,2.09622421e-02
1.14292229e+05,1.33311912e+05,1.85285672e-02,1.07996855e+05,1.88586909e-02,5.84151260e+04,2.09503460e-02
1.14653238e+05,1.33732998e+05,1.85180522e-02,1.08337979e+05,1.88479886e-02,5.85996390e+04,2.09384567e-02
1.15015388e+05,1.34155414e+05,1.85075432e-02,1.08680181e+05,1.88372924e-02,5.87847348e+04,2.09265741e-02
1.15378681e+05,1.34579164e+05,1.84970402e-02,1.09023464e+05,1.88266022e-02,5.89704153e+04,2.09146983e-02
1.15743122e+05,1.35004253e+05,1.84865431e-02,1.09367831e+05,1.88159181e-02,5.91566822e+04,2.09028292e-02
1.16108714e+05,1.35430684e+05,1.84760520e-02,1.09713286e+05,1.88052401e-02,5.93435375e+04,2.08909669e-02
1.16475461e+05,1.35858462e+05,1.84655668e-02,1.10059832e+05,1.87945681e-02,5.95309831e+04,2.08791112e-02
1.16843367e+05,1.36287592e+05,1.84550876e-02,1.10407472e+05,1.87839022e-02,5.97190207e+04,2.08672623e-02
1.17212434e+05,1.36718077e+05,1.84446144e-02,1.10756211e+05,1.87732423e-02,5.99076522e+04,2.08554202e-02
1.17582667e+05,1.37149921e+05,1.84341470e-02,1.11106051e+05,1.87625885e-02,6.00968796e+04,2.08435847e-02
1.17954070e+05,1.37583130e+05,1.84236857e-02,1.11456996e+05,1.87519407e-02,6.02867046e+04,2.08317560e-02
1.18326645e+05,1.38017707e+05,1.84132302e-02,1.11809050e+05,1.87412990e-02,6.04771293e+04,2.08199340e-02
1.18700398e+05,1.38453657e+05,1.84027807e-02,1.12162216e+05,1.87306633e-02,6.06681554e+04,2.08081186e-02
1.19075331e+05,1.38890984e+05,1.83923371e-02,1.12516497e+05,1.87200337e-02,6.08597849e+04,2.07963100e-02
1.19451449e+05,1.39329692e+05,1.83818995e-02,1.12871897e+05,1.87094100e-02,6.10520198e+04,2.07845081e-02
1.19828754e+05,1.39769786e+05,1.83714678e-02,1.13228420e+05,1.86987925e-02,6.12448618e+04,2.07727129e-02
1.20207251e+05,1.40211270e+05,1.83610420e-02,1.13586069e+05,1.86881809e-02,6.14383129e+04,2.07609244e-02
1.20586944e+05,1.40654148e+05,1.83506221e-02,1.13944848e+05,1.86775753e-02,6.16323751e+04,2.07491426e-02
1.20967836e+05,1.41098425e+05,1.83402081e-02,1.14304760e+05,1.86669758e-02,6.18270502e+04,2.07373674e-02
1.21349931e+05,1.41544106e+05,1.83298000e-02,1.14665809e+05,1.86563823e-02,6.20223403e+04,2.07255990e-02
1.21733233e+05,1.41991195e+05,1.83193979e-02,1.15027998e+05,1.86457948e-02,6.22182472e+04,2.07138372e-02
1.22117746e+05,1.42439695e+05,1.83090016e-02,1.15391332e+05,1.86352133e-02,6.24147730e+04,2.07020821e-02
1.22503473e+05,1.42889612e+05,1.82986112e-02,1.15755813e+05,1.86246378e-02,6.26119194e+04,2.06903337e-02
1.22890419e+05,1.43340951e+05,1.82882268e-02,1.16121445e+05,1.86140684e-02,6.28096886e+04,2.06785919e-02
1.23278587e+05,1.43793715e+05,1.82778482e-02,1.16488232e+05,1.86035049e-02,6.30080825e+04,2.06668568e-02
1.23667981e+05,1.44247909e+05,1.82674755e-02,1.16856177e+05,1.85929474e-02,6.32071031e+04,2.06551284e-02
1.24058605e+05,1.44703538e+05,1.82571087e-02,1.17225285e+05,1.85823959e-02,6.34067522e+04,2.06434066e-02
1.24450463e+05,1.45160606e+05,1.82467478e-02,1.17595559e+05,1.85718504e-02,6.36070320e+04,2.06316914e-02
1.24843558e+05,1.45619117e+05,1.82363928e-02,1.17967002e+05,1.85613109e-02,6.38079444e+04,2.06199830e-02
1.25237896e+05,1.46079077e+05,1.82260436e-02,1.18339619e+05,1.85507773e-02,6.40094915e+04,2.06082811e-02
1.25633478e+05,1.46540490e+05,1.82157004e-02,1.18713413e+05,1.85402497e-02,6.42116751e+04,2.05965859e-02
1.26030311e+05,1.47003360e+05,1.82053629e-02,1.19088387e+05,1.85297281e-02,6.44144974e+04,2.05848974e-02
1.26428396e+05,1.47467693e+05,1.81950314e-02,1.19464545e+05,1.85192125e-02,6.46179603e+04,2.05732154e-02
1.26827740e+05,1.47933492e+05,1.81847057e-02,1.19841892e+05,1.85087029e-02,6.48220659e+04,2.05615401e-02
1.27228344e+05,1.48400762e+05,1.81743859e-02,1.20220431e+05,1.84981992e-02,6.50268161e+04,2.05498715e-02
1.27630214e+05,1.48869508e+05,1.81640719e-02,1.20600165e+05,1.84877015e-02,6.52322131e+04,2.05382094e-02
1.28033353e+05,1.49339735e+05,1.81537638e-02,1.20981099e+05,1.84772097e-02,6.54382589e+04,2.05265540e-02
1.28437766e+05,1.49811447e+05,1.81434616e-02,1.21363236e+05,1.84667239e-02,6.56449556e+04,2.05149051e-02
1.28843456e+05,1.50284649e+05,1.81331651e-02,1.21746580e+05,1.84562440e-02,6.58523051e+04,2.05032629e-02
1.29250428e+05,1.50759346e+05,1.81228746e-02,1.22131135e+05,1.84457701e-02,6.60603095e+04,2.04916273e-02
1.29658685e+05,1.51235542e+05,1.81125898e-02,1.22516905e+05,1.84353021e-02,6.62689710e+04,2.04799983e-02
1.30068231e+05,1.51713242e+05,1.81023109e-02,1.22903893e+05,1.84248401e-02,6.64782915e+04,2.04683759e-02
1.30479071e+05,1.52192452e+05,1.80920379e-02,1.23292103e+05,1.84143840e-02,6.66882732e+04,2.04567601e-02
1.30891209e+05,1.52673174e+05,1.80817707e-02,1.23681540e+05,1.84039338e-02,6.68989182e+04,2.04451509e-02
1.31304649e+05,1.53155416e+05,1.80715093e-02,1.24072207e+05,1.83934896e-02,6.71102285e+04,2.04335483e-02
1.31719394e+05,1.53639180e+05,1.80612537e-02,1.24464108e+05,1.83830513e-02,6.73222063e+04,2.04219523e-02
1.32135450e+05,1.54124473e+05,1.80510039e-02,1.24857246e+05,1.83726189e-02,6.75348537e+04,2.04103628e-02
1.32552820e+05,1.54611298e+05,1.80407600e-02,1.25251627e+05,1.83621924e-02,6.77481727e+04,2.03987799e-02
1.32971508e+05,1.55099661e+05,1.80305218e-02,1.25647253e+05,1.83517719e-02,6.79621655e+04,2.03872036e-02
1.33391518e+05,1.55589567e+05,1.80202895e-02,1.26044129e+05,1.83413573e-02,6.81768343e+04,2.03756339e-02
1.33812856e+05,1.56081020e+05,1.80100630e-02,1.26442258e+05,1.83309485e-02,6.83921811e+04,2.03640707e-02
1.34235524e+05,1.56574025e+05,1.79998423e-02,1.26841645e+05,1.83205457e-02,6.86082081e+04,2.03525141e-02
1.34659527e+05,1.57068588e+05,1.79896274e-02,1.27242294e+05,1.83101488e-02,6.88249175e+04,2.03409640e-02
1.35084869e+05,1.57564713e+05,1.79794183e-02,1.27644208e+05,1.82997578e-02,6.90423114e+04,2.03294205e-02
1.35511555e+05,1.58062405e+05,1.79692149e-02,1.28047391e+05,1.82893727e-02,6.92603919e+04,2.03178836e-02
1.35939589e+05,1.58561669e+05,1.79590174e-02,1.28451848e+05,1.82789935e-02,6.94791613e+04,2.03063532e-02
1.36368975e+05,1.59062510e+05,1.79488257e-02,1.28857583e+05,1.82686201e-02,6.96986218e+04,2.02948293e-02
1.36799717e+05,1.59564933e+05,1.79386397e-02,1.29264599e+05,1.82582527e-02,6.99187754e+04,2.02833120e-02
1.37231819e+05,1.60068943e+05,1.79284595e-02,1.29672901e+05,1.82478911e-02,7.01396244e+04,2.02718012e-02
1.37665287e+05,1.60574545e+05,1.79182851e-02,1.30082492e+05,1.82375355e-02,7.03611710e+04,2.02602970e-02
1.38100123e+05,1.61081744e+05,1.79081165e-02,1.30493377e+05,1.82271857e-02,7.05834173e+04,2.02487993e-02
1.38536333e+05,1.61590545e+05,1.78979536e-02,1.30905560e+05,1.82168417e-02,7.08063657e+04,2.02373081e-02
1.38973921e+05,1.62100953e+05,1.78877966e-02,1.31319045e+05,1.82065037e-02,7.10300183e+04,2.02258234e-02
1.39412891e+05,1.62612973e+05,1.78776452e-02,1.31733836e+05,1.81961715e-02,7.12543773e+04,2.02143452e-02
1.39853248e+05,1.63126611e+05,1.78674997e-02,1.32149937e+05,1.81858452e-02,7.14794450e+04,2.02028736e-02
1.40294995e+05,1.63641871e+05,1.78573599e-02,1.32567353e+05,1.81755247e-02,7.17052237e+04,2.01914085e-02
1.40738138e+05,1.64158758e+05,1.78472258e-02,1.32986087e+05,1.81652101e-02,7.19317154e+04,2.01799499e-02
1.41182681e+05,1.64677278e+05,1.78370975e-02,1.33406144e+05,1.81549013e-02,7.21589226e+04,2.01684977e-02
1.41628628e+05,1.65197436e+05,1.78269750e-02,1.33827527e+05,1.81445984e-02,7.23868475e+04,2.01570521e-02
1.42075983e+05,1.65719237e+05,1.78168581e-02,1.34250241e+05,1.81343013e-02,7.26154922e+04,2.01456130e-02
1.42524752e+05,1.66242687e+05,1.78067471e-02,1.34674291e+05,1.81240101e-02,7.28448592e+04,2.01341803e-02
1.42974938e+05,1.66767789e+05,1.77966417e-02,1.35099680e+05,1.81137248e-02,7.30749507e+04,2.01227542e-02
1.43426546e+05,1.67294550e+05,1.77865421e-02,1.35526413e+05,1.81034452e-02,7.33057690e+04,2.01113345e-02
1.43879580e+05,1.67822976e+05,1.77764483e-02,1.35954494e+05,1.80931715e-02,7.35373163e+04,2.00999213e-02
1.44334045e+05,1.68353070e+05,1.77663602e-02,1.36383926e+05,1.80829036e-02,7.37695950e+04,2.00885146e-02
1.44789946e+05,1.68884838e+05,1.77562777e-02,1.36814716e+05,1.80726416e-02,7.40026074e+04,2.00771144e-02
1.45247287e+05,1.69418287e+05,1.77462011e-02,1.37246865e+05,1.80623854e-02,7.42363558e+04,2.00657206e-02
1.45706073e+05,1.69953420e+05,1.77361301e-02,1.37680380e+05,1.80521350e-02,7.44708425e+04,2.00543334e-02
1.46166307e+05,1.70490243e+05,1.77260648e-02,1.38115265e+05,1.80418904e-02,7.47060699e+04,2.00429525e-02
1.46627995e+05,1.71028762e+05,1.77160053e-02,1.38551523e+05,1.80316516e-02,7.49420403e+04,2.00315781e-02
1.47091142e+05,1.71568983e+05,1.77059515e-02,1.38989158e+05,1.80214186e-02,7.51787561e+04,2.00202102e-02
1.47555752e+05,1.72110909e+05,1.76959033e-02,1.39428177e+05,1.80111915e-02,7.54162195e+04,2.00088487e-02
1.48021829e+05,1.72654547e+05,1.76858609e-02,1.39868582e+05,1.80009701e-02,7.56544330e+04,1.99974937e-02
1.48489378e+05,1.73199903e+05,1.76758242e-02,1.40310378e+05,1.79907546e-02,7.58933990e+04,1.99861451e-02
1.48958404e+05,1.73746981e+05,1.76657931e-02,1.40753569e+05,1.79805448e-02,7.61331197e+04,1.99748030e-02
1.49428912e+05,1.74295787e+05,1.76557678e-02,1.41198161e+05,1.79703409e-02,7.63735977e+04,1.99634673e-02
1.49900906e+05,1.74846327e+05,1.76457482e-02,1.41644156e+05,1.79601427e-02,7.66148352e+04,1.99521380e-02
1.50374390e+05,1.75398605e+05,1.76357342e-02,1.42091561e+05,1.79499503e-02,7.68568347e+04,1.99408152e-02
1.50849370e+05,1.75952628e+05,1.76257259e-02,1.42540378e+05,1.79397637e-02,7.70995986e+04,1.99294988e-02
1.51325851e+05,1.76508401e+05,1.76157233e-02,1.42990614e+05,1.79295829e-02,7.73431294e+04,1.99181888e-02
1.51803836e+05,1.77065929e+05,1.76057264e-02,1.43442271e+05,1.79194079e-02,7.75874293e+04,1.99068852e-02
1.52283332e+05,1.77625219e+05,1.75957351e-02,1.43895355e+05,1.79092386e-02,7.78325009e+04,1.98955881e-02
1.52764342e+05,1.78186275e+05,1.75857496e-02,1.44349870e+05,1.78990751e-02,7.80783466e+04,1.98842973e-02
1.53246871e+05,1.78749103e+05,1.75757696e-02,1.44805821e+05,1.78889174e-02,7.83249689e+04,1.98730130e-02
1.53730924e+05,1.79313709e+05,1.75657954e-02,1.45263212e+05,1.78787654e-02,7.85723701e+04,1.98617350e-02
1.54216507e+05,1.79880099e+05,1.75558268e-02,1.45722048e+05,1.78686192e-02,7.88205528e+04,1.98504635e-02
1.54703623e+05,1.80448277e+05,1.75458639e-02,1.46182333e+05,1.78584788e-02,7.90695194e+04,1.98391984e-02
1.55192277e+05,1.81018250e+05,1.75359066e-02,1.46644072e+05,1.78483441e-02,7.93192724e+04,1.98279396e-02
1.55682476e+05,1.81590024e+05,1.75259550e-02,1.47107269e+05,1.78382152e-02,7.95698143e+04,1.98166873e-02
1.56174222e+05,1.82163603e+05,1.75160090e-02,1.47571930e+05,1.78280920e-02,7.98211476e+04,1.98054413e-02
1.56667522e+05,1.82738994e+05,1.75060687e-02,1.48038058e+05,1.78179745e-02,8.00732747e+04,1.97942017e-02
1.57162380e+05,1.83316203e+05,1.74961340e-02,1.48505659e+05,1.78078628e-02,8.03261982e+04,1.97829685e-02
1.57658801e+05,1.83895235e+05,1.74862049e-02,1.48974736e+05,1.77977569e-02,8.05799206e+04,1.97717417e-02
1.58156790e+05,1.84476096e+05,1.74762815e-02,1.49445295e+05,1.77876566e-02,8.08344445e+04,1.97605212e-02
1.58656352e+05,1.85058791e+05,1.74663637e-02,1.49917341e+05,1.77775621e-02,8.10897723e+04,1.97493071e-02
1.59157492e+05,1.85643327e+05,1.74564515e-02,1.50390878e+05,1.77674734e-02,8.13459066e+04,1.97380994e-02
1.59660215e+05,1.86229710e+05,1.74465450e-02,1.50865910e+05,1.77573903e-02,8.16028499e+04,1.97268980e-02
1.60164526e+05,1.86817945e+05,1.74366441e-02,1.51342443e+05,1.77473130e-02,8.18606048e+04,1.97157030e-02
1.60670430e+05,1.87408037e+05,1.74267488e-02,1.51820480e+05,1.77372414e-02,8.21191739e+04,1.97045143e-02
1.61177932e+05,1.87999994e+05,1.74168591e-02,1.52300028e+05,1.77271755e-02,8.23785597e+04,1.96933320e-02
1.61687037e+05,1.88593820e+05,1.74069750e-02,1.52781091e+05,1.77171153e-02,8.26387648e+04,1.96821560e-02
1.62197750e+05,1.89189522e+05,1.73970966e-02,1.53263673e+05,1.77070609e-02,8.28997918e+04,1.96709864e-02
1.62710076e+05,1.89787106e+05,1.73872237e-02,1.53747780e+05,1.76970121e-02,8.31616433e+04,1.96598231e-02
1.63224020e+05,1.90386577e+05,1.73773565e-02,1.54233415e+05,1.76869691e-02,8.34243219e+04,1.96486662e-02
1.63739588e+05,1.90987942e+05,1.73674948e-02,1.54720585e+05,1.76769317e-02,8.36878302e+04,1.96375156e-02
1.64256784e+05,1.91591206e+05,1.73576388e-02,1.55209293e+05,1.76669001e-02,8.39521709e+04,1.96263713e-02
1.64775614e+05,1.92196376e+05,1.73477883e-02,1.55699545e+05,1.76568741e-02,8.42173465e+04,1.96152333e-02
1.65296082e+05,1.92803457e+05,1.73379434e-02,1.56191345e+05,1.76468538e-02,8.44833597e+04,1.96041017e-02
1.65818195e+05,1.93412456e+05,1.73281042e-02,1.56684699e+05,1.76368392e-02,8.47502131e+04,1.95929763e-02
1.66341957e+05,1.94023378e+05,1.73182705e-02,1.57179612e+05,1.76268303e-02,8.50179094e+04,1.95818573e-02
1.66867373e+05,1.94636230e+05,1.73084423e-02,1.57676087e+05,1.76168271e-02,8.52864513e+04,1.95707446e-02
1.67394449e+05,1.95251018e+05,1.72986198e-02,1.58174131e+05,1.76068295e-02,8.55558415e+04,1.95596382e-02
1.67923189e+05,1.95867748e+05,1.72888028e-02,1.58673748e+05,1.75968377e-02,8.58260825e+04,1.95485381e-02
1.68453600e+05,1.96486426e+05,1.72789914e-02,1.59174943e+05,1.75868515e-02,8.60971771e+04,1.95374443e-02
1.68985686e+05,1.97107058e+05,1.72691856e-02,1.59677721e+05,1.75768709e-02,8.63691281e+04,1.95263568e-02
1.69519453e+05,1.97729650e+05,1.72593853e-02,1.60182087e+05,1.75668960e-02,8.66419380e+04,1.95152756e-02
1.70054906e+05,1.98354209e+05,1.72495906e-02,1.60688046e+05,1.75569268e-02,8.69156096e+04,1.95042007e-02
1.70592050e+05,1.98980741e+05,1.72398015e-02,1.61195604e+05,1.75469633e-02,8.71901457e+04,1.94931321e-02
1.71130891e+05,1.99609252e+05,1.72300179e-02,1.61704764e+05,1.75370054e-02,8.74655489e+04,1.94820697e-02
1.71671433e+05,2.00239748e+05,1.72202399e-02,1.62215533e+05,1.75270531e-02,8.77418221e+04,1.94710136e-02
1.72213684e+05,2.00872235e+05,1.72104674e-02,1.62727916e+05,1.75171065e-02,8.80189678e+04,1.94599638e-02
1.72757646e+05,2.01506720e+05,1.72007004e-02,1.63241916e+05,1.75071656e-02,8.82969890e+04,1.94489203e-02
1.73303328e+05,2.02143210e+05,1.71909390e-02,1.63757540e+05,1.74972302e-02,8.85758884e+04,1.94378830e-02
1.73850732e+05,2.02781710e+05,1.71811832e-02,1.64274793e+05,1.74873006e-02,8.88556687e+04,1.94268520e-02
1.74399866e+05,2.03422226e+05,1.71714329e-02,1.64793680e+05,1.74773765e-02,8.91363328e+04,1.94158273e-02
1.74950734e+05,2.04064766e+05,1.71616881e-02,1.65314206e+05,1.74674581e-02,8.94178833e+04,1.94048088e-02
1.75503343e+05,2.04709335e+05,1.71519488e-02,1.65836376e+05,1.74575453e-02,8.97003232e+04,1.93937966e-02
1.76057696e+05,2.05355941e+05,1.71422151e-02,1.66360195e+05,1.74476382e-02,8.99836552e+04,1.93827906e-02
1.76613801e+05,2.06004588e+05,1.71324869e-02,1.66885669e+05,1.74377366e-02,9.02678822e+04,1.93717909e-02
1.77171663e+05,2.06655285e+05,1.71227642e-02,1.67412802e+05,1.74278407e-02,9.05530069e+04,1.93607974e-02
1.77731286e+05,2.07308037e+05,1.71130470e-02,1.67941601e+05,1.74179504e-02,9.08390322e+04,1.93498101e-02
1.78292677e+05,2.07962851e+05,1.71033354e-02,1.68472070e+05,1.74080657e-02,9.11259610e+04,1.93388291e-02
1.78855841e+05,2.08619733e+05,1.70936292e-02,1.69004214e+05,1.73981867e-02,9.14137961e+04,1.93278543e-02
1.79420785e+05,2.09278690e+05,1.70839286e-02,1.69538039e+05,1.73883132e-02,9.17025404e+04,1.93168858e-02
1.79987512e+05,2.09939728e+05,1.70742335e-02,1.70073551e+05,1.73784453e-02,9.19921967e+04,1.93059234e-02
1.80556030e+05,2.10602854e+05,1.70645438e-02,1.70610754e+05,1.73685830e-02,9.22827679e+04,1.92949673e-02
1.81126343e+05,2.11268075e+05,1.70548597e-02,1.71149654e+05,1.73587264e-02,9.25742570e+04,1.92840174e-02
1.81698458e+05,2.11935397e+05,1.70451811e-02,1.71690256e+05,1.73488753e-02,9.28666667e+04,1.92730738e-02
1.82272380e+05,2.12604827e+05,1.70355079e-02,1.72232565e+05,1.73390298e-02,9.31600001e+04,1.92621363e-02
1.82848115e+05,2.13276372e+05,1.70258403e-02,1.72776588e+05,1.73291899e-02,9.34542600e+04,1.92512050e-02
1.83425668e+05,2.13950037e+05,1.70161781e-02,1.73322329e+05,1.73193556e-02,9.37494494e+04,1.92402800e-02
1.84005046e+05,2.14625831e+05,1.70065214e-02,1.73869794e+05,1.73095269e-02,9.40455712e+04,1.92293611e-02
1.84586254e+05,2.15303759e+05,1.69968702e-02,1.74418988e+05,1.72997037e-02,9.43426283e+04,1.92184484e-02
1.85169297e+05,2.15983828e+05,1.69872245e-02,1.74969916e+05,1.72898861e-02,9.46406238e+04,1.92075420e-02
1.85754183e+05,2.16666046e+05,1.69775843e-02,1.75522585e+05,1.72800741e-02,9.49395605e+04,1.91966417e-02
1.86340915e+05,2.17350418e+05,1.69679495e-02,1.76077000e+05,1.72702677e-02,9.52394414e+04,1.91857476e-02
1.86929501e+05,2.18036952e+05,1.69583202e-02,1.76633165e+05,1.72604668e-02,9.55402695e+04,1.91748597e-02
1.87519946e+05,2.18725655e+05,1.69486963e-02,1.77191088e+05,1.72506715e-02,9.58420479e+04,1.91639780e-02
1.88112256e+05,2.19416533e+05,1.69390779e-02,1.77750773e+05,1.72408817e-02,9.61447795e+04,1.91531024e-02
1.88706437e+05,2.20109593e+05,1.69294650e-02,1.78312225e+05,1.72310975e-02,9.64484673e+04,1.91422330e-02
1.89302495e+05,2.20804842e+05,1.69198575e-02,1.78875451e+05,1.72213189e-02,9.67531143e+04,1.91313698e-02
1.89900435e+05,2.21502288e+05,1.69102555e-02,1.79440457e+05,1.72115458e-02,9.70587236e+04,1.91205127e-02
1.90500265e+05,2.22201936e+05,1.69006589e-02,1.80007246e+05,1.72017782e-02,9.73652982e+04,1.91096618e-02
1.91101988e+05,2.22903795e+05,1.68910678e-02,1.80575826e+05,1.71920162e-02,9.76728412e+04,1.90988171e-02
1.91705613e+05,2.23607870e+05,1.68814821e-02,1.81146202e+05,1.71822597e-02,9.79813556e+04,1.90879785e-02
1.92311144e+05,2.24314169e+05,1.68719019e-02,1.81718380e+05,1.71725088e-02,9.82908445e+04,1.90771461e-02
1.92918588e+05,2.25022699e+05,1.68623271e-02,1.82292365e+05,1.71627634e-02,9.86013110e+04,1.90663198e-02
1.93527950e+05,2.25733467e+05,1.68527577e-02,1.82868163e+05,1.71530235e-02,9.89127581e+04,1.90554997e-02
1.94139237e+05,2.26446481e+05,1.68431938e-02,1.83445780e+05,1.71432892e-02,9.92251890e+04,1.90446857e-02
1.94752456e+05,2.27161746e+05,1.68336353e-02,1.84025221e+05,1.71335604e-02,9.95386067e+04,1.90338778e-02
1.95367611e+05,2.27879271e+05,1.68240822e-02,1.84606492e+05,1.71238371e-02,9.98530145e+04,1.90230761e-02
1.95984709e+05,2.28599062e+05,1.68145345e-02,1.85189600e+05,1.71141193e-02,1.00168415e+05,1.90122805e-02
1.96603756e+05,2.29321126e+05,1.68049923e-02,1.85774549e+05,1.71044070e-02,1.00484812e+05,1.90014910e-02
1.97224759e+05,2.30045472e+05,1.67954554e-02,1.86361346e+05,1.70947003e-02,1.00802209e+05,1.89907077e-02
1.97847723e+05,2.30772105e+05,1.67859240e-02,1.86949996e+05,1.70849991e-02,1.01120608e+05,1.89799305e-02
1.98472655e+05,2.31501034e+05,1.67763980e-02,1.87540506e+05,1.70753033e-02,1.01440012e+05,1.89691594e-02
1.99099560e+05,2.32232265e+05,1.67668774e-02,1.88132881e+05,1.70656131e-02,1.01760426e+05,1.89583944e-02
1.99728446e+05,2.32965805e+05,1.67573622e-02,1.88727127e+05,1.70559283e-02,1.02081852e+05,1.89476355e-02
2.00359319e+05,2.33701663e+05,1.67478524e-02,1.89323250e+05,1.70462491e-02,1.02404293e+05,1.89368827e-02
2.00992184e+05,2.34439845e+05,1.67383480e-02,1.89921256e+05,1.70365754e-02,1.02727752e+05,1.89261360e-02
2.01627048e+05,2.35180358e+05,1.67288490e-02,1.90521151e+05,1.70269071e-02,1.03052233e+05,1.89153954e-02
2.02263918e+05,2.35923211e+05,1.67193553e-02,1.91122941e+05,1.70172443e-02,1.03377739e+05,1.89046609e-02
2.02902799e+05,2.36668410e+05,1.67098671e-02,1.91726632e+05,1.70075870e-02,1.03704273e+05,1.88939325e-02
2.03543698e+05,2.37415963e+05,1.67003843e-02,1.92332229e+05,1.69979352e-02,1.04031839e+05,1.88832102e-02
2.04186621e+05,2.38165877e+05,1.66909068e-02,1.92939740e+05,1.69882889e-02,1.04360439e+05,1.88724940e-02
2.04831576e+05,2.38918160e+05,1.66814347e-02,1.93549169e+05,1.69786481e-02,1.04690077e+05,1.88617839e-02
2.05478567e+05,2.39672819e+05,1.66719680e-02,1.94160523e+05,1.69690127e-02,1.05020757e+05,1.88510798e-02
2.06127602e+05,2.40429862e+05,1.66625066e-02,1.94773809e+05,1.69593828e-02,1.05352481e+05,1.88403818e-02
2.06778687e+05,2.41189296e+05,1.66530507e-02,1.95389031e+05,1.69497583e-02,1.05685252e+05,1.88296899e-02
2.07431829e+05,2.41951129e+05,1.66436001e-02,1.96006197e+05,1.69401393e-02,1.06019075e+05,1.88190040e-02
2.08087034e+05,2.42715368e+05,1.66341548e-02,1.96625312e+05,1.69305258e-02,1.06353953e+05,1.88083243e-02
2.08744308e+05,2.43482021e+05,1.66247149e-02,1.97246383e+05,1.69209177e-02,1.06689888e+05,1.87976505e-02
2.09403658e+05,2.44251096e+05,1.66152804e-02,1.97869415e+05,1.69113151e-02,1.07026884e+05,1.87869829e-02
2.10065091e+05,2.45022600e+05,1.66058512e-02,1.98494415e+05,1.69017179e-02,1.07364944e+05,1.87763213e-02
2.10728614e+05,2.45796541e+05,1.65964274e-02,1.99121390e+05,1.68921262e-02,1.07704073e+05,1.87656657e-02
2.11394232e+05,2.46572926e+05,1.65870089e-02,1.99750345e+05,1.68825399e-02,1.08044272e+05,1.87550162e-02
2.12061952e+05,2.47351764e+05,1.65775958e-02,2.00381287e+05,1.68729591e-02,1.08385546e+05,1.87443727e-02
2.12731782e+05,2.48133062e+05,1.65681880e-02,2.01014221e+05,1.68633837e-02,1.08727898e+05,1.87337353e-02
2.13403728e+05,2.48916827e+05,1.65587856e-02,2.01649155e+05,1.68538137e-02,1.09071332e+05,1.87231039e-02
2.14077795e+05,2.49703069e+05,1.65493885e-02,2.02286094e+05,1.68442492e-02,1.09415850e+05,1.87124785e-02
2.14753992e+05,2.50491794e+05,1.65399967e-02,2.02925045e+05,1.68346900e-02,1.09761457e+05,1.87018592e-02
2.15432325e+05,2.51283010e+05,1.65306102e-02,2.03566015e+05,1.68251364e-02,1.10108155e+05,1.86912459e-02
2.16112801e+05,2.52076725e+05,1.65212291e-02,2.04209009e+05,1.68155881e-02,1.10455948e+05,1.86806386e-02
2.16795426e+05,2.52872947e+05,1.65118533e-02,2.04854034e+05,1.68060452e-02,1.10804840e+05,1.86700373e-02
2.17480207e+05,2.53671685e+05,1.65024828e-02,2.05501096e+05,1.67965078e-02,1.11154834e+05,1.86594421e-02
2.18167151e+05,2.54472945e+05,1.64931177e-02,2.06150202e+05,1.67869758e-02,1.11505933e+05,1.86488529e-02
2.18856265e+05,2.55276736e+05,1.64837578e-02,2.06801359e+05,1.67774492e-02,1.11858141e+05,1.86382696e-02
2.19547555e+05,2.56083066e+05,1.64744033e-02,2.07454572e+05,1.67679280e-02,1.12211462e+05,1.86276924e-02
2.20241029e+05,2.56891943e+05,1.64650541e-02,2.08109849e+05,1.67584122e-02,1.12565899e+05,1.86171212e-02
2.20936694e+05,2.57703375e+05,1.64557102e-02,2.08767195e+05,1.67489018e-02,1.12921455e+05,1.86065560e-02
2.21634556e+05,2.58517370e+05,1.64463716e-02,2.09426618e+05,1.67393968e-02,1.13278135e+05,1.85959968e-02
2.22334622e+05,2.59333936e+05,1.64370382e-02,2.10088123e+05,1.67298972e-02,1.13635941e+05,1.85854435e-02
2.23036899e+05,2.60153082e+05,1.64277102e-02,2.10751718e+05,1.67204030e-02,1.13994877e+05,1.85748963e-02
2.23741395e+05,2.60974815e+05,1.64183875e-02,2.11417409e+05,1.67109141e-02,1.14354947e+05,1.85643550e-02
2.24448116e+05,2.61799143e+05,1.64090701e-02,2.12085203e+05,1.67014307e-02,1.14716154e+05,1.85538198e-02
2.25157069e+05,2.62626075e+05,1.63997579e-02,2.12755106e+05,1.66919526e-02,1.15078503e+05,1.85432905e-02
2.25868262e+05,2.63455619e+05,1.63904510e-02,2.13427126e+05,1.66824799e-02,1.15441996e+05,1.85327672e-02
2.26581701e+05,2.64287783e+05,1.63811495e-02,2.14101267e+05,1.66730126e-02,1.15806636e+05,1.85222498e-02
2.27297393e+05,2.65122576e+05,1.63718532e-02,2.14777538e+05,1.66635507e-02,1.16172429e+05,1.85117384e-02
2.28015347e+05,2.65960006e+05,1.63625621e-02,2.15455946e+05,1.66540941e-02,1.16539377e+05,1.85012330e-02
2.28735567e+05,2.66800081e+05,1.63532764e-02,2.16136496e+05,1.66446429e-02,1.16907485e+05,1.84907336e-02
2.29458063e+05,2.67642809e+05,1.63439959e-02,2.16819196e+05,1.66351971e-02,1.17276755e+05,1.84802401e-02
2.30182841e+05,2.68488199e+05,1.63347207e-02,2.17504052e+05,1.66257566e-02,1.17647191e+05,1.84697525e-02
2.30909908e+05,2.69336260e+05,1.63254507e-02,2.18191071e+05,1.66163215e-02,1.18018797e+05,1.84592710e-02
2.31639272e+05,2.70186999e+05,1.63161860e-02,2.18880261e+05,1.66068917e-02,1.18391577e+05,1.84487953e-02
2.32370940e+05,2.71040425e+05,1.63069266e-02,2.19571627e+05,1.65974673e-02,1.18765535e+05,1.84383256e-02
2.33104918e+05,2.71896548e+05,1.62976724e-02,2.20265177e+05,1.65880483e-02,1.19140674e+05,1.84278619e-02
2.33841216e+05,2.72755374e+05,1.62884235e-02,2.20960918e+05,1.65786345e-02,1.19516998e+05,1.84174041e-02
2.34579838e+05,2.73616913e+05,1.62791798e-02,2.21658856e+05,1.65692262e-02,1.19894510e+05,1.84069522e-02
2.35320794e+05,2.74481173e+05,1.62699414e-02,2.22358999e+05,1.65598231e-02,1.20273215e+05,1.83965062e-02
2.36064090e+05,2.75348163e+05,1.62607082e-02,2.23061354e+05,1.65504254e-02,1.20653116e+05,1.83860662e-02
2.36809734e+05,2.76217892e+05,1.62514802e-02,2.23765927e+05,1.65410331e-02,1.21034217e+05,1.83756321e-02
2.37557734e+05,2.77090368e+05,1.62422575e-02,2.24472725e+05,1.65316460e-02,1.21416522e+05,1.83652040e-02
2.38308096e+05,2.77965600e+05,1.62330400e-02,2.25181756e+05,1.65222643e-02,1.21800035e+05,1.83547817e-02
2.39060828e+05,2.78843596e+05,1.62238278e-02,2.25893027e+05,1.65128879e-02,1.22184758e+05,1.83443654e-02
2.39815937e+05,2.79724366e+05,1.62146208e-02,2.26606544e+05,1.65035169e-02,1.22570697e+05,1.83339549e-02
2.40573432e+05,2.80607917e+05,1.62054190e-02,2.27322315e+05,1.64941511e-02,1.22957855e+05,1.83235504e-02
2.41333320e+05,2.81494260e+05,1.61962224e-02,2.28040347e+05,1.64847907e-02,1.23346236e+05,1.83131518e-02
2.42095607e+05,2.82383402e+05,1.61870310e-02,2.28760646e+05,1.64754356e-02,1.23735844e+05,1.83027591e-02
2.42860303e+05,2.83275352e+05,1.61778449e-02,2.29483221e+05,1.64660858e-02,1.24126682e+05,1.82923723e-02
2.43627414e+05,2.84170120e+05,1.61686640e-02,2.30208079e+05,1.64567413e-02,1.24518755e+05,1.82819913e-02
2.44396948e+05,2.85067715e+05,1.61594882e-02,2.30935226e+05,1.64474021e-02,1.24912067e+05,1.82716163e-02
2.45168913e+05,2.85968144e+05,1.61503177e-02,2.31664670e+05,1.64380682e-02,1.25306620e+05,1.82612472e-02
2.45943316e+05,2.86871417e+05,1.61411524e-02,2.32396417e+05,1.64287396e-02,1.25702420e+05,1.82508839e-02
2.46720165e+05,2.87777544e+05,1.61319923e-02,2.33130477e+05,1.64194162e-02,1.26099470e+05,1.82405265e-02
2.47499467e+05,2.88686533e+05,1.61228374e-02,2.33866854e+05,1.64100982e-02,1.26497774e+05,1.82301750e-02
2.48281232e+05,2.89598393e+05,1.61136877e-02,2.34605558e+05,1.64007855e-02,1.26897337e+05,1.82198294e-02
2.49065466e+05,2.90513133e+05,1.61045432e-02,2.35346595e+05,1.63914780e-02,1.27298161e+05,1.82094897e-02
2.49852176e+05,2.91430763e+05,1.60954039e-02,2.36089973e+05,1.63821759e-02,1.27700251e+05,1.81991558e-02
2.50641372e+05,2.92351291e+05,1.60862697e-02,2.36835699e+05,1.63728790e-02,1.28103612e+05,1.81888278e-02
2.51433061e+05,2.93274726e+05,1.60771408e-02,2.37583780e+05,1.63635874e-02,1.28508247e+05,1.81785056e-02
2.52227250e+05,2.94201079e+05,1.60680170e-02,2.38334224e+05,1.63543011e-02,1.28914159e+05,1.81681893e-02
2.53023948e+05,2.95130357e+05,1.60588984e-02,2.39087039e+05,1.63450200e-02,1.29321354e+05,1.81578788e-02
2.53823162e+05,2.96062571e+05,1.60497849e-02,2.39842231e+05,1.63357442e-02,1.29729835e+05,1.81475742e-02
2.54624901e+05,2.96997730e+05,1.60406767e-02,2.40599809e+05,1.63264737e-02,1.30139606e+05,1.81372755e-02
2.55429172e+05,2.97935842e+05,1.60315736e-02,2.41359780e+05,1.63172084e-02,1.30550672e+05,1.81269826e-02
2.56235984e+05,2.98876917e+05,1.60224757e-02,2.42122151e+05,1.63079484e-02,1.30963036e+05,1.81166955e-02
2.57045344e+05,2.99820965e+05,1.60133829e-02,2.42886931e+05,1.62986936e-02,1.31376702e+05,1.81064143e-02
2.57857260e+05,3.00767995e+05,1.60042953e-02,2.43654126e+05,1.62894441e-02,1.31791676e+05,1.80961389e-02
2.58671741e+05,3.01718016e+05,1.59952129e-02,2.44423744e+05,1.62801998e-02,1.32207959e+05,1.80858694e-02
2.59488795e+05,3.02671038e+05,1.59861356e-02,2.45195793e+05,1.62709608e-02,1.32625558e+05,1.80756056e-02
2.60308430e+05,3.03627070e+05,1.59770635e-02,2.45970281e+05,1.62617270e-02,1.33044476e+05,1.80653477e-02
2.61130653e+05,3.04586122e+05,1.59679965e-02,2.46747215e+05,1.62524985e-02,1.33464717e+05,1.80550956e-02
2.61955474e+05,3.05548203e+05,1.59589347e-02,2.47526604e+05,1.62432752e-02,1.33886286e+05,1.80448494e-02
2.62782900e+05,3.06513323e+05,1.59498780e-02,2.48308454e+05,1.62340572e-02,1.34309186e+05,1.80346089e-02
2.63612939e+05,3.07481492e+05,1.59408264e-02,2.49092774e+05,1.62248443e-02,1.34733421e+05,1.80243743e-02
2.64445600e+05,3.08452718e+05,1.59317800e-02,2.49879571e+05,1.62156367e-02,1.35158997e+05,1.80141454e-02
2.65280892e+05,3.09427013e+05,1.59227387e-02,2.50668853e+05,1.62064344e-02,1.35585917e+05,1.80039224e-02
2.66118821e+05,3.10404385e+05,1.59137026e-02,2.51460628e+05,1.61972372e-02,1.36014186e+05,1.79937052e-02
2.66959398e+05,3.11384844e+05,1.59046715e-02,2.52254905e+05,1.61880453e-02,1.36443807e+05,1.79834938e-02
2.67802629e+05,3.12368400e+05,1.58956456e-02,2.53051690e+05,1.61788586e-02,1.36874786e+05,1.79732881e-02
2.68648524e+05,3.13355062e+05,1.58866248e-02,2.53850992e+05,1.61696771e-02,1.37307125e+05,1.79630883e-02
2.69497091e+05,3.14344842e+05,1.58776092e-02,2.54652819e+05,1.61605008e-02,1.37740831e+05,1.79528942e-02
2.70348339e+05,3.15337747e+05,1.58685986e-02,2.55457178e+05,1.61513297e-02,1.38175906e+05,1.79427060e-02
2.71202275e+05,3.16333789e+05,1.58595932e-02,2.56264078e+05,1.61421638e-02,1.38612355e+05,1.79325235e-02
2.72058908e+05,3.17332977e+05,1.58505929e-02,2.57073527e+05,1.61330031e-02,1.39050183e+05,1.79223468e-02
2.72918247e+05,3.18335321e+05,1.58415977e-02,2.57885532e+05,1.61238476e-02,1.39489394e+05,1.79121758e-02
2.73780301e+05,3.19340831e+05,1.58326076e-02,2.58700103e+05,1.61146974e-02,1.39929993e+05,1.79020107e-02
2.74645077e+05,3.20349518e+05,1.58236226e-02,2.59517246e+05,1.61055523e-02,1.40371983e+05,1.78918513e-02
2.75512585e+05,3.21361390e+05,1.58146427e-02,2.60336970e+05,1.60964124e-02,1.40815369e+05,1.78816977e-02
2.76382833e+05,3.22376458e+05,1.58056679e-02,2.61159284e+05,1.60872777e-02,1.41260155e+05,1.78715498e-02
2.77255830e+05,3.23394733e+05,1.57966981e-02,2.61984195e+05,1.60781481e-02,1.41706347e+05,1.78614077e-02
2.78131584e+05,3.24416224e+05,1.57877335e-02,2.62811712e+05,1.60690238e-02,1.42153948e+05,1.78512713e-02
2.79010105e+05,3.25440942e+05,1.57787740e-02,2.63641842e+05,1.60599046e-02,1.42602962e+05,1.78411407e-02
2.79891400e+05,3.26468896e+05,1.57698195e-02,2.64474595e+05,1.60507906e-02,1.43053395e+05,1.78310159e-02
2.80775480e+05,3.27500097e+05,1.57608701e-02,2.65309978e+05,1.60416818e-02,1.43505251e+05,1.78208968e-02
2.81662351e+05,3.28534556e+05,1.57519258e-02,2.66147999e+05,1.60325781e-02,1.43958534e+05,1.78107834e-02
2.82552024e+05,3.29572282e+05,1.57429866e-02,2.66988668e+05,1.60234796e-02,1.44413249e+05,1.78006758e-02
2.83444507e+05,3.30613286e+05,1.57340525e-02,2.67831992e+05,1.60143863e-02,1.44869400e+05,1.77905739e-02
2.84339810e+05,3.31657578e+05,1.57251234e-02,2.68677980e+05,1.60052982e-02,1.45326992e+05,1.77804778e-02
2.85237940e+05,3.32705168e+05,1.57161994e-02,2.69526639e+05,1.59962151e-02,1.45786029e+05,1.77703874e-02
2.86138907e+05,3.33756068e+05,1.57072805e-02,2.70377980e+05,1.59871373e-02,1.46246516e+05,1.77603027e-02
2.87042720e+05,3.34810287e+05,1.56983666e-02,2.71232010e+05,1.59780646e-02,1.46708458e+05,1.77502237e-02
2.87949388e+05,3.35867835e+05,1.56894578e-02,2.72088737e+05,1.59689970e-02,1.47171859e+05,1.77401504e-02
2.88858919e+05,3.36928725e+05,1.56805540e-02,2.72948170e+05,1.59599346e-02,1.47636723e+05,1.77300829e-02
2.89771324e+05,3.37992965e+05,1.56716553e-02,2.73810318e+05,1.59508774e-02,1.48103056e+05,1.77200211e-02
2.90686610e+05,3.39060567e+05,1.56627616e-02,2.74675189e+05,1.59418252e-02,1.48570862e+05,1.77099650e-02
2.91604788e+05,3.40131541e+05,1.56538730e-02,2.75542793e+05,1.59327783e-02,1.49040145e+05,1.76999146e-02
2.92525865e+05,3.41205897e+05,1.56449894e-02,2.76413136e+05,1.59237364e-02,1.49510911e+05,1.76898699e-02
2.93449853e+05,3.42283648e+05,1.56361109e-02,2.77286229e+05,1.59146997e-02,1.49983164e+05,1.76798309e-02
2.94376758e+05,3.43364802e+05,1.56272374e-02,2.78162079e+05,1.59056681e-02,1.50456908e+05,1.76697976e-02
2.95306592e+05,3.44449372e+05,1.56183689e-02,2.79040696e+05,1.58966416e-02,1.50932149e+05,1.76597699e-02
2.96239362e+05,3.45537367e+05,1.56095055e-02,2.79922088e+05,1.58876203e-02,1.51408891e+05,1.76497480e-02
2.97175079e+05,3.46628799e+05,1.56006471e-02,2.80806264e+05,1.58786041e-02,1.51887139e+05,1.76397318e-02
2.98113751e+05,3.47723678e+05,1.55917937e-02,2.81693233e+05,1.58695929e-02,1.52366898e+05,1.76297212e-02
2.99055388e+05,3.48822016e+05,1.55829454e-02,2.82583004e+05,1.58605870e-02,1.52848171e+05,1.76197164e-02
3.00000000e+05,3.49923823e+05,1.55741021e-02,2.83475585e+05,1.58515861e-02,1.53330965e+05,1.76097172e-02
