Re_bundle,Re_center,ff_center,Re_edge,ff_edge,Re_corner,ff_corner
1.00000000e+00,7.97300590e-01,1.06746417e+02,1.52157565e+00,6.53830966e+01,7.87337121e-01,1.21879401e+02
1.00315865e+00,7.99818984e-01,1.06410304e+02,1.52638178e+00,6.51772245e+01,7.89824044e-01,1.21495639e+02
1.00632728e+00,8.02345333e-01,1.06075250e+02,1.53120309e+00,6.49720007e+01,7.92318823e-01,1.21113085e+02
1.00950592e+00,8.04879662e-01,1.05741250e+02,1.53603962e+00,6.47674230e+01,7.94821481e-01,1.20731735e+02
1.01269459e+00,8.07421996e-01,1.05408302e+02,1.54089144e+00,6.45634895e+01,7.97332045e-01,1.20351587e+02
1.01589334e+00,8.09972360e-01,1.05076402e+02,1.54575857e+00,6.43601981e+01,7.99850538e-01,1.19972635e+02
1.01910219e+00,8.12530780e-01,1.04745548e+02,1.55064109e+00,6.41575468e+01,8.02376987e-01,1.19594877e+02
1.02232118e+00,8.15097281e-01,1.04415735e+02,1.55553902e+00,6.39555336e+01,8.04911416e-01,1.19218308e+02
1.02555034e+00,8.17671889e-01,1.04086961e+02,1.56045242e+00,6.37541564e+01,8.07453850e-01,1.18842924e+02
1.02878969e+00,8.20254629e-01,1.03759221e+02,1.56538135e+00,6.35534134e+01,8.10004315e-01,1.18468723e+02
1.03203928e+00,8.22845527e-01,1.03432514e+02,1.57032584e+00,6.33533024e+01,8.12562836e-01,1.18095700e+02
1.03529913e+00,8.25444609e-01,1.03106836e+02,1.57528595e+00,6.31538216e+01,8.15129438e-01,1.17723851e+02
1.03856928e+00,8.28051900e-01,1.02782183e+02,1.58026173e+00,6.29549688e+01,8.17704147e-01,1.17353174e+02
1.04184976e+00,8.30667427e-01,1.02458552e+02,1.58525323e+00,6.27567421e+01,8.20286989e-01,1.16983663e+02
1.04514060e+00,8.33291215e-01,1.02135940e+02,1.59026049e+00,6.25591397e+01,8.22877990e-01,1.16615316e+02
1.04844183e+00,8.35923291e-01,1.01814344e+02,1.59528357e+00,6.23621594e+01,8.25477174e-01,1.16248129e+02
1.05175349e+00,8.38563681e-01,1.01493761e+02,1.60032251e+00,6.21657993e+01,8.28084568e-01,1.15882098e+02
1.05507562e+00,8.41212411e-01,1.01174187e+02,1.60537737e+00,6.19700575e+01,8.30700198e-01,1.15517219e+02
1.05840823e+00,8.43869507e-01,1.00855619e+02,1.61044820e+00,6.17749321e+01,8.33324090e-01,1.15153489e+02
1.06175137e+00,8.46534997e-01,1.00538054e+02,1.61553504e+00,6.15804210e+01,8.35956270e-01,1.14790905e+02
1.06510508e+00,8.49208905e-01,1.00221490e+02,1.62063795e+00,6.13865224e+01,8.38596764e-01,1.14429462e+02
1.06846937e+00,8.51891260e-01,9.99059219e+01,1.62575698e+00,6.11932344e+01,8.41245598e-01,1.14069158e+02
1.07184429e+00,8.54582087e-01,9.95913476e+01,1.63089218e+00,6.10005549e+01,8.43902800e-01,1.13709987e+02
1.07522987e+00,8.57281413e-01,9.92777638e+01,1.63604360e+00,6.08084821e+01,8.46568394e-01,1.13351948e+02
1.07862615e+00,8.59989266e-01,9.89651673e+01,1.64121129e+00,6.06170142e+01,8.49242408e-01,1.12995036e+02
1.08203315e+00,8.62705672e-01,9.86535552e+01,1.64639530e+00,6.04261491e+01,8.51924868e-01,1.12639248e+02
1.08545092e+00,8.65430658e-01,9.83429242e+01,1.65159569e+00,6.02358849e+01,8.54615802e-01,1.12284580e+02
1.08887948e+00,8.68164251e-01,9.80332714e+01,1.65681251e+00,6.00462199e+01,8.57315235e-01,1.11931029e+02
1.09231887e+00,8.70906479e-01,9.77245935e+01,1.66204580e+00,5.98571520e+01,8.60023194e-01,1.11578592e+02
1.09576912e+00,8.73657369e-01,9.74168875e+01,1.66729562e+00,5.96686795e+01,8.62739707e-01,1.11227264e+02
1.09923028e+00,8.76416947e-01,9.71101505e+01,1.67256202e+00,5.94808004e+01,8.65464801e-01,1.10877042e+02
1.10270236e+00,8.79185242e-01,9.68043792e+01,1.67784506e+00,5.92935129e+01,8.68198502e-01,1.10527923e+02
1.10618541e+00,8.81962282e-01,9.64995708e+01,1.68314479e+00,5.91068151e+01,8.70940838e-01,1.10179903e+02
1.10967947e+00,8.84748093e-01,9.61957221e+01,1.68846126e+00,5.89207052e+01,8.73691836e-01,1.09832979e+02
1.11318456e+00,8.87542703e-01,9.58928301e+01,1.69379452e+00,5.87351812e+01,8.76451524e-01,1.09487147e+02
1.11670072e+00,8.90346141e-01,9.55908918e+01,1.69914462e+00,5.85502415e+01,8.79219928e-01,1.09142404e+02
1.12022799e+00,8.93158433e-01,9.52899043e+01,1.70451163e+00,5.83658840e+01,8.81997077e-01,1.08798747e+02
1.12376639e+00,8.95979609e-01,9.49898645e+01,1.70989559e+00,5.81821070e+01,8.84782998e-01,1.08456172e+02
1.12731598e+00,8.98809696e-01,9.46907694e+01,1.71529655e+00,5.79989087e+01,8.87577718e-01,1.08114675e+02
1.13087678e+00,9.01648722e-01,9.43926161e+01,1.72071457e+00,5.78162873e+01,8.90381266e-01,1.07774254e+02
1.13444882e+00,9.04496715e-01,9.40954015e+01,1.72614971e+00,5.76342408e+01,8.93193670e-01,1.07434905e+02
1.13803215e+00,9.07353705e-01,9.37991229e+01,1.73160201e+00,5.74527676e+01,8.96014957e-01,1.07096624e+02
1.14162680e+00,9.10219718e-01,9.35037771e+01,1.73707154e+00,5.72718657e+01,8.98845155e-01,1.06759408e+02
1.14523280e+00,9.13094785e-01,9.32093612e+01,1.74255834e+00,5.70915335e+01,9.01684294e-01,1.06423254e+02
1.14885019e+00,9.15978932e-01,9.29158724e+01,1.74806248e+00,5.69117691e+01,9.04532399e-01,1.06088159e+02
1.15247900e+00,9.18872190e-01,9.26233077e+01,1.75358399e+00,5.67325707e+01,9.07389502e-01,1.05754118e+02
1.15611928e+00,9.21774587e-01,9.23316642e+01,1.75912295e+00,5.65539366e+01,9.10255628e-01,1.05421130e+02
1.15977106e+00,9.24686151e-01,9.20409390e+01,1.76467941e+00,5.63758649e+01,9.13130808e-01,1.05089190e+02
1.16343437e+00,9.27606912e-01,9.17511292e+01,1.77025342e+00,5.61983539e+01,9.16015069e-01,1.04758295e+02
1.16710926e+00,9.30536898e-01,9.14622320e+01,1.77584503e+00,5.60214019e+01,9.18908441e-01,1.04428442e+02
1.17079575e+00,9.33476139e-01,9.11742444e+01,1.78145430e+00,5.58450070e+01,9.21810952e-01,1.04099628e+02
1.17449388e+00,9.36424664e-01,9.08871635e+01,1.78708129e+00,5.56691675e+01,9.24722631e-01,1.03771848e+02
1.17820370e+00,9.39382503e-01,9.06009867e+01,1.79272606e+00,5.54938817e+01,9.27643507e-01,1.03445101e+02
1.18192523e+00,9.42349684e-01,9.03157109e+01,1.79838866e+00,5.53191478e+01,9.30573609e-01,1.03119383e+02
1.18565852e+00,9.45326238e-01,9.00313333e+01,1.80406914e+00,5.51449642e+01,9.33512967e-01,1.02794691e+02
1.18940360e+00,9.48312194e-01,8.97478512e+01,1.80976756e+00,5.49713289e+01,9.36461608e-01,1.02471021e+02
1.19316051e+00,9.51307581e-01,8.94652616e+01,1.81548399e+00,5.47982404e+01,9.39419563e-01,1.02148370e+02
1.19692929e+00,9.54312429e-01,8.91835619e+01,1.82121847e+00,5.46256969e+01,9.42386862e-01,1.01826734e+02
1.20070997e+00,9.57326769e-01,8.89027492e+01,1.82697106e+00,5.44536967e+01,9.45363533e-01,1.01506112e+02
1.20450260e+00,9.60350630e-01,8.86228206e+01,1.83274182e+00,5.42822380e+01,9.48349606e-01,1.01186499e+02
1.20830720e+00,9.63384043e-01,8.83437735e+01,1.83853082e+00,5.41113193e+01,9.51345112e-01,1.00867893e+02
1.21212382e+00,9.66427037e-01,8.80656050e+01,1.84433809e+00,5.39409387e+01,9.54350079e-01,1.00550290e+02
1.21595250e+00,9.69479642e-01,8.77883123e+01,1.85016371e+00,5.37710946e+01,9.57364538e-01,1.00233686e+02
1.21979327e+00,9.72541890e-01,8.75118928e+01,1.85600773e+00,5.36017852e+01,9.60388518e-01,9.99180800e+01
1.22364617e+00,9.75613810e-01,8.72363436e+01,1.86187022e+00,5.34330090e+01,9.63422050e-01,9.96034674e+01
1.22751124e+00,9.78695434e-01,8.69616621e+01,1.86775121e+00,5.32647642e+01,9.66465164e-01,9.92898455e+01
1.23138852e+00,9.81786791e-01,8.66878455e+01,1.87365079e+00,5.30970492e+01,9.69517890e-01,9.89772110e+01
1.23527804e+00,9.84887913e-01,8.64148910e+01,1.87956900e+00,5.29298622e+01,9.72580259e-01,9.86655609e+01
1.23917986e+00,9.87998830e-01,8.61427960e+01,1.88550590e+00,5.27632017e+01,9.75652300e-01,9.83548922e+01
1.24309399e+00,9.91119573e-01,8.58715577e+01,1.89146155e+00,5.25970659e+01,9.78734045e-01,9.80452016e+01
1.24702049e+00,9.94250174e-01,8.56011735e+01,1.89743602e+00,5.24314532e+01,9.81825524e-01,9.77364862e+01
1.25095939e+00,9.97390663e-01,8.53316406e+01,1.90342936e+00,5.22663621e+01,9.84926768e-01,9.74287428e+01
1.25491074e+00,1.00054107e+00,8.50629564e+01,1.90944163e+00,5.21017907e+01,9.88037808e-01,9.71219684e+01
1.25887456e+00,1.00370143e+00,8.47951182e+01,1.91547289e+00,5.19377375e+01,9.91158675e-01,9.68161599e+01
1.26285091e+00,1.00687177e+00,8.45281234e+01,1.92152320e+00,5.17742009e+01,9.94289399e-01,9.65113144e+01
1.26683981e+00,1.01005213e+00,8.42619693e+01,1.92759262e+00,5.16111792e+01,9.97430012e-01,9.62074287e+01
1.27084132e+00,1.01324253e+00,8.39966532e+01,1.93368121e+00,5.14486708e+01,1.00058055e+00,9.59044999e+01
1.27485546e+00,1.01644301e+00,8.37321725e+01,1.93978903e+00,5.12866741e+01,1.00374103e+00,9.56025248e+01
1.27888229e+00,1.01965360e+00,8.34685245e+01,1.94591615e+00,5.11251875e+01,1.00691150e+00,9.53015007e+01
1.28292183e+00,1.02287433e+00,8.32057067e+01,1.95206262e+00,5.09642093e+01,1.01009198e+00,9.50014243e+01
1.28697413e+00,1.02610523e+00,8.29437165e+01,1.95822850e+00,5.08037380e+01,1.01328251e+00,9.47022929e+01
1.29103923e+00,1.02934634e+00,8.26825512e+01,1.96441386e+00,5.06437720e+01,1.01648311e+00,9.44041032e+01
1.29511718e+00,1.03259769e+00,8.24222082e+01,1.97061876e+00,5.04843097e+01,1.01969383e+00,9.41068526e+01
1.29920800e+00,1.03585930e+00,8.21626850e+01,1.97684326e+00,5.03253495e+01,1.02291469e+00,9.38105378e+01
1.30331174e+00,1.03913122e+00,8.19039789e+01,1.98308742e+00,5.01668898e+01,1.02614572e+00,9.35151561e+01
1.30742845e+00,1.04241347e+00,8.16460874e+01,1.98935130e+00,5.00089291e+01,1.02938695e+00,9.32207044e+01
1.31155816e+00,1.04570609e+00,8.13890079e+01,1.99563496e+00,4.98514657e+01,1.03263843e+00,9.29271799e+01
1.31570091e+00,1.04900912e+00,8.11327379e+01,2.00193848e+00,4.96944981e+01,1.03590017e+00,9.26345796e+01
1.31985675e+00,1.05232257e+00,8.08772749e+01,2.00826190e+00,4.95380248e+01,1.03917222e+00,9.23429006e+01
1.32402572e+00,1.05564649e+00,8.06226162e+01,2.01460530e+00,4.93820442e+01,1.04245460e+00,9.20521400e+01
1.32820786e+00,1.05898091e+00,8.03687593e+01,2.02096874e+00,4.92265547e+01,1.04574735e+00,9.17622950e+01
1.33240320e+00,1.06232586e+00,8.01157018e+01,2.02735227e+00,4.90715548e+01,1.04905050e+00,9.14733626e+01
1.33661180e+00,1.06568137e+00,7.98634410e+01,2.03375597e+00,4.89170429e+01,1.05236408e+00,9.11853399e+01
1.34083369e+00,1.06904749e+00,7.96119746e+01,2.04017989e+00,4.87630175e+01,1.05568814e+00,9.08982241e+01
1.34506891e+00,1.07242424e+00,7.93613000e+01,2.04662411e+00,4.86094772e+01,1.05902269e+00,9.06120124e+01
1.34931752e+00,1.07581165e+00,7.91114146e+01,2.05308868e+00,4.84564203e+01,1.06236777e+00,9.03267019e+01
1.35357954e+00,1.07920977e+00,7.88623161e+01,2.05957367e+00,4.83038453e+01,1.06572342e+00,9.00422897e+01
1.35785502e+00,1.08261861e+00,7.86140019e+01,2.06607915e+00,4.81517507e+01,1.06908967e+00,8.97587731e+01
1.36214401e+00,1.08603823e+00,7.83664696e+01,2.07260517e+00,4.80001350e+01,1.07246655e+00,8.94761492e+01
1.36644655e+00,1.08946864e+00,7.81197167e+01,2.07915181e+00,4.78489968e+01,1.07585409e+00,8.91944152e+01
1.37076268e+00,1.09290989e+00,7.78737407e+01,2.08571912e+00,4.76983344e+01,1.07925234e+00,8.89135682e+01
1.37509244e+00,1.09636201e+00,7.76285392e+01,2.09230718e+00,4.75481464e+01,1.08266132e+00,8.86336056e+01
1.37943588e+00,1.09982504e+00,7.73841099e+01,2.09891605e+00,4.73984313e+01,1.08608107e+00,8.83545245e+01
1.38379303e+00,1.10329900e+00,7.71404501e+01,2.10554579e+00,4.72491876e+01,1.08951162e+00,8.80763222e+01
1.38816395e+00,1.10678394e+00,7.68975576e+01,2.11219647e+00,4.71004138e+01,1.09295301e+00,8.77989958e+01
1.39254868e+00,1.11027988e+00,7.66554298e+01,2.11886817e+00,4.69521085e+01,1.09640527e+00,8.75225426e+01
1.39694725e+00,1.11378687e+00,7.64140645e+01,2.12556093e+00,4.68042701e+01,1.09986843e+00,8.72469599e+01
1.40135972e+00,1.11730493e+00,7.61734591e+01,2.13227483e+00,4.66568973e+01,1.10334253e+00,8.69722450e+01
1.40578613e+00,1.12083411e+00,7.59336113e+01,2.13900995e+00,4.65099885e+01,1.10682760e+00,8.66983950e+01
1.41022652e+00,1.12437443e+00,7.56945188e+01,2.14576633e+00,4.63635422e+01,1.11032369e+00,8.64254073e+01
1.41468093e+00,1.12792594e+00,7.54561790e+01,2.15254406e+00,4.62175571e+01,1.11383081e+00,8.61532792e+01
1.41914941e+00,1.13148866e+00,7.52185898e+01,2.15934319e+00,4.60720316e+01,1.11734901e+00,8.58820079e+01
1.42363201e+00,1.13506264e+00,7.49817486e+01,2.16616381e+00,4.59269644e+01,1.12087833e+00,8.56115908e+01
1.42812877e+00,1.13864791e+00,7.47456532e+01,2.17300596e+00,4.57823539e+01,1.12441879e+00,8.53420251e+01
1.43263973e+00,1.14224450e+00,7.45103011e+01,2.17986973e+00,4.56381988e+01,1.12797044e+00,8.50733082e+01
1.43716494e+00,1.14585245e+00,7.42756902e+01,2.18675518e+00,4.54944975e+01,1.13153330e+00,8.48054375e+01
1.44170444e+00,1.14947180e+00,7.40418179e+01,2.19366237e+00,4.53512488e+01,1.13510742e+00,8.45384101e+01
1.44625828e+00,1.15310258e+00,7.38086820e+01,2.20059139e+00,4.52084511e+01,1.13869283e+00,8.42722236e+01
1.45082650e+00,1.15674483e+00,7.35762803e+01,2.20754229e+00,4.50661030e+01,1.14228956e+00,8.40068752e+01
1.45540916e+00,1.16039858e+00,7.33446102e+01,2.21451514e+00,4.49242031e+01,1.14589766e+00,8.37423623e+01
1.46000629e+00,1.16406387e+00,7.31136697e+01,2.22151002e+00,4.47827500e+01,1.14951715e+00,8.34786823e+01
1.46461794e+00,1.16774075e+00,7.28834563e+01,2.22852700e+00,4.46417423e+01,1.15314807e+00,8.32158325e+01
1.46924416e+00,1.17142923e+00,7.26539678e+01,2.23556614e+00,4.45011787e+01,1.15679046e+00,8.29538104e+01
1.47388498e+00,1.17512937e+00,7.24252018e+01,2.24262751e+00,4.43610576e+01,1.16044436e+00,8.26926133e+01
1.47854047e+00,1.17884119e+00,7.21971562e+01,2.24971119e+00,4.42213777e+01,1.16410980e+00,8.24322386e+01
1.48321067e+00,1.18256474e+00,7.19698287e+01,2.25681724e+00,4.40821376e+01,1.16778682e+00,8.21726838e+01
1.48789561e+00,1.18630005e+00,7.17432169e+01,2.26394574e+00,4.39433359e+01,1.17147545e+00,8.19139463e+01
1.49259535e+00,1.19004716e+00,7.15173186e+01,2.27109675e+00,4.38049713e+01,1.17517573e+00,8.16560234e+01
1.49730994e+00,1.19380610e+00,7.12921317e+01,2.27827035e+00,4.36670424e+01,1.17888770e+00,8.13989126e+01
1.50203942e+00,1.19757692e+00,7.10676538e+01,2.28546661e+00,4.35295477e+01,1.18261139e+00,8.11426114e+01
1.50678384e+00,1.20135964e+00,7.08438827e+01,2.29268560e+00,4.33924860e+01,1.18634685e+00,8.08871173e+01
1.51154324e+00,1.20515432e+00,7.06208162e+01,2.29992740e+00,4.32558559e+01,1.19009411e+00,8.06324276e+01
1.51631768e+00,1.20896098e+00,7.03984520e+01,2.30719206e+00,4.31196559e+01,1.19385320e+00,8.03785398e+01
1.52110720e+00,1.21277967e+00,7.01767881e+01,2.31447968e+00,4.29838848e+01,1.19762416e+00,8.01254515e+01
1.52591185e+00,1.21661041e+00,6.99558220e+01,2.32179031e+00,4.28485412e+01,1.20140704e+00,7.98731601e+01
1.53073167e+00,1.22045326e+00,6.97355518e+01,2.32912404e+00,4.27136238e+01,1.20520186e+00,7.96216630e+01
1.53556672e+00,1.22430825e+00,6.95159751e+01,2.33648093e+00,4.25791312e+01,1.20900868e+00,7.93709579e+01
1.54041703e+00,1.22817541e+00,6.92970898e+01,2.34386106e+00,4.24450621e+01,1.21282751e+00,7.91210421e+01
1.54528267e+00,1.23205479e+00,6.90788936e+01,2.35126449e+00,4.23114151e+01,1.21665841e+00,7.88719133e+01
1.55016368e+00,1.23594642e+00,6.88613846e+01,2.35869132e+00,4.21781889e+01,1.22050141e+00,7.86235689e+01
1.55506011e+00,1.23985034e+00,6.86445604e+01,2.36614160e+00,4.20453822e+01,1.22435655e+00,7.83760064e+01
1.55997200e+00,1.24376660e+00,6.84284189e+01,2.37361542e+00,4.19129937e+01,1.22822386e+00,7.81292235e+01
1.56489941e+00,1.24769522e+00,6.82129580e+01,2.38111284e+00,4.17810220e+01,1.23210339e+00,7.78832176e+01
1.56984238e+00,1.25163625e+00,6.79981755e+01,2.38863394e+00,4.16494659e+01,1.23599518e+00,7.76379863e+01
1.57480096e+00,1.25558974e+00,6.77840692e+01,2.39617880e+00,4.15183240e+01,1.23989926e+00,7.73935272e+01
1.57977521e+00,1.25955571e+00,6.75706372e+01,2.40374750e+00,4.13875951e+01,1.24381566e+00,7.71498378e+01
1.58476517e+00,1.26353420e+00,6.73578772e+01,2.41134009e+00,4.12572777e+01,1.24774444e+00,7.69069157e+01
1.58977089e+00,1.26752527e+00,6.71457871e+01,2.41895668e+00,4.11273707e+01,1.25168563e+00,7.66647585e+01
1.59479242e+00,1.27152894e+00,6.69343648e+01,2.42659732e+00,4.09978727e+01,1.25563927e+00,7.64233637e+01
1.59982981e+00,1.27554525e+00,6.67236082e+01,2.43426209e+00,4.08687825e+01,1.25960540e+00,7.61827291e+01
1.60488312e+00,1.27957425e+00,6.65135152e+01,2.44195107e+00,4.07400988e+01,1.26358405e+00,7.59428521e+01
1.60995238e+00,1.28361598e+00,6.63040838e+01,2.44966434e+00,4.06118202e+01,1.26757527e+00,7.57037305e+01
1.61503766e+00,1.28767048e+00,6.60953117e+01,2.45740198e+00,4.04839456e+01,1.27157910e+00,7.54653617e+01
1.62013900e+00,1.29173778e+00,6.58871971e+01,2.46516405e+00,4.03564736e+01,1.27559557e+00,7.52277436e+01
1.62525645e+00,1.29581793e+00,6.56797377e+01,2.47295065e+00,4.02294029e+01,1.27962474e+00,7.49908736e+01
1.63039007e+00,1.29991096e+00,6.54729316e+01,2.48076183e+00,4.01027324e+01,1.28366662e+00,7.47547494e+01
1.63553990e+00,1.30401693e+00,6.52667766e+01,2.48859770e+00,3.99764607e+01,1.28772128e+00,7.45193687e+01
1.64070600e+00,1.30813586e+00,6.50612708e+01,2.49645831e+00,3.98505866e+01,1.29178874e+00,7.42847292e+01
1.64588842e+00,1.31226781e+00,6.48564120e+01,2.50434375e+00,3.97251089e+01,1.29586905e+00,7.40508285e+01
1.65108721e+00,1.31641280e+00,6.46521983e+01,2.51225410e+00,3.96000262e+01,1.29996225e+00,7.38176643e+01
1.65630242e+00,1.32057089e+00,6.44486276e+01,2.52018943e+00,3.94753374e+01,1.30406837e+00,7.35852342e+01
1.66153410e+00,1.32474211e+00,6.42456978e+01,2.52814983e+00,3.93510412e+01,1.30818747e+00,7.33535360e+01
1.66678230e+00,1.32892651e+00,6.40434071e+01,2.53613537e+00,3.92271364e+01,1.31231958e+00,7.31225673e+01
1.67204709e+00,1.33312413e+00,6.38417533e+01,2.54414614e+00,3.91036217e+01,1.31646474e+00,7.28923259e+01
1.67732850e+00,1.33733500e+00,6.36407344e+01,2.55218221e+00,3.89804959e+01,1.32062299e+00,7.26628094e+01
1.68262659e+00,1.34155918e+00,6.34403485e+01,2.56024366e+00,3.88577578e+01,1.32479438e+00,7.24340157e+01
1.68794142e+00,1.34579669e+00,6.32405935e+01,2.56833057e+00,3.87354062e+01,1.32897894e+00,7.22059423e+01
1.69327304e+00,1.35004759e+00,6.30414675e+01,2.57644303e+00,3.86134398e+01,1.33317672e+00,7.19785871e+01
1.69862150e+00,1.35431192e+00,6.28429685e+01,2.58458112e+00,3.84918574e+01,1.33738776e+00,7.17519477e+01
1.70398685e+00,1.35858972e+00,6.26450946e+01,2.59274491e+00,3.83706579e+01,1.34161210e+00,7.15260220e+01
1.70936915e+00,1.36288103e+00,6.24478436e+01,2.60093448e+00,3.82498400e+01,1.34584979e+00,7.13008076e+01
1.71476845e+00,1.36718590e+00,6.22512138e+01,2.60914993e+00,3.81294026e+01,1.35010086e+00,7.10763024e+01
1.72018481e+00,1.37150436e+00,6.20552030e+01,2.61739132e+00,3.80093443e+01,1.35436535e+00,7.08525041e+01
1.72561827e+00,1.37583647e+00,6.18598095e+01,2.62565875e+00,3.78896641e+01,1.35864332e+00,7.06294104e+01
1.73106890e+00,1.38018225e+00,6.16650312e+01,2.63395229e+00,3.77703607e+01,1.36293480e+00,7.04070192e+01
1.73653674e+00,1.38454177e+00,6.14708662e+01,2.64227202e+00,3.76514330e+01,1.36723984e+00,7.01853283e+01
1.74202185e+00,1.38891505e+00,6.12773125e+01,2.65061804e+00,3.75328797e+01,1.37155847e+00,6.99643354e+01
1.74752429e+00,1.39330215e+00,6.10843683e+01,2.65899041e+00,3.74146997e+01,1.37589074e+00,6.97440383e+01
1.75304411e+00,1.39770310e+00,6.08920317e+01,2.66738924e+00,3.72968919e+01,1.38023670e+00,6.95244349e+01
1.75858136e+00,1.40211796e+00,6.07003006e+01,2.67581459e+00,3.71794550e+01,1.38459639e+00,6.93055229e+01
1.76413611e+00,1.40654676e+00,6.05091733e+01,2.68426655e+00,3.70623878e+01,1.38896985e+00,6.90873003e+01
1.76970840e+00,1.41098955e+00,6.03186477e+01,2.69274521e+00,3.69456893e+01,1.39335712e+00,6.88697647e+01
1.77529829e+00,1.41544637e+00,6.01287221e+01,2.70125066e+00,3.68293582e+01,1.39775825e+00,6.86529141e+01
1.78090584e+00,1.41991728e+00,5.99393944e+01,2.70978296e+00,3.67133934e+01,1.40217328e+00,6.84367463e+01
1.78653110e+00,1.42440230e+00,5.97506630e+01,2.71834222e+00,3.65977937e+01,1.40660225e+00,6.82212592e+01
1.79217413e+00,1.42890149e+00,5.95625257e+01,2.72692852e+00,3.64825581e+01,1.41104522e+00,6.80064506e+01
1.79783498e+00,1.43341489e+00,5.93749809e+01,2.73554193e+00,3.63676853e+01,1.41550222e+00,6.77923183e+01
1.80351371e+00,1.43794255e+00,5.91880266e+01,2.74418255e+00,3.62531741e+01,1.41997329e+00,6.75788603e+01
1.80921038e+00,1.44248450e+00,5.90016609e+01,2.75285047e+00,3.61390236e+01,1.42445849e+00,6.73660743e+01
1.81492505e+00,1.44704081e+00,5.88158821e+01,2.76154576e+00,3.60252324e+01,1.42895786e+00,6.71539584e+01
1.82065776e+00,1.45161151e+00,5.86306882e+01,2.77026852e+00,3.59117996e+01,1.43347144e+00,6.69425104e+01
1.82640858e+00,1.45619664e+00,5.84460775e+01,2.77901883e+00,3.57987239e+01,1.43799928e+00,6.67317282e+01
1.83217757e+00,1.46079626e+00,5.82620480e+01,2.78779678e+00,3.56860043e+01,1.44254141e+00,6.65216096e+01
1.83796478e+00,1.46541040e+00,5.80785980e+01,2.79660246e+00,3.55736396e+01,1.44709790e+00,6.63121527e+01
1.84377027e+00,1.47003912e+00,5.78957256e+01,2.80543595e+00,3.54616287e+01,1.45166878e+00,6.61033553e+01
1.84959410e+00,1.47468246e+00,5.77134290e+01,2.81429734e+00,3.53499705e+01,1.45625409e+00,6.58952153e+01
1.85543632e+00,1.47934047e+00,5.75317064e+01,2.82318673e+00,3.52386638e+01,1.46085389e+00,6.56877307e+01
1.86129699e+00,1.48401319e+00,5.73505560e+01,2.83210419e+00,3.51277077e+01,1.46546822e+00,6.54808994e+01
1.86717618e+00,1.48870067e+00,5.71699760e+01,2.84104982e+00,3.50171009e+01,1.47009712e+00,6.52747193e+01
1.87307394e+00,1.49340296e+00,5.69899646e+01,2.85002370e+00,3.49068423e+01,1.47474064e+00,6.50691885e+01
1.87899032e+00,1.49812009e+00,5.68105200e+01,2.85902593e+00,3.47969310e+01,1.47939883e+00,6.48643048e+01
1.88492540e+00,1.50285213e+00,5.66316405e+01,2.86805660e+00,3.46873657e+01,1.48407174e+00,6.46600662e+01
1.89087922e+00,1.50759912e+00,5.64533241e+01,2.87711578e+00,3.45781454e+01,1.48875940e+00,6.44564707e+01
1.89685185e+00,1.51236110e+00,5.62755692e+01,2.88620359e+00,3.44692690e+01,1.49346187e+00,6.42535163e+01
1.90284334e+00,1.51713812e+00,5.60983741e+01,2.89532010e+00,3.43607355e+01,1.49817920e+00,6.40512009e+01
1.90885376e+00,1.52193023e+00,5.59217368e+01,2.90446540e+00,3.42525436e+01,1.50291142e+00,6.38495225e+01
1.91488316e+00,1.52673747e+00,5.57456557e+01,2.91363960e+00,3.41446925e+01,1.50765860e+00,6.36484792e+01
1.92093161e+00,1.53155990e+00,5.55701291e+01,2.92284277e+00,3.40371809e+01,1.51242076e+00,6.34480689e+01
1.92699916e+00,1.53639757e+00,5.53951551e+01,2.93207501e+00,3.39300078e+01,1.51719797e+00,6.32482896e+01
1.93308588e+00,1.54125051e+00,5.52207321e+01,2.94133641e+00,3.38231722e+01,1.52199027e+00,6.30491394e+01
1.93919182e+00,1.54611878e+00,5.50468583e+01,2.95062706e+00,3.37166730e+01,1.52679771e+00,6.28506163e+01
1.94531705e+00,1.55100243e+00,5.48735320e+01,2.95994706e+00,3.36105092e+01,1.53162033e+00,6.26527182e+01
1.95146163e+00,1.55590151e+00,5.47007514e+01,2.96929650e+00,3.35046796e+01,1.53645818e+00,6.24554433e+01
1.95762562e+00,1.56081606e+00,5.45285149e+01,2.97867547e+00,3.33991832e+01,1.54131132e+00,6.22587895e+01
1.96380907e+00,1.56574613e+00,5.43568206e+01,2.98808407e+00,3.32940190e+01,1.54617978e+00,6.20627549e+01
1.97001206e+00,1.57069178e+00,5.41856670e+01,2.99752239e+00,3.31891860e+01,1.55106362e+00,6.18673376e+01
1.97623464e+00,1.57565304e+00,5.40150523e+01,3.00699051e+00,3.30846830e+01,1.55596289e+00,6.16725356e+01
1.98247687e+00,1.58062998e+00,5.38449749e+01,3.01648855e+00,3.29805091e+01,1.56087764e+00,6.14783469e+01
1.98873883e+00,1.58562264e+00,5.36754329e+01,3.02601658e+00,3.28766632e+01,1.56580790e+00,6.12847697e+01
1.99502056e+00,1.59063107e+00,5.35064248e+01,3.03557471e+00,3.27731443e+01,1.57075374e+00,6.10918021e+01
2.00132213e+00,1.59565532e+00,5.33379488e+01,3.04516303e+00,3.26699513e+01,1.57571521e+00,6.08994420e+01
2.00764361e+00,1.60069543e+00,5.31700033e+01,3.05478164e+00,3.25670833e+01,1.58069234e+00,6.07076876e+01
2.01398506e+00,1.60575147e+00,5.30025867e+01,3.06443063e+00,3.24645391e+01,1.58568520e+00,6.05165370e+01
2.02034653e+00,1.61082348e+00,5.28356972e+01,3.07411009e+00,3.23623179e+01,1.59069382e+00,6.03259882e+01
2.02672810e+00,1.61591151e+00,5.26693331e+01,3.08382013e+00,3.22604185e+01,1.59571827e+00,6.01360395e+01
2.03312983e+00,1.62101561e+00,5.25034929e+01,3.09356085e+00,3.21588399e+01,1.60075859e+00,5.99466888e+01
2.03955178e+00,1.62613583e+00,5.23381749e+01,3.10333232e+00,3.20575812e+01,1.60581482e+00,5.97579344e+01
2.04599401e+00,1.63127223e+00,5.21733774e+01,3.11313467e+00,3.19566413e+01,1.61088703e+00,5.95697742e+01
2.05245659e+00,1.63642485e+00,5.20090988e+01,3.12296797e+00,3.18560193e+01,1.61597526e+00,5.93822066e+01
2.05893958e+00,1.64159374e+00,5.18453375e+01,3.13283234e+00,3.17557141e+01,1.62107956e+00,5.91952295e+01
2.06544305e+00,1.64677896e+00,5.16820918e+01,3.14272786e+00,3.16557247e+01,1.62619999e+00,5.90088412e+01
2.07196707e+00,1.65198056e+00,5.15193601e+01,3.15265464e+00,3.15560501e+01,1.63133659e+00,5.88230397e+01
2.07851169e+00,1.65719859e+00,5.13571409e+01,3.16261278e+00,3.14566894e+01,1.63648941e+00,5.86378233e+01
2.08507698e+00,1.66243311e+00,5.11954324e+01,3.17260237e+00,3.13576416e+01,1.64165851e+00,5.84531901e+01
2.09166301e+00,1.66768415e+00,5.10342330e+01,3.18262351e+00,3.12589056e+01,1.64684393e+00,5.82691382e+01
2.09826984e+00,1.67295178e+00,5.08735413e+01,3.19267631e+00,3.11604805e+01,1.65204574e+00,5.80856659e+01
2.10489755e+00,1.67823605e+00,5.07133555e+01,3.20276086e+00,3.10623654e+01,1.65726397e+00,5.79027712e+01
2.11154618e+00,1.68353702e+00,5.05536741e+01,3.21287726e+00,3.09645591e+01,1.66249869e+00,5.77204525e+01
2.11821582e+00,1.68885472e+00,5.03944955e+01,3.22302562e+00,3.08670609e+01,1.66774995e+00,5.75387078e+01
2.12490652e+00,1.69418922e+00,5.02358180e+01,3.23320603e+00,3.07698696e+01,1.67301779e+00,5.73575354e+01
2.13161836e+00,1.69954058e+00,5.00776403e+01,3.24341860e+00,3.06729843e+01,1.67830226e+00,5.71769334e+01
2.13835140e+00,1.70490883e+00,4.99199605e+01,3.25366343e+00,3.05764042e+01,1.68360344e+00,5.69969001e+01
2.14510571e+00,1.71029404e+00,4.97627773e+01,3.26394062e+00,3.04801281e+01,1.68892135e+00,5.68174336e+01
2.15188135e+00,1.71569627e+00,4.96060890e+01,3.27425026e+00,3.03841551e+01,1.69425606e+00,5.66385323e+01
2.15867839e+00,1.72111555e+00,4.94498940e+01,3.28459248e+00,3.02884844e+01,1.69960763e+00,5.64601942e+01
2.16549690e+00,1.72655196e+00,4.92941909e+01,3.29496736e+00,3.01931149e+01,1.70497609e+00,5.62824177e+01
2.17233695e+00,1.73200553e+00,4.91389780e+01,3.30537501e+00,3.00980457e+01,1.71036152e+00,5.61052010e+01
2.17919860e+00,1.73747633e+00,4.89842538e+01,3.31581554e+00,3.00032758e+01,1.71576395e+00,5.59285422e+01
2.18608193e+00,1.74296441e+00,4.88300169e+01,3.32628904e+00,2.99088043e+01,1.72118345e+00,5.57524398e+01
2.19298700e+00,1.74846983e+00,4.86762655e+01,3.33679563e+00,2.98146303e+01,1.72662007e+00,5.55768918e+01
2.19991388e+00,1.75399263e+00,4.85229983e+01,3.34733540e+00,2.97207528e+01,1.73207386e+00,5.54018965e+01
2.20686264e+00,1.75953288e+00,4.83702137e+01,3.35790846e+00,2.96271709e+01,1.73754488e+00,5.52274523e+01
2.21383335e+00,1.76509063e+00,4.82179102e+01,3.36851492e+00,2.95338837e+01,1.74303318e+00,5.50535573e+01
2.22082608e+00,1.77066594e+00,4.80660862e+01,3.37915489e+00,2.94408902e+01,1.74853881e+00,5.48802099e+01
2.22784089e+00,1.77625886e+00,4.79147402e+01,3.38982846e+00,2.93481895e+01,1.75406183e+00,5.47074083e+01
2.23487786e+00,1.78186944e+00,4.77638708e+01,3.40053574e+00,2.92557807e+01,1.75960230e+00,5.45351508e+01
2.24193706e+00,1.78749774e+00,4.76134765e+01,3.41127685e+00,2.91636629e+01,1.76516027e+00,5.43634356e+01
2.24901856e+00,1.79314382e+00,4.74635557e+01,3.42205188e+00,2.90718351e+01,1.77073580e+00,5.41922612e+01
2.25612242e+00,1.79880774e+00,4.73141069e+01,3.43286095e+00,2.89802965e+01,1.77632893e+00,5.40216257e+01
2.26324872e+00,1.80448954e+00,4.71651288e+01,3.44370416e+00,2.88890461e+01,1.78193973e+00,5.38515276e+01
2.27039754e+00,1.81018930e+00,4.70166197e+01,3.45458162e+00,2.87980830e+01,1.78756826e+00,5.36819650e+01
2.27756893e+00,1.81590705e+00,4.68685782e+01,3.46549343e+00,2.87074063e+01,1.79321456e+00,5.35129363e+01
2.28476298e+00,1.82164287e+00,4.67210028e+01,3.47643972e+00,2.86170151e+01,1.79887870e+00,5.33444398e+01
2.29197974e+00,1.82739680e+00,4.65738922e+01,3.48742058e+00,2.85269086e+01,1.80456073e+00,5.31764739e+01
2.29921931e+00,1.83316891e+00,4.64272447e+01,3.49843612e+00,2.84370858e+01,1.81026071e+00,5.30090369e+01
2.30648174e+00,1.83895925e+00,4.62810590e+01,3.50948646e+00,2.83475458e+01,1.81597869e+00,5.28421270e+01
2.31376711e+00,1.84476788e+00,4.61353336e+01,3.52057170e+00,2.82582877e+01,1.82171474e+00,5.26757428e+01
2.32107549e+00,1.85059486e+00,4.59900670e+01,3.53169196e+00,2.81693107e+01,1.82746890e+00,5.25098824e+01
2.32840696e+00,1.85644024e+00,4.58452579e+01,3.54284734e+00,2.80806138e+01,1.83324123e+00,5.23445442e+01
2.33576158e+00,1.86230409e+00,4.57009047e+01,3.55403796e+00,2.79921962e+01,1.83903180e+00,5.21797267e+01
2.34313944e+00,1.86818646e+00,4.55570060e+01,3.56526392e+00,2.79040571e+01,1.84484066e+00,5.20154281e+01
2.35054060e+00,1.87408741e+00,4.54135604e+01,3.57652535e+00,2.78161954e+01,1.85066787e+00,5.18516469e+01
2.35796514e+00,1.88000699e+00,4.52705665e+01,3.58782234e+00,2.77286104e+01,1.85651348e+00,5.16883813e+01
2.36541313e+00,1.88594528e+00,4.51280228e+01,3.59915502e+00,2.76413012e+01,1.86237756e+00,5.15256298e+01
2.37288464e+00,1.89190232e+00,4.49859280e+01,3.61052350e+00,2.75542669e+01,1.86826016e+00,5.13633908e+01
2.38037975e+00,1.89787818e+00,4.48442805e+01,3.62192788e+00,2.74675066e+01,1.87416134e+00,5.12016626e+01
2.38789854e+00,1.90387292e+00,4.47030791e+01,3.63336828e+00,2.73810195e+01,1.88008116e+00,5.10404437e+01
2.39544108e+00,1.90988659e+00,4.45623223e+01,3.64484483e+00,2.72948048e+01,1.88601968e+00,5.08797324e+01
2.40300744e+00,1.91591925e+00,4.44220087e+01,3.65635762e+00,2.72088615e+01,1.89197696e+00,5.07195271e+01
2.41059770e+00,1.92197097e+00,4.42821369e+01,3.66790678e+00,2.71231888e+01,1.89795306e+00,5.05598262e+01
2.41821194e+00,1.92804181e+00,4.41427055e+01,3.67949241e+00,2.70377859e+01,1.90394803e+00,5.04006283e+01
2.42585023e+00,1.93413182e+00,4.40037131e+01,3.69111465e+00,2.69526518e+01,1.90996194e+00,5.02419315e+01
2.43351264e+00,1.94024107e+00,4.38651584e+01,3.70277359e+00,2.68677859e+01,1.91599484e+00,5.00837345e+01
2.44119926e+00,1.94636961e+00,4.37270399e+01,3.71446936e+00,2.67831872e+01,1.92204680e+00,4.99260356e+01
2.44891016e+00,1.95251751e+00,4.35893564e+01,3.72620207e+00,2.66988548e+01,1.92811787e+00,4.97688332e+01
2.45664541e+00,1.95868483e+00,4.34521063e+01,3.73797184e+00,2.66147880e+01,1.93420812e+00,4.96121258e+01
2.46440509e+00,1.96487163e+00,4.33152885e+01,3.74977879e+00,2.65309858e+01,1.94031761e+00,4.94559119e+01
2.47218929e+00,1.97107798e+00,4.31789014e+01,3.76162303e+00,2.64474476e+01,1.94644640e+00,4.93001898e+01
2.47999807e+00,1.97730393e+00,4.30429437e+01,3.77350469e+00,2.63641724e+01,1.95259454e+00,4.91449580e+01
2.48783152e+00,1.98354954e+00,4.29074142e+01,3.78542387e+00,2.62811594e+01,1.95876211e+00,4.89902150e+01
2.49568971e+00,1.98981488e+00,4.27723114e+01,3.79738070e+00,2.61984077e+01,1.96494915e+00,4.88359593e+01
2.50357272e+00,1.99610001e+00,4.26376340e+01,3.80937530e+00,2.61159167e+01,1.97115574e+00,4.86821892e+01
2.51148064e+00,2.00240499e+00,4.25033807e+01,3.82140779e+00,2.60336853e+01,1.97738193e+00,4.85289034e+01
2.51941353e+00,2.00872989e+00,4.23695500e+01,3.83347828e+00,2.59517129e+01,1.98362779e+00,4.83761002e+01
2.52737147e+00,2.01507477e+00,4.22361408e+01,3.84558690e+00,2.58699987e+01,1.98989338e+00,4.82237781e+01
2.53535456e+00,2.02143969e+00,4.21031517e+01,3.85773377e+00,2.57885417e+01,1.99617876e+00,4.80719356e+01
2.54336286e+00,2.02782471e+00,4.19705812e+01,3.86991900e+00,2.57073411e+01,2.00248399e+00,4.79205713e+01
2.55139645e+00,2.03422990e+00,4.18384283e+01,3.88214273e+00,2.56263963e+01,2.00880914e+00,4.77696835e+01
2.55945543e+00,2.04065532e+00,4.17066914e+01,3.89440506e+00,2.55457063e+01,2.01515427e+00,4.76192708e+01
2.56753985e+00,2.04710104e+00,4.15753693e+01,3.90670613e+00,2.54652704e+01,2.02151943e+00,4.74693318e+01
2.57564981e+00,2.05356712e+00,4.14444607e+01,3.91904605e+00,2.53850878e+01,2.02790471e+00,4.73198649e+01
2.58378539e+00,2.06005362e+00,4.13139643e+01,3.93142495e+00,2.53051576e+01,2.03431015e+00,4.71708686e+01
2.59194667e+00,2.06656061e+00,4.11838788e+01,3.94384294e+00,2.52254792e+01,2.04073583e+00,4.70223414e+01
2.60013372e+00,2.07308815e+00,4.10542029e+01,3.95630017e+00,2.51460516e+01,2.04718180e+00,4.68742819e+01
2.60834664e+00,2.07963631e+00,4.09249353e+01,3.96879674e+00,2.50668741e+01,2.05364813e+00,4.67266886e+01
2.61658549e+00,2.08620516e+00,4.07960748e+01,3.98133278e+00,2.49879459e+01,2.06013489e+00,4.65795600e+01
2.62485037e+00,2.09279475e+00,4.06676200e+01,3.99390842e+00,2.49092662e+01,2.06664214e+00,4.64328947e+01
2.63314136e+00,2.09940516e+00,4.05395696e+01,4.00652378e+00,2.48308342e+01,2.07316994e+00,4.62866912e+01
2.64145853e+00,2.10603645e+00,4.04119225e+01,4.01917899e+00,2.47526493e+01,2.07971836e+00,4.61409481e+01
2.64980198e+00,2.11268868e+00,4.02846772e+01,4.03187418e+00,2.46747105e+01,2.08628746e+00,4.59956638e+01
2.65817178e+00,2.11936193e+00,4.01578327e+01,4.04460946e+00,2.45970171e+01,2.09287732e+00,4.58508370e+01
2.66656802e+00,2.12605625e+00,4.00313875e+01,4.05738497e+00,2.45195683e+01,2.09948798e+00,4.57064663e+01
2.67499077e+00,2.13277172e+00,3.99053404e+01,4.07020083e+00,2.44423634e+01,2.10611953e+00,4.55625501e+01
2.68344014e+00,2.13950840e+00,3.97796903e+01,4.08305718e+00,2.43654016e+01,2.11277203e+00,4.54190870e+01
2.69191619e+00,2.14626636e+00,3.96544358e+01,4.09595413e+00,2.42886822e+01,2.11944554e+00,4.52760757e+01
2.70041901e+00,2.15304567e+00,3.95295756e+01,4.10889182e+00,2.42122043e+01,2.12614013e+00,4.51335147e+01
2.70894869e+00,2.15984639e+00,3.94051087e+01,4.12187037e+00,2.41359672e+01,2.13285586e+00,4.49914026e+01
2.71750531e+00,2.16666859e+00,3.92810336e+01,4.13488992e+00,2.40599701e+01,2.13959281e+00,4.48497379e+01
2.72608896e+00,2.17351234e+00,3.91573492e+01,4.14795060e+00,2.39842124e+01,2.14635104e+00,4.47085193e+01
2.73469973e+00,2.18037771e+00,3.90340542e+01,4.16105252e+00,2.39086931e+01,2.15313061e+00,4.45677453e+01
2.74333769e+00,2.18726476e+00,3.89111475e+01,4.17419584e+00,2.38334117e+01,2.15993160e+00,4.44274147e+01
2.75200294e+00,2.19417356e+00,3.87886278e+01,4.18738066e+00,2.37583673e+01,2.16675407e+00,4.42875258e+01
2.76069555e+00,2.20110419e+00,3.86664938e+01,4.20060714e+00,2.36835592e+01,2.17359809e+00,4.41480775e+01
2.76941563e+00,2.20805671e+00,3.85447444e+01,4.21387539e+00,2.36089867e+01,2.18046373e+00,4.40090682e+01
2.77816324e+00,2.21503119e+00,3.84233784e+01,4.22718555e+00,2.35346489e+01,2.18735105e+00,4.38704966e+01
2.78693849e+00,2.22202770e+00,3.83023945e+01,4.24053775e+00,2.34605453e+01,2.19426013e+00,4.37323613e+01
2.79574146e+00,2.22904631e+00,3.81817915e+01,4.25393213e+00,2.33866749e+01,2.20119103e+00,4.35946610e+01
2.80457223e+00,2.23608709e+00,3.80615683e+01,4.26736882e+00,2.33130372e+01,2.20814382e+00,4.34573943e+01
2.81343089e+00,2.24315011e+00,3.79417237e+01,4.28084795e+00,2.32396313e+01,2.21511858e+00,4.33205597e+01
2.82231754e+00,2.25023544e+00,3.78222564e+01,4.29436965e+00,2.31664566e+01,2.22211537e+00,4.31841561e+01
2.83123226e+00,2.25734315e+00,3.77031652e+01,4.30793407e+00,2.30935122e+01,2.22913425e+00,4.30481819e+01
2.84017513e+00,2.26447331e+00,3.75844491e+01,4.32154133e+00,2.30207975e+01,2.23617531e+00,4.29126359e+01
2.84914625e+00,2.27162599e+00,3.74661067e+01,4.33519157e+00,2.29483118e+01,2.24323861e+00,4.27775166e+01
2.85814571e+00,2.27880126e+00,3.73481370e+01,4.34888492e+00,2.28760544e+01,2.25032421e+00,4.26428228e+01
2.86717359e+00,2.28599920e+00,3.72305387e+01,4.36262153e+00,2.28040244e+01,2.25743220e+00,4.25085531e+01
2.87622999e+00,2.29321987e+00,3.71133107e+01,4.37640153e+00,2.27322213e+01,2.26456264e+00,4.23747062e+01
2.88531500e+00,2.30046335e+00,3.69964518e+01,4.39022506e+00,2.26606442e+01,2.27171561e+00,4.22412808e+01
2.89442870e+00,2.30772971e+00,3.68799609e+01,4.40409225e+00,2.25892925e+01,2.27889116e+00,4.21082754e+01
2.90357119e+00,2.31501903e+00,3.67638368e+01,4.41800324e+00,2.25181655e+01,2.28608938e+00,4.19756889e+01
2.91274256e+00,2.32233136e+00,3.66480783e+01,4.43195817e+00,2.24472624e+01,2.29331034e+00,4.18435198e+01
2.92194290e+00,2.32966680e+00,3.65326843e+01,4.44595717e+00,2.23765826e+01,2.30055411e+00,4.17117669e+01
2.93117230e+00,2.33702540e+00,3.64176537e+01,4.46000040e+00,2.23061253e+01,2.30782076e+00,4.15804288e+01
2.94043085e+00,2.34440725e+00,3.63029852e+01,4.47408799e+00,2.22358899e+01,2.31511036e+00,4.14495043e+01
2.94971864e+00,2.35181241e+00,3.61886778e+01,4.48822007e+00,2.21658757e+01,2.32242298e+00,4.13189921e+01
2.95903577e+00,2.35924097e+00,3.60747303e+01,4.50239679e+00,2.20960819e+01,2.32975871e+00,4.11888907e+01
2.96838233e+00,2.36669299e+00,3.59611416e+01,4.51661829e+00,2.20265078e+01,2.33711760e+00,4.10591991e+01
2.97775842e+00,2.37416854e+00,3.58479106e+01,4.53088471e+00,2.19571528e+01,2.34449974e+00,4.09299157e+01
2.98716412e+00,2.38166771e+00,3.57350361e+01,4.54519619e+00,2.18880162e+01,2.35190520e+00,4.08010395e+01
2.99659952e+00,2.38919057e+00,3.56225170e+01,4.55955288e+00,2.18190973e+01,2.35933404e+00,4.06725690e+01
3.00606474e+00,2.39673719e+00,3.55103522e+01,4.57395491e+00,2.17503954e+01,2.36678636e+00,4.05445031e+01
3.01555985e+00,2.40430764e+00,3.53985406e+01,4.58840244e+00,2.16819098e+01,2.37426221e+00,4.04168404e+01
3.02508495e+00,2.41190201e+00,3.52870810e+01,4.60289560e+00,2.16136399e+01,2.38176167e+00,4.02895797e+01
3.03464013e+00,2.41952037e+00,3.51759724e+01,4.61743454e+00,2.15455849e+01,2.38928483e+00,4.01627197e+01
3.04422550e+00,2.42716279e+00,3.50652136e+01,4.63201941e+00,2.14777442e+01,2.39683174e+00,4.00362591e+01
3.05384115e+00,2.43482935e+00,3.49548036e+01,4.64665034e+00,2.14101171e+01,2.40440250e+00,3.99101968e+01
3.06348717e+00,2.44252012e+00,3.48447412e+01,4.66132749e+00,2.13427030e+01,2.41199717e+00,3.97845313e+01
3.07316365e+00,2.45023519e+00,3.47350254e+01,4.67605099e+00,2.12755011e+01,2.41961582e+00,3.96592615e+01
3.08287070e+00,2.45797463e+00,3.46256550e+01,4.69082101e+00,2.12085108e+01,2.42725854e+00,3.95343862e+01
3.09260842e+00,2.46573851e+00,3.45166290e+01,4.70563767e+00,2.11417315e+01,2.43492541e+00,3.94099041e+01
3.10237689e+00,2.47352692e+00,3.44079464e+01,4.72050114e+00,2.10751624e+01,2.44261649e+00,3.92858139e+01
3.11217621e+00,2.48133993e+00,3.42996059e+01,4.73541155e+00,2.10088029e+01,2.45033186e+00,3.91621145e+01
3.12200649e+00,2.48917762e+00,3.41916065e+01,4.75036907e+00,2.09426524e+01,2.45807160e+00,3.90388045e+01
3.13186782e+00,2.49704006e+00,3.40839472e+01,4.76537382e+00,2.08767101e+01,2.46583579e+00,3.89158828e+01
3.14176030e+00,2.50492734e+00,3.39766269e+01,4.78042598e+00,2.08109755e+01,2.47362451e+00,3.87933482e+01
3.15168402e+00,2.51283953e+00,3.38696445e+01,4.79552567e+00,2.07454479e+01,2.48143782e+00,3.86711994e+01
3.16163909e+00,2.52077671e+00,3.37629990e+01,4.81067306e+00,2.06801266e+01,2.48927582e+00,3.85494352e+01
3.17162560e+00,2.52873897e+00,3.36566893e+01,4.82586830e+00,2.06150110e+01,2.49713857e+00,3.84280543e+01
3.18164366e+00,2.53672637e+00,3.35507143e+01,4.84111153e+00,2.05501004e+01,2.50502616e+00,3.83070557e+01
3.19169336e+00,2.54473900e+00,3.34450730e+01,4.85640292e+00,2.04853942e+01,2.51293866e+00,3.81864381e+01
3.20177481e+00,2.55277694e+00,3.33397643e+01,4.87174260e+00,2.04208917e+01,2.52087616e+00,3.80662003e+01
3.21188810e+00,2.56084028e+00,3.32347872e+01,4.88713073e+00,2.03565923e+01,2.52883873e+00,3.79463410e+01
3.22203333e+00,2.56892908e+00,3.31301407e+01,4.90256747e+00,2.02924954e+01,2.53682645e+00,3.78268592e+01
3.23221061e+00,2.57704343e+00,3.30258236e+01,4.91805297e+00,2.02286003e+01,2.54483940e+00,3.77077535e+01
3.24242004e+00,2.58518341e+00,3.29218350e+01,4.93358738e+00,2.01649064e+01,2.55287766e+00,3.75890229e+01
3.25266171e+00,2.59334910e+00,3.28181739e+01,4.94917086e+00,2.01014131e+01,2.56094131e+00,3.74706662e+01
3.26293573e+00,2.60154058e+00,3.27148391e+01,4.96480357e+00,2.00381197e+01,2.56903042e+00,3.73526821e+01
3.27324221e+00,2.60975794e+00,3.26118297e+01,4.98048565e+00,1.99750255e+01,2.57714510e+00,3.72350695e+01
3.28358124e+00,2.61800126e+00,3.25091447e+01,4.99621726e+00,1.99121301e+01,2.58528540e+00,3.71178273e+01
3.29395292e+00,2.62627061e+00,3.24067830e+01,5.01199857e+00,1.98494326e+01,2.59345141e+00,3.70009542e+01
3.30435737e+00,2.63456608e+00,3.23047436e+01,5.02782972e+00,1.97869326e+01,2.60164322e+00,3.68844491e+01
3.31479468e+00,2.64288775e+00,3.22030255e+01,5.04371088e+00,1.97246294e+01,2.60986090e+00,3.67683108e+01
3.32526496e+00,2.65123571e+00,3.21016276e+01,5.05964220e+00,1.96625224e+01,2.61810454e+00,3.66525382e+01
3.33576831e+00,2.65961004e+00,3.20005491e+01,5.07562385e+00,1.96006109e+01,2.62637422e+00,3.65371302e+01
3.34630484e+00,2.66801082e+00,3.18997888e+01,5.09165597e+00,1.95388943e+01,2.63467002e+00,3.64220855e+01
3.35687465e+00,2.67643814e+00,3.17993457e+01,5.10773874e+00,1.94773721e+01,2.64299202e+00,3.63074031e+01
3.36747784e+00,2.68489207e+00,3.16992190e+01,5.12387230e+00,1.94160436e+01,2.65134031e+00,3.61930818e+01
3.37811453e+00,2.69337271e+00,3.15994075e+01,5.14005682e+00,1.93549082e+01,2.65971497e+00,3.60791205e+01
3.38878482e+00,2.70188013e+00,3.14999102e+01,5.15629247e+00,1.92939653e+01,2.66811608e+00,3.59655179e+01
3.39948880e+00,2.71041443e+00,3.14007263e+01,5.17257940e+00,1.92332143e+01,2.67654373e+00,3.58522731e+01
3.41022660e+00,2.71897568e+00,3.13018547e+01,5.18891777e+00,1.91726546e+01,2.68499799e+00,3.57393849e+01
3.42099832e+00,2.72756398e+00,3.12032944e+01,5.20530775e+00,1.91122855e+01,2.69347897e+00,3.56268521e+01
3.43180406e+00,2.73617940e+00,3.11050444e+01,5.22174950e+00,1.90521066e+01,2.70198673e+00,3.55146736e+01
3.44264393e+00,2.74482203e+00,3.10071038e+01,5.23824318e+00,1.89921171e+01,2.71052136e+00,3.54028484e+01
3.45351804e+00,2.75349197e+00,3.09094715e+01,5.25478896e+00,1.89323165e+01,2.71908295e+00,3.52913753e+01
3.46442650e+00,2.76218929e+00,3.08121467e+01,5.27138701e+00,1.88727042e+01,2.72767158e+00,3.51802531e+01
3.47536941e+00,2.77091408e+00,3.07151284e+01,5.28803748e+00,1.88132797e+01,2.73628735e+00,3.50694809e+01
3.48634689e+00,2.77966643e+00,3.06184155e+01,5.30474054e+00,1.87540422e+01,2.74493032e+00,3.49590574e+01
3.49735904e+00,2.78844643e+00,3.05220071e+01,5.32149637e+00,1.86949912e+01,2.75360060e+00,3.48489817e+01
3.50840598e+00,2.79725416e+00,3.04259023e+01,5.33830512e+00,1.86361262e+01,2.76229826e+00,3.47392525e+01
3.51948781e+00,2.80608970e+00,3.03301001e+01,5.35516696e+00,1.85774466e+01,2.77102340e+00,3.46298688e+01
3.53060464e+00,2.81495316e+00,3.02345996e+01,5.37208206e+00,1.85189517e+01,2.77977609e+00,3.45208296e+01
3.54175659e+00,2.82384462e+00,3.01393997e+01,5.38905059e+00,1.84606409e+01,2.78855644e+00,3.44121337e+01
3.55294376e+00,2.83276416e+00,3.00444996e+01,5.40607272e+00,1.84025138e+01,2.79736451e+00,3.43037800e+01
3.56416627e+00,2.84171187e+00,2.99498984e+01,5.42314862e+00,1.83445697e+01,2.80620041e+00,3.41957675e+01
3.57542423e+00,2.85068785e+00,2.98555949e+01,5.44027845e+00,1.82868081e+01,2.81506422e+00,3.40880951e+01
3.58671774e+00,2.85969217e+00,2.97615885e+01,5.45746239e+00,1.82292283e+01,2.82395602e+00,3.39807617e+01
3.59804693e+00,2.86872494e+00,2.96678780e+01,5.47470061e+00,1.81718298e+01,2.83287591e+00,3.38737663e+01
3.60941191e+00,2.87778624e+00,2.95744626e+01,5.49199328e+00,1.81146121e+01,2.84182398e+00,3.37671078e+01
3.62081278e+00,2.88687616e+00,2.94813413e+01,5.50934057e+00,1.80575745e+01,2.85080031e+00,3.36607852e+01
3.63224966e+00,2.89599480e+00,2.93885133e+01,5.52674265e+00,1.80007166e+01,2.85980499e+00,3.35547973e+01
3.64372267e+00,2.90514224e+00,2.92959775e+01,5.54419970e+00,1.79440376e+01,2.86883812e+00,3.34491431e+01
3.65523192e+00,2.91431857e+00,2.92037331e+01,5.56171190e+00,1.78875371e+01,2.87789978e+00,3.33438216e+01
3.66677752e+00,2.92352388e+00,2.91117792e+01,5.57927940e+00,1.78312145e+01,2.88699006e+00,3.32388317e+01
3.67835959e+00,2.93275827e+00,2.90201148e+01,5.59690240e+00,1.77750693e+01,2.89610905e+00,3.31341725e+01
3.68997825e+00,2.94202183e+00,2.89287390e+01,5.61458106e+00,1.77191008e+01,2.90525685e+00,3.30298427e+01
3.70163360e+00,2.95131465e+00,2.88376509e+01,5.63231556e+00,1.76633086e+01,2.91443354e+00,3.29258415e+01
3.71332577e+00,2.96063682e+00,2.87468496e+01,5.65010608e+00,1.76076921e+01,2.92363922e+00,3.28221677e+01
3.72505487e+00,2.96998844e+00,2.86563343e+01,5.66795279e+00,1.75522506e+01,2.93287397e+00,3.27188204e+01
3.73682102e+00,2.97936960e+00,2.85661039e+01,5.68585588e+00,1.74969838e+01,2.94213790e+00,3.26157985e+01
3.74862433e+00,2.98878039e+00,2.84761577e+01,5.70381551e+00,1.74418909e+01,2.95143109e+00,3.25131009e+01
3.76046492e+00,2.99822090e+00,2.83864947e+01,5.72183187e+00,1.73869715e+01,2.96075363e+00,3.24107267e+01
3.77234292e+00,3.00769123e+00,2.82971140e+01,5.73990514e+00,1.73322251e+01,2.97010561e+00,3.23086749e+01
3.78425843e+00,3.01719148e+00,2.82080147e+01,5.75803550e+00,1.72776510e+01,2.97948714e+00,3.22069444e+01
3.79621159e+00,3.02672174e+00,2.81191960e+01,5.77622312e+00,1.72232488e+01,2.98889830e+00,3.21055343e+01
3.80820249e+00,3.03628209e+00,2.80306569e+01,5.79446820e+00,1.71690179e+01,2.99833919e+00,3.20044434e+01
3.82023128e+00,3.04587265e+00,2.79423966e+01,5.81277090e+00,1.71149577e+01,3.00780989e+00,3.19036708e+01
3.83229805e+00,3.05549350e+00,2.78544143e+01,5.83113141e+00,1.70610677e+01,3.01731052e+00,3.18032156e+01
3.84440294e+00,3.06514473e+00,2.77667089e+01,5.84954992e+00,1.70073475e+01,3.02684115e+00,3.17030766e+01
3.85654607e+00,3.07482646e+00,2.76792797e+01,5.86802661e+00,1.69537963e+01,3.03640188e+00,3.16032530e+01
3.86872755e+00,3.08453876e+00,2.75921258e+01,5.88656165e+00,1.69004138e+01,3.04599281e+00,3.15037436e+01
3.88094751e+00,3.09428174e+00,2.75052464e+01,5.90515525e+00,1.68471994e+01,3.05561404e+00,3.14045476e+01
3.89320607e+00,3.10405550e+00,2.74186405e+01,5.92380757e+00,1.67941525e+01,3.06526566e+00,3.13056640e+01
3.90550335e+00,3.11386013e+00,2.73323072e+01,5.94251881e+00,1.67412727e+01,3.07494776e+00,3.12070917e+01
3.91783947e+00,3.12369572e+00,2.72462459e+01,5.96128915e+00,1.66885594e+01,3.08466045e+00,3.11088297e+01
3.93021456e+00,3.13356239e+00,2.71604555e+01,5.98011879e+00,1.66360120e+01,3.09440382e+00,3.10108772e+01
3.94262874e+00,3.14346022e+00,2.70749352e+01,5.99900789e+00,1.65836301e+01,3.10417796e+00,3.09132331e+01
3.95508212e+00,3.15338931e+00,2.69896842e+01,6.01795666e+00,1.65314132e+01,3.11398297e+00,3.08158964e+01
3.96757485e+00,3.16334977e+00,2.69047016e+01,6.03696529e+00,1.64793606e+01,3.12381896e+00,3.07188663e+01
3.98010703e+00,3.17334168e+00,2.68199867e+01,6.05603396e+00,1.64274720e+01,3.13368601e+00,3.06221416e+01
3.99267880e+00,3.18336516e+00,2.67355384e+01,6.07516285e+00,1.63757467e+01,3.14358423e+00,3.05257215e+01
4.00529028e+00,3.19342030e+00,2.66513561e+01,6.09435217e+00,1.63241843e+01,3.15351372e+00,3.04296050e+01
4.01794159e+00,3.20350720e+00,2.65674388e+01,6.11360210e+00,1.62727842e+01,3.16347457e+00,3.03337911e+01
4.03063287e+00,3.21362596e+00,2.64837858e+01,6.13291284e+00,1.62215460e+01,3.17346688e+00,3.02382790e+01
4.04336423e+00,3.22377668e+00,2.64003962e+01,6.15228457e+00,1.61704692e+01,3.18349075e+00,3.01430675e+01
4.05613581e+00,3.23395947e+00,2.63172691e+01,6.17171749e+00,1.61195531e+01,3.19354629e+00,3.00481559e+01
4.06894772e+00,3.24417442e+00,2.62344038e+01,6.19121179e+00,1.60687974e+01,3.20363359e+00,2.99535431e+01
4.08180011e+00,3.25442163e+00,2.61517994e+01,6.21076766e+00,1.60182015e+01,3.21375275e+00,2.98592282e+01
4.09469309e+00,3.26470122e+00,2.60694551e+01,6.23038531e+00,1.59677649e+01,3.22390387e+00,2.97652103e+01
4.10762680e+00,3.27501327e+00,2.59873700e+01,6.25006492e+00,1.59174871e+01,3.23408706e+00,2.96714885e+01
4.12060135e+00,3.28535789e+00,2.59055435e+01,6.26980670e+00,1.58673677e+01,3.24430241e+00,2.95780617e+01
4.13361690e+00,3.29573519e+00,2.58239745e+01,6.28961083e+00,1.58174060e+01,3.25455003e+00,2.94849291e+01
4.14667355e+00,3.30614527e+00,2.57426625e+01,6.30947751e+00,1.57676016e+01,3.26483001e+00,2.93920897e+01
4.15977144e+00,3.31658822e+00,2.56616064e+01,6.32940695e+00,1.57179541e+01,3.27514247e+00,2.92995427e+01
4.17291071e+00,3.32706417e+00,2.55808056e+01,6.34939934e+00,1.56684629e+01,3.28548750e+00,2.92072871e+01
4.18609148e+00,3.33757320e+00,2.55002592e+01,6.36945487e+00,1.56191275e+01,3.29586521e+00,2.91153220e+01
4.19931388e+00,3.34811543e+00,2.54199664e+01,6.38957376e+00,1.55699475e+01,3.30627570e+00,2.90236464e+01
4.21257805e+00,3.35869096e+00,2.53399264e+01,6.40975619e+00,1.55209223e+01,3.31671907e+00,2.89322595e+01
4.22588411e+00,3.36929989e+00,2.52601384e+01,6.43000237e+00,1.54720515e+01,3.32719543e+00,2.88411603e+01
4.23923220e+00,3.37994233e+00,2.51806017e+01,6.45031251e+00,1.54233346e+01,3.33770488e+00,2.87503480e+01
4.25262246e+00,3.39061839e+00,2.51013154e+01,6.47068679e+00,1.53747711e+01,3.34824752e+00,2.86598216e+01
4.26605501e+00,3.40132817e+00,2.50222787e+01,6.49112543e+00,1.53263604e+01,3.35882347e+00,2.85695803e+01
4.27952998e+00,3.41207178e+00,2.49434910e+01,6.51162863e+00,1.52781022e+01,3.36943282e+00,2.84796231e+01
4.29304753e+00,3.42284932e+00,2.48649513e+01,6.53219659e+00,1.52299960e+01,3.38007568e+00,2.83899492e+01
4.30660776e+00,3.43366091e+00,2.47866589e+01,6.55282952e+00,1.51820412e+01,3.39075216e+00,2.83005576e+01
4.32021084e+00,3.44450665e+00,2.47086130e+01,6.57352762e+00,1.51342375e+01,3.40146236e+00,2.82114475e+01
4.33385687e+00,3.45538664e+00,2.46308128e+01,6.59429110e+00,1.50865842e+01,3.41220639e+00,2.81226180e+01
4.34754601e+00,3.46630100e+00,2.45532577e+01,6.61512017e+00,1.50390810e+01,3.42298436e+00,2.80340681e+01
4.36127839e+00,3.47724984e+00,2.44759467e+01,6.63601502e+00,1.49917274e+01,3.43379637e+00,2.79457971e+01
4.37505415e+00,3.48823325e+00,2.43988792e+01,6.65697588e+00,1.49445228e+01,3.44464254e+00,2.78578040e+01
4.38887342e+00,3.49925137e+00,2.43220543e+01,6.67800294e+00,1.48974669e+01,3.45552296e+00,2.77700880e+01
4.40273634e+00,3.51030428e+00,2.42454713e+01,6.69909642e+00,1.48505592e+01,3.46643775e+00,2.76826482e+01
4.41664305e+00,3.52139210e+00,2.41691295e+01,6.72025653e+00,1.48037992e+01,3.47738702e+00,2.75954837e+01
4.43059368e+00,3.53251495e+00,2.40930280e+01,6.74148347e+00,1.47571864e+01,3.48837087e+00,2.75085936e+01
4.44458838e+00,3.54367293e+00,2.40171661e+01,6.76277746e+00,1.47107203e+01,3.49938942e+00,2.74219772e+01
4.45862728e+00,3.55486616e+00,2.39415432e+01,6.78413872e+00,1.46644006e+01,3.51044277e+00,2.73356335e+01
4.47271053e+00,3.56609474e+00,2.38661583e+01,6.80556744e+00,1.46182267e+01,3.52153103e+00,2.72495616e+01
4.48683826e+00,3.57735879e+00,2.37910108e+01,6.82706385e+00,1.45721983e+01,3.53265432e+00,2.71637608e+01
4.50101061e+00,3.58865842e+00,2.37160999e+01,6.84862817e+00,1.45263147e+01,3.54381274e+00,2.70782301e+01
4.51522774e+00,3.59999374e+00,2.36414249e+01,6.87026059e+00,1.44805756e+01,3.55500641e+00,2.69929687e+01
4.52948976e+00,3.61136486e+00,2.35669850e+01,6.89196135e+00,1.44349805e+01,3.56623543e+00,2.69079758e+01
4.54379684e+00,3.62277190e+00,2.34927795e+01,6.91373065e+00,1.43895291e+01,3.57749992e+00,2.68232505e+01
4.55814911e+00,3.63421497e+00,2.34188077e+01,6.93556871e+00,1.43442207e+01,3.58880000e+00,2.67387920e+01
4.57254671e+00,3.64569419e+00,2.33450688e+01,6.95747575e+00,1.42990549e+01,3.60013576e+00,2.66545995e+01
4.58698979e+00,3.65720966e+00,2.32715620e+01,6.97945198e+00,1.42540314e+01,3.61150734e+00,2.65706720e+01
4.60147849e+00,3.66876151e+00,2.31982868e+01,7.00149764e+00,1.42091497e+01,3.62291483e+00,2.64870088e+01
4.61601295e+00,3.68034985e+00,2.31252422e+01,7.02361292e+00,1.41644093e+01,3.63435835e+00,2.64036090e+01
4.63059333e+00,3.69197479e+00,2.30524276e+01,7.04579807e+00,1.41198097e+01,3.64583802e+00,2.63204718e+01
4.64521976e+00,3.70363645e+00,2.29798423e+01,7.06805328e+00,1.40753506e+01,3.65735395e+00,2.62375964e+01
4.65989238e+00,3.71533495e+00,2.29074856e+01,7.09037880e+00,1.40310315e+01,3.66890625e+00,2.61549819e+01
4.67461136e+00,3.72707039e+00,2.28353566e+01,7.11277483e+00,1.39868519e+01,3.68049505e+00,2.60726276e+01
4.68937682e+00,3.73884291e+00,2.27634548e+01,7.13524160e+00,1.39428114e+01,3.69212045e+00,2.59905326e+01
4.70418893e+00,3.75065260e+00,2.26917794e+01,7.15777934e+00,1.38989096e+01,3.70378257e+00,2.59086961e+01
4.71904782e+00,3.76249961e+00,2.26203297e+01,7.18038826e+00,1.38551460e+01,3.71548152e+00,2.58271172e+01
4.73395364e+00,3.77438403e+00,2.25491050e+01,7.20306860e+00,1.38115203e+01,3.72721743e+00,2.57457952e+01
4.74890655e+00,3.78630599e+00,2.24781045e+01,7.22582058e+00,1.37680319e+01,3.73899041e+00,2.56647293e+01
4.76390669e+00,3.79826561e+00,2.24073275e+01,7.24864443e+00,1.37246804e+01,3.75080058e+00,2.55839186e+01
4.77895420e+00,3.81026301e+00,2.23367735e+01,7.27154036e+00,1.36814654e+01,3.76264804e+00,2.55033624e+01
4.79404925e+00,3.82229830e+00,2.22664416e+01,7.29450862e+00,1.36383865e+01,3.77453294e+00,2.54230599e+01
4.80919198e+00,3.83437160e+00,2.21963311e+01,7.31754943e+00,1.35954432e+01,3.78645537e+00,2.53430101e+01
4.82438254e+00,3.84648304e+00,2.21264414e+01,7.34066301e+00,1.35526352e+01,3.79841546e+00,2.52632125e+01
4.83962108e+00,3.85863274e+00,2.20567717e+01,7.36384960e+00,1.35099620e+01,3.81041333e+00,2.51836661e+01
4.85490775e+00,3.87082081e+00,2.19873215e+01,7.38710943e+00,1.34674231e+01,3.82244909e+00,2.51043701e+01
4.87024271e+00,3.88304739e+00,2.19180899e+01,7.41044273e+00,1.34250181e+01,3.83452288e+00,2.50253239e+01
4.88562611e+00,3.89531258e+00,2.18490763e+01,7.43384974e+00,1.33827467e+01,3.84663479e+00,2.49465265e+01
4.90105810e+00,3.90761651e+00,2.17802800e+01,7.45733067e+00,1.33406084e+01,3.85878497e+00,2.48679772e+01
4.91653883e+00,3.91995931e+00,2.17117003e+01,7.48088578e+00,1.32986027e+01,3.87097353e+00,2.47896753e+01
4.93206846e+00,3.93234109e+00,2.16433365e+01,7.50451528e+00,1.32567293e+01,3.88320058e+00,2.47116199e+01
4.94764714e+00,3.94476198e+00,2.15751881e+01,7.52821943e+00,1.32149878e+01,3.89546625e+00,2.46338103e+01
4.96327503e+00,3.95722211e+00,2.15072542e+01,7.55199844e+00,1.31733777e+01,3.90777067e+00,2.45562457e+01
4.97895228e+00,3.96972159e+00,2.14395341e+01,7.57585257e+00,1.31318986e+01,3.92011396e+00,2.44789253e+01
4.99467906e+00,3.98226056e+00,2.13720274e+01,7.59978205e+00,1.30905501e+01,3.93249623e+00,2.44018484e+01
5.01045550e+00,3.99483913e+00,2.13047332e+01,7.62378710e+00,1.30493319e+01,3.94491761e+00,2.43250142e+01
5.02628178e+00,4.00745743e+00,2.12376508e+01,7.64786799e+00,1.30082434e+01,3.95737823e+00,2.42484219e+01
5.04215805e+00,4.02011559e+00,2.11707797e+01,7.67202493e+00,1.29672842e+01,3.96987820e+00,2.41720707e+01
5.05808447e+00,4.03281373e+00,2.11041192e+01,7.69625818e+00,1.29264541e+01,3.98241766e+00,2.40959600e+01
5.07406119e+00,4.04555198e+00,2.10376685e+01,7.72056797e+00,1.28857525e+01,3.99499673e+00,2.40200889e+01
5.09008838e+00,4.05833047e+00,2.09714271e+01,7.74495455e+00,1.28451791e+01,4.00761553e+00,2.39444568e+01
5.10616619e+00,4.07114932e+00,2.09053943e+01,7.76941816e+00,1.28047334e+01,4.02027419e+00,2.38690627e+01
5.12229479e+00,4.08400866e+00,2.08395693e+01,7.79395904e+00,1.27644150e+01,4.03297283e+00,2.37939061e+01
5.13847433e+00,4.09690861e+00,2.07739517e+01,7.81857744e+00,1.27242237e+01,4.04571159e+00,2.37189861e+01
5.15470498e+00,4.10984932e+00,2.07085406e+01,7.84327359e+00,1.26841588e+01,4.05849058e+00,2.36443020e+01
5.17098689e+00,4.12283090e+00,2.06433355e+01,7.86804776e+00,1.26442202e+01,4.07130993e+00,2.35698530e+01
5.18732023e+00,4.13585348e+00,2.05783358e+01,7.89290017e+00,1.26044072e+01,4.08416978e+00,2.34956385e+01
5.20370517e+00,4.14891720e+00,2.05135407e+01,7.91783109e+00,1.25647197e+01,4.09707024e+00,2.34216577e+01
5.22014186e+00,4.16202218e+00,2.04489496e+01,7.94284075e+00,1.25251571e+01,4.11001146e+00,2.33479098e+01
5.23663046e+00,4.17516856e+00,2.03845618e+01,7.96792941e+00,1.24857190e+01,4.12299355e+00,2.32743941e+01
5.25317115e+00,4.18835646e+00,2.03203769e+01,7.99309732e+00,1.24464052e+01,4.13601665e+00,2.32011099e+01
5.26976408e+00,4.20158601e+00,2.02563940e+01,8.01834473e+00,1.24072151e+01,4.14908088e+00,2.31280564e+01
5.28640943e+00,4.21485735e+00,2.01926126e+01,8.04367188e+00,1.23681485e+01,4.16218638e+00,2.30552330e+01
5.30310735e+00,4.22817062e+00,2.01290320e+01,8.06907903e+00,1.23292048e+01,4.17533327e+00,2.29826389e+01
5.31985801e+00,4.24152593e+00,2.00656516e+01,8.09456643e+00,1.22903838e+01,4.18852169e+00,2.29102733e+01
5.33666159e+00,4.25492343e+00,2.00024708e+01,8.12013434e+00,1.22516850e+01,4.20175177e+00,2.28381356e+01
5.35351824e+00,4.26836325e+00,1.99394889e+01,8.14578301e+00,1.22131080e+01,4.21502364e+00,2.27662251e+01
5.37042814e+00,4.28184552e+00,1.98767053e+01,8.17151270e+00,1.21746526e+01,4.22833743e+00,2.26945409e+01
5.38739144e+00,4.29537037e+00,1.98141194e+01,8.19732365e+00,1.21363182e+01,4.24169327e+00,2.26230825e+01
5.40440833e+00,4.30893795e+00,1.97517306e+01,8.22321614e+00,1.20981045e+01,4.25509130e+00,2.25518491e+01
5.42147897e+00,4.32254838e+00,1.96895382e+01,8.24919041e+00,1.20600111e+01,4.26853164e+00,2.24808400e+01
5.43860353e+00,4.33620180e+00,1.96275417e+01,8.27524672e+00,1.20220377e+01,4.28201445e+00,2.24100544e+01
5.45578218e+00,4.34989835e+00,1.95657403e+01,8.30138533e+00,1.19841838e+01,4.29553984e+00,2.23394918e+01
5.47301509e+00,4.36363816e+00,1.95041336e+01,8.32760651e+00,1.19464492e+01,4.30910795e+00,2.22691513e+01
5.49030244e+00,4.37742137e+00,1.94427208e+01,8.35391051e+00,1.19088333e+01,4.32271891e+00,2.21990323e+01
5.50764439e+00,4.39124812e+00,1.93815014e+01,8.38029760e+00,1.18713359e+01,4.33637287e+00,2.21291341e+01
5.52504111e+00,4.40511854e+00,1.93204748e+01,8.40676804e+00,1.18339566e+01,4.35006996e+00,2.20594560e+01
5.54249279e+00,4.41903277e+00,1.92596403e+01,8.43332208e+00,1.17966949e+01,4.36381031e+00,2.19899972e+01
5.55999959e+00,4.43299095e+00,1.91989974e+01,8.45996000e+00,1.17595506e+01,4.37759407e+00,2.19207572e+01
5.57756168e+00,4.44699322e+00,1.91385454e+01,8.48668206e+00,1.17225233e+01,4.39142136e+00,2.18517352e+01
5.59517926e+00,4.46103972e+00,1.90782838e+01,8.51348853e+00,1.16856125e+01,4.40529233e+00,2.17829305e+01
5.61285247e+00,4.47513059e+00,1.90182119e+01,8.54037967e+00,1.16488180e+01,4.41920711e+00,2.17143425e+01
5.63058151e+00,4.48926596e+00,1.89583291e+01,8.56735575e+00,1.16121393e+01,4.43316584e+00,2.16459705e+01
5.64836656e+00,4.50344599e+00,1.88986349e+01,8.59441703e+00,1.15755761e+01,4.44716866e+00,2.15778137e+01
5.66620777e+00,4.51767080e+00,1.88391287e+01,8.62156379e+00,1.15391280e+01,4.46121572e+00,2.15098715e+01
5.68410535e+00,4.53194055e+00,1.87798098e+01,8.64879630e+00,1.15027947e+01,4.47530714e+00,2.14421432e+01
5.70205945e+00,4.54625536e+00,1.87206777e+01,8.67611483e+00,1.14665758e+01,4.48944307e+00,2.13746283e+01
5.72007027e+00,4.56061540e+00,1.86617319e+01,8.70351965e+00,1.14304709e+01,4.50362366e+00,2.13073259e+01
5.73813797e+00,4.57502079e+00,1.86029716e+01,8.73101103e+00,1.13944797e+01,4.51784903e+00,2.12402354e+01
5.75626275e+00,4.58947168e+00,1.85443963e+01,8.75858925e+00,1.13586018e+01,4.53211934e+00,2.11733561e+01
5.77444477e+00,4.60396822e+00,1.84860054e+01,8.78625457e+00,1.13228370e+01,4.54643472e+00,2.11066875e+01
5.79268423e+00,4.61851055e+00,1.84277985e+01,8.81400728e+00,1.12871847e+01,4.56079532e+00,2.10402287e+01
5.81098129e+00,4.63309881e+00,1.83697748e+01,8.84184766e+00,1.12516447e+01,4.57520128e+00,2.09739793e+01
5.82933616e+00,4.64773315e+00,1.83119338e+01,8.86977597e+00,1.12162165e+01,4.58965275e+00,2.09079384e+01
5.84774899e+00,4.66241372e+00,1.82542749e+01,8.89779249e+00,1.11809000e+01,4.60414986e+00,2.08421054e+01
5.86621999e+00,4.67714066e+00,1.81967975e+01,8.92589751e+00,1.11456946e+01,4.61869276e+00,2.07764798e+01
5.88474933e+00,4.69191411e+00,1.81395012e+01,8.95409131e+00,1.11106001e+01,4.63328160e+00,2.07110608e+01
5.90333720e+00,4.70673423e+00,1.80823852e+01,8.98237416e+00,1.10756161e+01,4.64791652e+00,2.06458478e+01
5.92198378e+00,4.72160116e+00,1.80254491e+01,9.01074634e+00,1.10407423e+01,4.66259766e+00,2.05808401e+01
5.94068926e+00,4.73651505e+00,1.79686923e+01,9.03920814e+00,1.10059782e+01,4.67732518e+00,2.05160371e+01
5.95945383e+00,4.75147605e+00,1.79121142e+01,9.06775985e+00,1.09713236e+01,4.69209922e+00,2.04514381e+01
5.97827766e+00,4.76648430e+00,1.78557142e+01,9.09640173e+00,1.09367782e+01,4.70691992e+00,2.03870426e+01
5.99716095e+00,4.78153996e+00,1.77994919e+01,9.12513409e+00,1.09023415e+01,4.72178744e+00,2.03228498e+01
6.01610389e+00,4.79664318e+00,1.77434465e+01,9.15395720e+00,1.08680132e+01,4.73670192e+00,2.02588591e+01
6.03510666e+00,4.81179410e+00,1.76875776e+01,9.18287136e+00,1.08337931e+01,4.75166350e+00,2.01950699e+01
6.05416946e+00,4.82699288e+00,1.76318846e+01,9.21187684e+00,1.07996806e+01,4.76667235e+00,2.01314816e+01
6.07329246e+00,4.84223966e+00,1.75763670e+01,9.24097395e+00,1.07656756e+01,4.78172860e+00,2.00680935e+01
6.09247588e+00,4.85753461e+00,1.75210242e+01,9.27016296e+00,1.07317777e+01,4.79683242e+00,2.00049050e+01
6.11171988e+00,4.87287787e+00,1.74658557e+01,9.29944417e+00,1.06979865e+01,4.81198393e+00,1.99419154e+01
6.13102467e+00,4.88826959e+00,1.74108609e+01,9.32881787e+00,1.06643017e+01,4.82718331e+00,1.98791242e+01
6.15039044e+00,4.90370992e+00,1.73560392e+01,9.35828434e+00,1.06307229e+01,4.84243070e+00,1.98165307e+01
6.16981737e+00,4.91919903e+00,1.73013901e+01,9.38784390e+00,1.05972499e+01,4.85772625e+00,1.97541343e+01
6.18930567e+00,4.93473706e+00,1.72469132e+01,9.41749682e+00,1.05638823e+01,4.87307011e+00,1.96919344e+01
6.20885553e+00,4.95032417e+00,1.71926077e+01,9.44724340e+00,1.05306197e+01,4.88846244e+00,1.96299303e+01
6.22846714e+00,4.96596052e+00,1.71384733e+01,9.47708395e+00,1.04974619e+01,4.90390338e+00,1.95681214e+01
6.24814069e+00,4.98164626e+00,1.70845093e+01,9.50701875e+00,1.04644085e+01,4.91939310e+00,1.95065072e+01
6.26787638e+00,4.99738154e+00,1.70307152e+01,9.53704810e+00,1.04314592e+01,4.93493175e+00,1.94450869e+01
6.28767442e+00,5.01316652e+00,1.69770905e+01,9.56717231e+00,1.03986136e+01,4.95051947e+00,1.93838601e+01
6.30753499e+00,5.02900136e+00,1.69236346e+01,9.59739167e+00,1.03658714e+01,4.96615644e+00,1.93228260e+01
6.32745829e+00,5.04488622e+00,1.68703471e+01,9.62770648e+00,1.03332323e+01,4.98184279e+00,1.92619841e+01
6.34744452e+00,5.06082126e+00,1.68172273e+01,9.65811704e+00,1.03006960e+01,4.99757869e+00,1.92013338e+01
6.36749388e+00,5.07680663e+00,1.67642748e+01,9.68862366e+00,1.02682622e+01,5.01336430e+00,1.91408745e+01
6.38760657e+00,5.09284249e+00,1.67114891e+01,9.71922664e+00,1.02359305e+01,5.02919977e+00,1.90806055e+01
6.40778279e+00,5.10892900e+00,1.66588695e+01,9.74992628e+00,1.02037005e+01,5.04508525e+00,1.90205263e+01
6.42802274e+00,5.12506632e+00,1.66064157e+01,9.78072290e+00,1.01715721e+01,5.06102092e+00,1.89606363e+01
6.44832662e+00,5.14125462e+00,1.65541270e+01,9.81161679e+00,1.01395448e+01,5.07700692e+00,1.89009348e+01
6.46869463e+00,5.15749405e+00,1.65020029e+01,9.84260826e+00,1.01076184e+01,5.09304341e+00,1.88414213e+01
6.48912698e+00,5.17378477e+00,1.64500429e+01,9.87369762e+00,1.00757925e+01,5.10913055e+00,1.87820953e+01
6.50962387e+00,5.19012695e+00,1.63982466e+01,9.90488519e+00,1.00440668e+01,5.12526851e+00,1.87229560e+01
6.53018550e+00,5.20652075e+00,1.63466134e+01,9.93617126e+00,1.00124409e+01,5.14145745e+00,1.86640029e+01
6.55081207e+00,5.22296633e+00,1.62951427e+01,9.96755616e+00,9.98091472e+00,5.15769752e+00,1.86052355e+01
6.57150380e+00,5.23946386e+00,1.62438341e+01,9.99904019e+00,9.94948776e+00,5.17398888e+00,1.85466531e+01
6.59226089e+00,5.25601349e+00,1.61926870e+01,1.00306237e+01,9.91815976e+00,5.19033171e+00,1.84882551e+01
6.61308354e+00,5.27261541e+00,1.61417010e+01,1.00623069e+01,9.88693040e+00,5.20672615e+00,1.84300411e+01
6.63397196e+00,5.28926976e+00,1.60908756e+01,1.00940902e+01,9.85579937e+00,5.22317238e+00,1.83720103e+01
6.65492636e+00,5.30597671e+00,1.60402102e+01,1.01259739e+01,9.82476636e+00,5.23967056e+00,1.83141622e+01
6.67594695e+00,5.32273644e+00,1.59897043e+01,1.01579583e+01,9.79383106e+00,5.25622085e+00,1.82564963e+01
6.69703394e+00,5.33954911e+00,1.59393574e+01,1.01900438e+01,9.76299318e+00,5.27282342e+00,1.81990120e+01
6.71818753e+00,5.35641488e+00,1.58891691e+01,1.02222306e+01,9.73225239e+00,5.28947843e+00,1.81417087e+01
6.73940794e+00,5.37333392e+00,1.58391388e+01,1.02545190e+01,9.70160840e+00,5.30618604e+00,1.80845858e+01
6.76069538e+00,5.39030641e+00,1.57892660e+01,1.02869095e+01,9.67106089e+00,5.32294643e+00,1.80276428e+01
6.78205005e+00,5.40733251e+00,1.57395502e+01,1.03194022e+01,9.64060957e+00,5.33975976e+00,1.79708790e+01
6.80347218e+00,5.42441238e+00,1.56899910e+01,1.03519976e+01,9.61025413e+00,5.35662620e+00,1.79142940e+01
6.82496198e+00,5.44154621e+00,1.56405879e+01,1.03846960e+01,9.57999427e+00,5.37354591e+00,1.78578872e+01
6.84651965e+00,5.45873415e+00,1.55913403e+01,1.04174976e+01,9.54982970e+00,5.39051907e+00,1.78016580e+01
6.86814541e+00,5.47597639e+00,1.55422477e+01,1.04504028e+01,9.51976010e+00,5.40754584e+00,1.77456058e+01
6.88983949e+00,5.49327309e+00,1.54933098e+01,1.04834120e+01,9.48978518e+00,5.42462639e+00,1.76897301e+01
6.91160208e+00,5.51062442e+00,1.54445259e+01,1.05165255e+01,9.45990464e+00,5.44176089e+00,1.76340304e+01
6.93343342e+00,5.52803056e+00,1.53958957e+01,1.05497435e+01,9.43011819e+00,5.45894951e+00,1.75785060e+01
6.95533372e+00,5.54549168e+00,1.53474185e+01,1.05830664e+01,9.40042553e+00,5.47619243e+00,1.75231565e+01
6.97730319e+00,5.56300795e+00,1.52990940e+01,1.06164947e+01,9.37082636e+00,5.49348981e+00,1.74679812e+01
6.99934206e+00,5.58057955e+00,1.52509217e+01,1.06500285e+01,9.34132039e+00,5.51084182e+00,1.74129797e+01
7.02145053e+00,5.59820665e+00,1.52029010e+01,1.06836682e+01,9.31190732e+00,5.52824865e+00,1.73581514e+01
7.04362884e+00,5.61588943e+00,1.51550316e+01,1.07174142e+01,9.28258687e+00,5.54571046e+00,1.73034957e+01
7.06587721e+00,5.63362807e+00,1.51073128e+01,1.07512667e+01,9.25335874e+00,5.56322742e+00,1.72490120e+01
7.08819585e+00,5.65142273e+00,1.50597444e+01,1.07852262e+01,9.22422264e+00,5.58079971e+00,1.71947000e+01
7.11058499e+00,5.66927360e+00,1.50123257e+01,1.08192930e+01,9.19517828e+00,5.59842751e+00,1.71405589e+01
7.13304484e+00,5.68718086e+00,1.49650563e+01,1.08534674e+01,9.16622538e+00,5.61611099e+00,1.70865884e+01
7.15557564e+00,5.70514468e+00,1.49179357e+01,1.08877497e+01,9.13736364e+00,5.63385032e+00,1.70327877e+01
7.17817761e+00,5.72316524e+00,1.48709635e+01,1.09221403e+01,9.10859277e+00,5.65164569e+00,1.69791565e+01
7.20085096e+00,5.74124272e+00,1.48241393e+01,1.09566395e+01,9.07991250e+00,5.66949727e+00,1.69256942e+01
7.22359594e+00,5.75937730e+00,1.47774624e+01,1.09912477e+01,9.05132253e+00,5.68740523e+00,1.68724001e+01
7.24641275e+00,5.77756916e+00,1.47309325e+01,1.10259652e+01,9.02282258e+00,5.70536976e+00,1.68192739e+01
7.26930164e+00,5.79581849e+00,1.46845492e+01,1.10607924e+01,8.99441237e+00,5.72339103e+00,1.67663150e+01
7.29226283e+00,5.81412545e+00,1.46383119e+01,1.10957296e+01,8.96609162e+00,5.74146922e+00,1.67135228e+01
7.31529654e+00,5.83249025e+00,1.45922201e+01,1.11307771e+01,8.93786004e+00,5.75960452e+00,1.66608968e+01
7.33840301e+00,5.85091305e+00,1.45462735e+01,1.11659354e+01,8.90971735e+00,5.77779710e+00,1.66084366e+01
7.36158246e+00,5.86939404e+00,1.45004716e+01,1.12012046e+01,8.88166328e+00,5.79604714e+00,1.65561415e+01
7.38483513e+00,5.88793341e+00,1.44548139e+01,1.12365853e+01,8.85369754e+00,5.81435483e+00,1.65040111e+01
7.40816125e+00,5.90653133e+00,1.44092999e+01,1.12720778e+01,8.82581986e+00,5.83272035e+00,1.64520448e+01
7.43156104e+00,5.92518800e+00,1.43639293e+01,1.13076823e+01,8.79802995e+00,5.85114388e+00,1.64002422e+01
7.45503475e+00,5.94390360e+00,1.43187015e+01,1.13433994e+01,8.77032755e+00,5.86962560e+00,1.63486027e+01
7.47858260e+00,5.96267832e+00,1.42736162e+01,1.13792292e+01,8.74271237e+00,5.88816570e+00,1.62971257e+01
7.50220484e+00,5.98151234e+00,1.42286727e+01,1.14151722e+01,8.71518415e+00,5.90676436e+00,1.62458109e+01
7.52590168e+00,6.00040585e+00,1.41838709e+01,1.14512288e+01,8.68774260e+00,5.92542176e+00,1.61946576e+01
7.54967338e+00,6.01935904e+00,1.41392100e+01,1.14873992e+01,8.66038746e+00,5.94413810e+00,1.61436654e+01
7.57352016e+00,6.03837209e+00,1.40946898e+01,1.15236839e+01,8.63311845e+00,5.96291356e+00,1.60928338e+01
7.59744227e+00,6.05744520e+00,1.40503098e+01,1.15600832e+01,8.60593531e+00,5.98174832e+00,1.60421622e+01
7.62143993e+00,6.07657855e+00,1.40060695e+01,1.15965974e+01,8.57883775e+00,6.00064258e+00,1.59916502e+01
7.64551340e+00,6.09577235e+00,1.39619685e+01,1.16332270e+01,8.55182552e+00,6.01959651e+00,1.59412972e+01
7.66966291e+00,6.11502676e+00,1.39180064e+01,1.16699724e+01,8.52489834e+00,6.03861032e+00,1.58911027e+01
7.69388870e+00,6.13434200e+00,1.38741827e+01,1.17068337e+01,8.49805595e+00,6.05768418e+00,1.58410663e+01
7.71819101e+00,6.15371824e+00,1.38304970e+01,1.17438115e+01,8.47129808e+00,6.07681829e+00,1.57911875e+01
7.74257008e+00,6.17315569e+00,1.37869488e+01,1.17809061e+01,8.44462446e+00,6.09601283e+00,1.57414657e+01
7.76702615e+00,6.19265453e+00,1.37435378e+01,1.18181179e+01,8.41803482e+00,6.11526801e+00,1.56919004e+01
7.79155948e+00,6.21221497e+00,1.37002634e+01,1.18554472e+01,8.39152891e+00,6.13458401e+00,1.56424913e+01
7.81617030e+00,6.23183719e+00,1.36571254e+01,1.18928944e+01,8.36510646e+00,6.15396102e+00,1.55932377e+01
7.84085885e+00,6.25152138e+00,1.36141231e+01,1.19304599e+01,8.33876721e+00,6.17339923e+00,1.55441392e+01
7.86562538e+00,6.27126776e+00,1.35712562e+01,1.19681441e+01,8.31251089e+00,6.19289885e+00,1.54951952e+01
7.89047015e+00,6.29107650e+00,1.35285243e+01,1.20059473e+01,8.28633724e+00,6.21246005e+00,1.54464054e+01
7.91539339e+00,6.31094782e+00,1.34859270e+01,1.20438699e+01,8.26024601e+00,6.23208304e+00,1.53977693e+01
7.94039535e+00,6.33088190e+00,1.34434638e+01,1.20819122e+01,8.23423693e+00,6.25176802e+00,1.53492862e+01
7.96547629e+00,6.35087895e+00,1.34011343e+01,1.21200748e+01,8.20830974e+00,6.27151517e+00,1.53009559e+01
7.99063645e+00,6.37093915e+00,1.33589381e+01,1.21583579e+01,8.18246419e+00,6.29132470e+00,1.52527777e+01
8.01587608e+00,6.39106273e+00,1.33168747e+01,1.21967619e+01,8.15670003e+00,6.31119680e+00,1.52047512e+01
8.04119544e+00,6.41124986e+00,1.32749438e+01,1.22352872e+01,8.13101698e+00,6.33113166e+00,1.51568759e+01
8.06659477e+00,6.43150076e+00,1.32331449e+01,1.22739342e+01,8.10541481e+00,6.35112950e+00,1.51091513e+01
8.09207432e+00,6.45181563e+00,1.31914776e+01,1.23127033e+01,8.07989324e+00,6.37119050e+00,1.50615771e+01
8.11763436e+00,6.47219466e+00,1.31499416e+01,1.23515948e+01,8.05445204e+00,6.39131487e+00,1.50141526e+01
8.14327513e+00,6.49263807e+00,1.31085363e+01,1.23906092e+01,8.02909095e+00,6.41150280e+00,1.49668775e+01
8.16899690e+00,6.51314604e+00,1.30672614e+01,1.24297468e+01,8.00380971e+00,6.43175450e+00,1.49197512e+01
8.19479991e+00,6.53371880e+00,1.30261164e+01,1.24690080e+01,7.97860807e+00,6.45207017e+00,1.48727733e+01
8.22068442e+00,6.55435654e+00,1.29851010e+01,1.25083933e+01,7.95348578e+00,6.47245000e+00,1.48259433e+01
8.24665069e+00,6.57505946e+00,1.29442147e+01,1.25479029e+01,7.92844260e+00,6.49289421e+00,1.47792608e+01
8.27269898e+00,6.59582778e+00,1.29034572e+01,1.25875374e+01,7.90347827e+00,6.51340300e+00,1.47327252e+01
8.29882955e+00,6.61666169e+00,1.28628280e+01,1.26272970e+01,7.87859255e+00,6.53397657e+00,1.46863362e+01
8.32504266e+00,6.63756142e+00,1.28223268e+01,1.26671822e+01,7.85378518e+00,6.55461512e+00,1.46400933e+01
8.35133856e+00,6.65852716e+00,1.27819531e+01,1.27071934e+01,7.82905593e+00,6.57531886e+00,1.45939959e+01
8.37771752e+00,6.67955912e+00,1.27417065e+01,1.27473310e+01,7.80440454e+00,6.59608799e+00,1.45480438e+01
8.40417981e+00,6.70065752e+00,1.27015866e+01,1.27875954e+01,7.77983077e+00,6.61692273e+00,1.45022363e+01
8.43072568e+00,6.72182256e+00,1.26615930e+01,1.28279869e+01,7.75533437e+00,6.63782328e+00,1.44565730e+01
8.45735540e+00,6.74305445e+00,1.26217254e+01,1.28685061e+01,7.73091511e+00,6.65878985e+00,1.44110535e+01
8.48406923e+00,6.76435340e+00,1.25819833e+01,1.29091532e+01,7.70657274e+00,6.67982264e+00,1.43656773e+01
8.51086744e+00,6.78571963e+00,1.25423664e+01,1.29499287e+01,7.68230701e+00,6.70092187e+00,1.43204441e+01
8.53775030e+00,6.80715335e+00,1.25028741e+01,1.29908330e+01,7.65811769e+00,6.72208774e+00,1.42753532e+01
8.56471808e+00,6.82865477e+00,1.24635063e+01,1.30318665e+01,7.63400454e+00,6.74332047e+00,1.42304043e+01
8.59177103e+00,6.85022411e+00,1.24242624e+01,1.30730296e+01,7.60996731e+00,6.76462027e+00,1.41855970e+01
8.61890944e+00,6.87186158e+00,1.23851420e+01,1.31143228e+01,7.58600576e+00,6.78598734e+00,1.41409307e+01
8.64613356e+00,6.89356739e+00,1.23461449e+01,1.31557463e+01,7.56211967e+00,6.80742191e+00,1.40964051e+01
8.67344368e+00,6.91534176e+00,1.23072705e+01,1.31973007e+01,7.53830878e+00,6.82892418e+00,1.40520197e+01
8.70084006e+00,6.93718491e+00,1.22685185e+01,1.32389864e+01,7.51457287e+00,6.85049436e+00,1.40077740e+01
8.72832298e+00,6.95909706e+00,1.22298886e+01,1.32808037e+01,7.49091169e+00,6.87213268e+00,1.39636676e+01
8.75589270e+00,6.98107842e+00,1.21913803e+01,1.33227532e+01,7.46732502e+00,6.89383935e+00,1.39197002e+01
8.78354951e+00,7.00312920e+00,1.21529932e+01,1.33648351e+01,7.44381261e+00,6.91561458e+00,1.38758711e+01
8.81129368e+00,7.02524965e+00,1.21147270e+01,1.34070499e+01,7.42037424e+00,6.93745860e+00,1.38321801e+01
8.83912548e+00,7.04743996e+00,1.20765813e+01,1.34493981e+01,7.39700967e+00,6.95937161e+00,1.37886266e+01
8.86704519e+00,7.06970036e+00,1.20385557e+01,1.34918801e+01,7.37371867e+00,6.98135383e+00,1.37452103e+01
8.89505309e+00,7.09203107e+00,1.20006498e+01,1.35344962e+01,7.35050100e+00,7.00340549e+00,1.37019307e+01
8.92314946e+00,7.11443233e+00,1.19628633e+01,1.35772470e+01,7.32735644e+00,7.02552680e+00,1.36587874e+01
8.95133457e+00,7.13690433e+00,1.19251958e+01,1.36201327e+01,7.30428475e+00,7.04771799e+00,1.36157799e+01
8.97960871e+00,7.15944732e+00,1.18876469e+01,1.36631540e+01,7.28128571e+00,7.06997927e+00,1.35729078e+01
9.00797216e+00,7.18206152e+00,1.18502162e+01,1.37063111e+01,7.25835909e+00,7.09231087e+00,1.35301707e+01
9.03642520e+00,7.20474714e+00,1.18129033e+01,1.37496046e+01,7.23550466e+00,7.11471300e+00,1.34875682e+01
9.06496811e+00,7.22750442e+00,1.17757080e+01,1.37930348e+01,7.21272219e+00,7.13718590e+00,1.34450998e+01
9.09360118e+00,7.25033359e+00,1.17386298e+01,1.38366022e+01,7.19001145e+00,7.15972978e+00,1.34027652e+01
9.12232470e+00,7.27323486e+00,1.17016683e+01,1.38803072e+01,7.16737222e+00,7.18234486e+00,1.33605638e+01
9.15113894e+00,7.29620847e+00,1.16648232e+01,1.39241502e+01,7.14480428e+00,7.20503138e+00,1.33184953e+01
9.18004419e+00,7.31925465e+00,1.16280941e+01,1.39681317e+01,7.12230740e+00,7.22778956e+00,1.32765593e+01
9.20904074e+00,7.34237362e+00,1.15914806e+01,1.40122522e+01,7.09988135e+00,7.25061963e+00,1.32347553e+01
9.23812889e+00,7.36556561e+00,1.15549825e+01,1.40565120e+01,7.07752592e+00,7.27352180e+00,1.31930830e+01
9.26730891e+00,7.38883086e+00,1.15185993e+01,1.41009116e+01,7.05524088e+00,7.29649632e+00,1.31515419e+01
9.29658111e+00,7.41216960e+00,1.14823306e+01,1.41454515e+01,7.03302600e+00,7.31954340e+00,1.31101315e+01
9.32594576e+00,7.43558206e+00,1.14461761e+01,1.41901320e+01,7.01088108e+00,7.34266329e+00,1.30688516e+01
9.35540317e+00,7.45906846e+00,1.14101355e+01,1.42349537e+01,6.98880588e+00,7.36585620e+00,1.30277016e+01
9.38495362e+00,7.48262906e+00,1.13742083e+01,1.42799169e+01,6.96680019e+00,7.38912236e+00,1.29866812e+01
9.41459741e+00,7.50626407e+00,1.13383943e+01,1.43250222e+01,6.94486379e+00,7.41246202e+00,1.29457900e+01
9.44433484e+00,7.52997374e+00,1.13026930e+01,1.43702700e+01,6.92299646e+00,7.43587540e+00,1.29050275e+01
9.47416620e+00,7.55375830e+00,1.12671042e+01,1.44156606e+01,6.90119798e+00,7.45936274e+00,1.28643934e+01
9.50409178e+00,7.57761798e+00,1.12316274e+01,1.44611947e+01,6.87946814e+00,7.48292426e+00,1.28238872e+01
9.53411189e+00,7.60155303e+00,1.11962623e+01,1.45068725e+01,6.85780673e+00,7.50656021e+00,1.27835086e+01
9.56422682e+00,7.62556368e+00,1.11610086e+01,1.45526947e+01,6.83621351e+00,7.53027081e+00,1.27432571e+01
9.59443687e+00,7.64965018e+00,1.11258658e+01,1.45986616e+01,6.81468829e+00,7.55405631e+00,1.27031323e+01
9.62474235e+00,7.67381275e+00,1.10908338e+01,1.46447736e+01,6.79323085e+00,7.57791693e+00,1.26631339e+01
9.65514355e+00,7.69805165e+00,1.10559120e+01,1.46910314e+01,6.77184097e+00,7.60185293e+00,1.26232614e+01
9.68564078e+00,7.72236711e+00,1.10211002e+01,1.47374352e+01,6.75051844e+00,7.62586453e+00,1.25835145e+01
9.71623434e+00,7.74675937e+00,1.09863980e+01,1.47839856e+01,6.72926304e+00,7.64995197e+00,1.25438927e+01
9.74692453e+00,7.77122868e+00,1.09518051e+01,1.48306831e+01,6.70807458e+00,7.67411550e+00,1.25043957e+01
9.77771166e+00,7.79577528e+00,1.09173211e+01,1.48775280e+01,6.68695283e+00,7.69835535e+00,1.24650230e+01
9.80859604e+00,7.82039941e+00,1.08829456e+01,1.49245209e+01,6.66589758e+00,7.72267177e+00,1.24257744e+01
9.83957797e+00,7.84510132e+00,1.08486785e+01,1.49716623e+01,6.64490864e+00,7.74706499e+00,1.23866492e+01
9.87065776e+00,7.86988126e+00,1.08145192e+01,1.50189525e+01,6.62398578e+00,7.77153527e+00,1.23476473e+01
9.90183573e+00,7.89473946e+00,1.07804674e+01,1.50663922e+01,6.60312880e+00,7.79608283e+00,1.23087682e+01
9.93311217e+00,7.91967619e+00,1.07465229e+01,1.51139816e+01,6.58233749e+00,7.82070794e+00,1.22700116e+01
9.96448740e+00,7.94469168e+00,1.07126853e+01,1.51617214e+01,6.56161165e+00,7.84541082e+00,1.22313769e+01
9.99596174e+00,7.96978619e+00,1.06789542e+01,1.52096120e+01,6.54095107e+00,7.87019174e+00,1.21928639e+01
1.00275355e+01,7.99495996e+00,1.06453293e+01,1.52576539e+01,6.52035554e+00,7.89505093e+00,1.21544722e+01
1.00592090e+01,8.02021325e+00,1.06118103e+01,1.53058475e+01,6.49982487e+00,7.91998864e+00,1.21162013e+01
1.00909825e+01,8.04554630e+00,1.05783968e+01,1.53541933e+01,6.47935883e+00,7.94500511e+00,1.20780510e+01
1.01228564e+01,8.07095938e+00,1.05450886e+01,1.54026918e+01,6.45895724e+00,7.97010061e+00,1.20400208e+01
1.01548310e+01,8.09645272e+00,1.05118852e+01,1.54513436e+01,6.43861989e+00,7.99527538e+00,1.20021103e+01
1.01869065e+01,8.12202659e+00,1.04787864e+01,1.55001490e+01,6.41834657e+00,8.02052966e+00,1.19643192e+01
1.02190834e+01,8.14768123e+00,1.04457918e+01,1.55491085e+01,6.39813709e+00,8.04586372e+00,1.19266471e+01
1.02513619e+01,8.17341691e+00,1.04129011e+01,1.55982227e+01,6.37799124e+00,8.07127779e+00,1.18890936e+01
1.02837424e+01,8.19923389e+00,1.03801139e+01,1.56474921e+01,6.35790883e+00,8.09677214e+00,1.18516583e+01
1.03162252e+01,8.22513240e+00,1.03474300e+01,1.56969170e+01,6.33788965e+00,8.12234702e+00,1.18143409e+01
1.03488105e+01,8.25111272e+00,1.03148490e+01,1.57464981e+01,6.31793350e+00,8.14800267e+00,1.17771410e+01
1.03814988e+01,8.27717511e+00,1.02823706e+01,1.57962358e+01,6.29804019e+00,8.17373937e+00,1.17400583e+01
1.04142903e+01,8.30331982e+00,1.02499944e+01,1.58461306e+01,6.27820952e+00,8.19955736e+00,1.17030923e+01
1.04471854e+01,8.32954711e+00,1.02177202e+01,1.58961830e+01,6.25844129e+00,8.22545690e+00,1.16662427e+01
1.04801844e+01,8.35585724e+00,1.01855476e+01,1.59463935e+01,6.23873530e+00,8.25143825e+00,1.16295092e+01
1.05132877e+01,8.38225047e+00,1.01534763e+01,1.59967626e+01,6.21909136e+00,8.27750166e+00,1.15928913e+01
1.05464955e+01,8.40872708e+00,1.01215060e+01,1.60472908e+01,6.19950928e+00,8.30364740e+00,1.15563887e+01
1.05798082e+01,8.43528731e+00,1.00896364e+01,1.60979786e+01,6.17998885e+00,8.32987572e+00,1.15200010e+01
1.06132261e+01,8.46193144e+00,1.00578671e+01,1.61488264e+01,6.16052989e+00,8.35618689e+00,1.14837279e+01
1.06467496e+01,8.48865972e+00,1.00261978e+01,1.61998350e+01,6.14113219e+00,8.38258117e+00,1.14475691e+01
1.06803790e+01,8.51547244e+00,9.99462828e+00,1.62510046e+01,6.12179558e+00,8.40905882e+00,1.14115240e+01
1.07141145e+01,8.54236984e+00,9.96315814e+00,1.63023358e+01,6.10251985e+00,8.43562010e+00,1.13755925e+01
1.07479567e+01,8.56935221e+00,9.93178709e+00,1.63538292e+01,6.08330481e+00,8.46226528e+00,1.13397741e+01
1.07819057e+01,8.59641980e+00,9.90051482e+00,1.64054853e+01,6.06415028e+00,8.48899462e+00,1.13040685e+01
1.08159620e+01,8.62357289e+00,9.86934102e+00,1.64573045e+01,6.04505606e+00,8.51580839e+00,1.12684753e+01
1.08501259e+01,8.65081174e+00,9.83826537e+00,1.65092873e+01,6.02602196e+00,8.54270685e+00,1.12329942e+01
1.08843976e+01,8.67813664e+00,9.80728757e+00,1.65614344e+01,6.00704779e+00,8.56969028e+00,1.11976248e+01
1.09187776e+01,8.70554784e+00,9.77640732e+00,1.66137462e+01,5.98813337e+00,8.59675894e+00,1.11623668e+01
1.09532662e+01,8.73304563e+00,9.74562429e+00,1.66662232e+01,5.96927850e+00,8.62391310e+00,1.11272198e+01
1.09878638e+01,8.76063027e+00,9.71493819e+00,1.67188660e+01,5.95048300e+00,8.65115303e+00,1.10921835e+01
1.10225706e+01,8.78830205e+00,9.68434872e+00,1.67716751e+01,5.93174668e+00,8.67847901e+00,1.10572575e+01
1.10573871e+01,8.81606122e+00,9.65385556e+00,1.68246509e+01,5.91306936e+00,8.70589129e+00,1.10224414e+01
1.10923135e+01,8.84390808e+00,9.62345841e+00,1.68777941e+01,5.89445085e+00,8.73339016e+00,1.09877350e+01
1.11273502e+01,8.87184290e+00,9.59315698e+00,1.69311052e+01,5.87589096e+00,8.76097590e+00,1.09531379e+01
1.11624976e+01,8.89986596e+00,9.56295095e+00,1.69845846e+01,5.85738951e+00,8.78864876e+00,1.09186497e+01
1.11977561e+01,8.92797753e+00,9.53284004e+00,1.70382330e+01,5.83894632e+00,8.81640903e+00,1.08842700e+01
1.12331259e+01,8.95617789e+00,9.50282394e+00,1.70920508e+01,5.82056120e+00,8.84425699e+00,1.08499987e+01
1.12686074e+01,8.98446733e+00,9.47290234e+00,1.71460387e+01,5.80223397e+00,8.87219291e+00,1.08158352e+01
1.13042010e+01,9.01284613e+00,9.44307497e+00,1.72001970e+01,5.78396444e+00,8.90021707e+00,1.07817794e+01
1.13399070e+01,9.04131456e+00,9.41334151e+00,1.72545264e+01,5.76575244e+00,8.92832975e+00,1.07478307e+01
1.13757258e+01,9.06987292e+00,9.38370167e+00,1.73090275e+01,5.74759779e+00,8.95653123e+00,1.07139890e+01
1.14116578e+01,9.09852148e+00,9.35415516e+00,1.73637006e+01,5.72950030e+00,8.98482178e+00,1.06802538e+01
1.14477032e+01,9.12726053e+00,9.32470168e+00,1.74185465e+01,5.71145979e+00,9.01320170e+00,1.06466248e+01
1.14838625e+01,9.15609036e+00,9.29534094e+00,1.74735656e+01,5.69347609e+00,9.04167126e+00,1.06131017e+01
1.15201360e+01,9.18501126e+00,9.26607265e+00,1.75287585e+01,5.67554901e+00,9.07023074e+00,1.05796842e+01
1.15565241e+01,9.21402350e+00,9.23689652e+00,1.75841257e+01,5.65767838e+00,9.09888043e+00,1.05463719e+01
1.15930271e+01,9.24312738e+00,9.20781226e+00,1.76396679e+01,5.63986401e+00,9.12762062e+00,1.05131645e+01
1.16296455e+01,9.27232320e+00,9.17881957e+00,1.76953854e+01,5.62210575e+00,9.15645159e+00,1.04800616e+01
1.16663795e+01,9.30161123e+00,9.14991817e+00,1.77512790e+01,5.60440339e+00,9.18537362e+00,1.04470630e+01
1.17032295e+01,9.33099177e+00,9.12110778e+00,1.78073490e+01,5.58675678e+00,9.21438701e+00,1.04141683e+01
1.17401959e+01,9.36046512e+00,9.09238810e+00,1.78635962e+01,5.56916573e+00,9.24349204e+00,1.03813771e+01
1.17772791e+01,9.39003156e+00,9.06375885e+00,1.79200211e+01,5.55163007e+00,9.27268901e+00,1.03486892e+01
1.18144794e+01,9.41969139e+00,9.03521974e+00,1.79766242e+01,5.53414962e+00,9.30197819e+00,1.03161042e+01
1.18517972e+01,9.44944491e+00,9.00677050e+00,1.80334061e+01,5.51672421e+00,9.33135990e+00,1.02836219e+01
1.18892329e+01,9.47929241e+00,8.97841083e+00,1.80903673e+01,5.49935367e+00,9.36083440e+00,1.02512418e+01
1.19267868e+01,9.50923418e+00,8.95014046e+00,1.81475085e+01,5.48203783e+00,9.39040201e+00,1.02189636e+01
1.19644594e+01,9.53927053e+00,8.92195911e+00,1.82048301e+01,5.46477651e+00,9.42006301e+00,1.01867871e+01
1.20022509e+01,9.56940176e+00,8.89386649e+00,1.82623328e+01,5.44756954e+00,9.44981771e+00,1.01547119e+01
1.20401619e+01,9.59962816e+00,8.86586233e+00,1.83200172e+01,5.43041675e+00,9.47966638e+00,1.01227378e+01
1.20781925e+01,9.62995003e+00,8.83794634e+00,1.83778837e+01,5.41331797e+00,9.50960934e+00,1.00908642e+01
1.21163433e+01,9.66036768e+00,8.81011825e+00,1.84359330e+01,5.39627302e+00,9.53964687e+00,1.00590911e+01
1.21546146e+01,9.69088141e+00,8.78237779e+00,1.84941657e+01,5.37928175e+00,9.56977929e+00,1.00274180e+01
1.21930068e+01,9.72149152e+00,8.75472467e+00,1.85525823e+01,5.36234398e+00,9.60000688e+00,9.99584458e+00
1.22315203e+01,9.75219832e+00,8.72715862e+00,1.86111834e+01,5.34545954e+00,9.63032995e+00,9.96437061e+00
1.22701554e+01,9.78300211e+00,8.69967937e+00,1.86699697e+01,5.32862826e+00,9.66074880e+00,9.93299575e+00
1.23089125e+01,9.81390320e+00,8.67228664e+00,1.87289416e+01,5.31184998e+00,9.69126373e+00,9.90171967e+00
1.23477921e+01,9.84490189e+00,8.64498017e+00,1.87880998e+01,5.29512453e+00,9.72187505e+00,9.87054208e+00
1.23867944e+01,9.87599850e+00,8.61775967e+00,1.88474448e+01,5.27845174e+00,9.75258306e+00,9.83946265e+00
1.24259200e+01,9.90719333e+00,8.59062489e+00,1.89069773e+01,5.26183146e+00,9.78338807e+00,9.80848108e+00
1.24651691e+01,9.93848670e+00,8.56357554e+00,1.89666979e+01,5.24526350e+00,9.81429038e+00,9.77759706e+00
1.25045422e+01,9.96987891e+00,8.53661137e+00,1.90266070e+01,5.22874771e+00,9.84529029e+00,9.74681029e+00
1.25440397e+01,1.00013703e+01,8.50973209e+00,1.90867054e+01,5.21228392e+00,9.87638813e+00,9.71612046e+00
1.25836620e+01,1.00329611e+01,8.48293746e+00,1.91469937e+01,5.19587198e+00,9.90758419e+00,9.68552726e+00
1.26234094e+01,1.00646517e+01,8.45622719e+00,1.92074724e+01,5.17951171e+00,9.93887879e+00,9.65503039e+00
1.26632823e+01,1.00964425e+01,8.42960102e+00,1.92681421e+01,5.16320295e+00,9.97027224e+00,9.62462955e+00
1.27032812e+01,1.01283336e+01,8.40305869e+00,1.93290034e+01,5.14694555e+00,1.00017648e+01,9.59432442e+00
1.27434064e+01,1.01603255e+01,8.37659994e+00,1.93900570e+01,5.13073933e+00,1.00333569e+01,9.56411472e+00
1.27836584e+01,1.01924184e+01,8.35022449e+00,1.94513034e+01,5.11458415e+00,1.00650488e+01,9.53400015e+00
1.28240375e+01,1.02246127e+01,8.32393210e+00,1.95127433e+01,5.09847983e+00,1.00968408e+01,9.50398039e+00
1.28645442e+01,1.02569087e+01,8.29772249e+00,1.95743772e+01,5.08242622e+00,1.01287332e+01,9.47405516e+00
1.29051788e+01,1.02893067e+01,8.27159540e+00,1.96362058e+01,5.06642316e+00,1.01607263e+01,9.44422415e+00
1.29459417e+01,1.03218070e+01,8.24555059e+00,1.96982298e+01,5.05047049e+00,1.01928205e+01,9.41448707e+00
1.29868334e+01,1.03544100e+01,8.21958778e+00,1.97604496e+01,5.03456804e+00,1.02250161e+01,9.38484363e+00
1.30278543e+01,1.03871159e+01,8.19370672e+00,1.98228659e+01,5.01871567e+00,1.02573133e+01,9.35529352e+00
1.30690048e+01,1.04199252e+01,8.16790715e+00,1.98854795e+01,5.00291322e+00,1.02897126e+01,9.32583646e+00
1.31102852e+01,1.04528381e+01,8.14218882e+00,1.99482907e+01,4.98716052e+00,1.03222142e+01,9.29647215e+00
1.31516960e+01,1.04858550e+01,8.11655147e+00,2.00113004e+01,4.97145742e+00,1.03548185e+01,9.26720030e+00
1.31932376e+01,1.05189761e+01,8.09099484e+00,2.00745091e+01,4.95580376e+00,1.03875257e+01,9.23802061e+00
1.32349105e+01,1.05522019e+01,8.06551868e+00,2.01379175e+01,4.94019940e+00,1.04203363e+01,9.20893281e+00
1.32767149e+01,1.05855326e+01,8.04012274e+00,2.02015262e+01,4.92464417e+00,1.04532505e+01,9.17993660e+00
1.33186514e+01,1.06189686e+01,8.01480676e+00,2.02653357e+01,4.90913791e+00,1.04862687e+01,9.15103168e+00
1.33607204e+01,1.06525102e+01,7.98957050e+00,2.03293469e+01,4.89368049e+00,1.05193911e+01,9.12221778e+00
1.34029222e+01,1.06861578e+01,7.96441370e+00,2.03935602e+01,4.87827173e+00,1.05526182e+01,9.09349460e+00
1.34452574e+01,1.07199117e+01,7.93933611e+00,2.04579763e+01,4.86291149e+00,1.05859502e+01,9.06486187e+00
1.34877263e+01,1.07537721e+01,7.91433748e+00,2.05225959e+01,4.84759961e+00,1.06193876e+01,9.03631929e+00
1.35303293e+01,1.07877395e+01,7.88941756e+00,2.05874196e+01,4.83233595e+00,1.06529305e+01,9.00786659e+00
1.35730669e+01,1.08218142e+01,7.86457611e+00,2.06524481e+01,4.81712035e+00,1.06865794e+01,8.97950347e+00
1.36159395e+01,1.08559966e+01,7.83981288e+00,2.07176820e+01,4.80195266e+00,1.07203346e+01,8.95122966e+00
1.36589475e+01,1.08902869e+01,7.81512762e+00,2.07831219e+01,4.78683272e+00,1.07541964e+01,8.92304488e+00
1.37020913e+01,1.09246855e+01,7.79052009e+00,2.08487685e+01,4.77176040e+00,1.07881651e+01,8.89494884e+00
1.37453714e+01,1.09591927e+01,7.76599003e+00,2.09146225e+01,4.75673553e+00,1.08222412e+01,8.86694126e+00
1.37887883e+01,1.09938090e+01,7.74153722e+00,2.09806845e+01,4.74175797e+00,1.08564248e+01,8.83902188e+00
1.38323422e+01,1.10285346e+01,7.71716140e+00,2.10469552e+01,4.72682757e+00,1.08907165e+01,8.81119041e+00
1.38760338e+01,1.10633699e+01,7.69286233e+00,2.11134351e+01,4.71194419e+00,1.09251165e+01,8.78344656e+00
1.39198633e+01,1.10983152e+01,7.66863978e+00,2.11801251e+01,4.69710766e+00,1.09596251e+01,8.75579008e+00
1.39638313e+01,1.11333709e+01,7.64449349e+00,2.12470257e+01,4.68231786e+00,1.09942427e+01,8.72822068e+00
1.40079382e+01,1.11685374e+01,7.62042324e+00,2.13141377e+01,4.66757462e+00,1.10289697e+01,8.70073808e+00
1.40521844e+01,1.12038149e+01,7.59642877e+00,2.13814616e+01,4.65287780e+00,1.10638064e+01,8.67334202e+00
1.40965703e+01,1.12392038e+01,7.57250985e+00,2.14489982e+01,4.63822726e+00,1.10987531e+01,8.64603223e+00
1.41410964e+01,1.12747045e+01,7.54866625e+00,2.15167481e+01,4.62362285e+00,1.11338102e+01,8.61880842e+00
1.41857632e+01,1.13103174e+01,7.52489773e+00,2.15847120e+01,4.60906442e+00,1.11689780e+01,8.59167033e+00
1.42305711e+01,1.13460427e+01,7.50120404e+00,2.16528905e+01,4.59455184e+00,1.12042569e+01,8.56461769e+00
1.42755205e+01,1.13818809e+01,7.47758496e+00,2.17212844e+01,4.58008495e+00,1.12396472e+01,8.53765024e+00
1.43206119e+01,1.14178323e+01,7.45404025e+00,2.17898944e+01,4.56566361e+00,1.12751493e+01,8.51076769e+00
1.43658457e+01,1.14538973e+01,7.43056967e+00,2.18587211e+01,4.55128768e+00,1.13107636e+01,8.48396979e+00
1.44112224e+01,1.14900761e+01,7.40717300e+00,2.19277651e+01,4.53695702e+00,1.13464904e+01,8.45725627e+00
1.44567424e+01,1.15263693e+01,7.38385000e+00,2.19970273e+01,4.52267148e+00,1.13823300e+01,8.43062687e+00
1.45024062e+01,1.15627770e+01,7.36060043e+00,2.20665082e+01,4.50843092e+00,1.14182828e+01,8.40408131e+00
1.45482143e+01,1.15992998e+01,7.33742407e+00,2.21362086e+01,4.49423520e+00,1.14543491e+01,8.37761933e+00
1.45941670e+01,1.16359380e+01,7.31432068e+00,2.22061292e+01,4.48008418e+00,1.14905294e+01,8.35124068e+00
1.46402649e+01,1.16726918e+01,7.29129004e+00,2.22762706e+01,4.46597771e+00,1.15268240e+01,8.32494508e+00
1.46865084e+01,1.17095618e+01,7.26833192e+00,2.23466336e+01,4.45191567e+00,1.15632332e+01,8.29873228e+00
1.47328979e+01,1.17465482e+01,7.24544608e+00,2.24172188e+01,4.43789790e+00,1.15997574e+01,8.27260202e+00
1.47794340e+01,1.17836514e+01,7.22263231e+00,2.24880269e+01,4.42392426e+00,1.16363970e+01,8.24655404e+00
1.48261171e+01,1.18208719e+01,7.19989037e+00,2.25590588e+01,4.40999463e+00,1.16731523e+01,8.22058807e+00
1.48729476e+01,1.18582099e+01,7.17722004e+00,2.26303150e+01,4.39610886e+00,1.17100237e+01,8.19470386e+00
1.49199260e+01,1.18956658e+01,7.15462109e+00,2.27017962e+01,4.38226680e+00,1.17470116e+01,8.16890115e+00
1.49670529e+01,1.19332401e+01,7.13209329e+00,2.27735033e+01,4.36846834e+00,1.17841163e+01,8.14317969e+00
1.50143286e+01,1.19709330e+01,7.10963643e+00,2.28454368e+01,4.35471332e+00,1.18213382e+01,8.11753922e+00
1.50617536e+01,1.20087450e+01,7.08725028e+00,2.29175976e+01,4.34100161e+00,1.18586777e+01,8.09197948e+00
1.51093284e+01,1.20466765e+01,7.06493462e+00,2.29899863e+01,4.32733308e+00,1.18961351e+01,8.06650022e+00
1.51570535e+01,1.20847277e+01,7.04268922e+00,2.30626036e+01,4.31370758e+00,1.19337109e+01,8.04110119e+00
1.52049294e+01,1.21228991e+01,7.02051387e+00,2.31354503e+01,4.30012499e+00,1.19714053e+01,8.01578213e+00
1.52529564e+01,1.21611912e+01,6.99840834e+00,2.32085271e+01,4.28658516e+00,1.20092188e+01,7.99054280e+00
1.53011352e+01,1.21996041e+01,6.97637242e+00,2.32818348e+01,4.27308797e+00,1.20471517e+01,7.96538293e+00
1.53494661e+01,1.22381384e+01,6.95440588e+00,2.33553740e+01,4.25963327e+00,1.20852045e+01,7.94030229e+00
1.53979497e+01,1.22767944e+01,6.93250850e+00,2.34291454e+01,4.24622094e+00,1.21233774e+01,7.91530062e+00
1.54465865e+01,1.23155725e+01,6.91068008e+00,2.35031499e+01,4.23285084e+00,1.21616709e+01,7.89037767e+00
1.54953769e+01,1.23544731e+01,6.88892038e+00,2.35773882e+01,4.21952284e+00,1.22000854e+01,7.86553320e+00
1.55443213e+01,1.23934966e+01,6.86722920e+00,2.36518609e+01,4.20623681e+00,1.22386212e+01,7.84076695e+00
1.55934204e+01,1.24326433e+01,6.84560632e+00,2.37265689e+01,4.19299261e+00,1.22772787e+01,7.81607869e+00
1.56426746e+01,1.24719137e+01,6.82405153e+00,2.38015128e+01,4.17979011e+00,1.23160584e+01,7.79146816e+00
1.56920844e+01,1.25113081e+01,6.80256460e+00,2.38766935e+01,4.16662919e+00,1.23549605e+01,7.76693512e+00
1.57416502e+01,1.25508270e+01,6.78114533e+00,2.39521116e+01,4.15350970e+00,1.23939855e+01,7.74247933e+00
1.57913725e+01,1.25904706e+01,6.75979350e+00,2.40277680e+01,4.14043152e+00,1.24331338e+01,7.71810055e+00
1.58412520e+01,1.26302395e+01,6.73850890e+00,2.41036633e+01,4.12739452e+00,1.24724057e+01,7.69379852e+00
1.58912890e+01,1.26701341e+01,6.71729132e+00,2.41797984e+01,4.11439857e+00,1.25118017e+01,7.66957302e+00
1.59414840e+01,1.27101546e+01,6.69614055e+00,2.42561739e+01,4.10144354e+00,1.25513221e+01,7.64542379e+00
1.59918376e+01,1.27503015e+01,6.67505638e+00,2.43327907e+01,4.08852931e+00,1.25909674e+01,7.62135061e+00
1.60423502e+01,1.27905753e+01,6.65403860e+00,2.44096495e+01,4.07565573e+00,1.26307378e+01,7.59735322e+00
1.60930224e+01,1.28309762e+01,6.63308699e+00,2.44867511e+01,4.06282270e+00,1.26706339e+01,7.57343140e+00
1.61438546e+01,1.28715048e+01,6.61220135e+00,2.45640962e+01,4.05003006e+00,1.27106560e+01,7.54958489e+00
1.61948474e+01,1.29121614e+01,6.59138148e+00,2.46416856e+01,4.03727771e+00,1.27508046e+01,7.52581348e+00
1.62460013e+01,1.29529464e+01,6.57062716e+00,2.47195201e+01,4.02456552e+00,1.27910799e+01,7.50211691e+00
1.62973168e+01,1.29938603e+01,6.54993819e+00,2.47976004e+01,4.01189335e+00,1.28314825e+01,7.47849495e+00
1.63487943e+01,1.30349033e+01,6.52931437e+00,2.48759273e+01,3.99926108e+00,1.28720126e+01,7.45494738e+00
1.64004344e+01,1.30760760e+01,6.50875548e+00,2.49545017e+01,3.98666858e+00,1.29126708e+01,7.43147394e+00
1.64522377e+01,1.31173788e+01,6.48826133e+00,2.50333243e+01,3.97411574e+00,1.29534574e+01,7.40807442e+00
1.65042045e+01,1.31588120e+01,6.46783171e+00,2.51123958e+01,3.96160242e+00,1.29943729e+01,7.38474858e+00
1.65563356e+01,1.32003761e+01,6.44746641e+00,2.51917171e+01,3.94912850e+00,1.30354176e+01,7.36149618e+00
1.66086313e+01,1.32420715e+01,6.42716524e+00,2.52712889e+01,3.93669386e+00,1.30765919e+01,7.33831700e+00
1.66610921e+01,1.32838986e+01,6.40692799e+00,2.53511121e+01,3.92429837e+00,1.31178963e+01,7.31521080e+00
1.67137187e+01,1.33258578e+01,6.38675446e+00,2.54311874e+01,3.91194191e+00,1.31593312e+01,7.29217736e+00
1.67665115e+01,1.33679495e+01,6.36664446e+00,2.55115157e+01,3.89962436e+00,1.32008969e+01,7.26921644e+00
1.68194711e+01,1.34101742e+01,6.34659777e+00,2.55920977e+01,3.88734559e+00,1.32425939e+01,7.24632782e+00
1.68725979e+01,1.34525323e+01,6.32661420e+00,2.56729342e+01,3.87510549e+00,1.32844226e+01,7.22351127e+00
1.69258925e+01,1.34950241e+01,6.30669356e+00,2.57540260e+01,3.86290392e+00,1.33263835e+01,7.20076657e+00
1.69793555e+01,1.35376502e+01,6.28683564e+00,2.58353740e+01,3.85074077e+00,1.33684769e+01,7.17809347e+00
1.70329874e+01,1.35804109e+01,6.26704025e+00,2.59169789e+01,3.83861593e+00,1.34107032e+01,7.15549177e+00
1.70867886e+01,1.36233067e+01,6.24730719e+00,2.59988416e+01,3.82652926e+00,1.34530630e+01,7.13296124e+00
1.71407598e+01,1.36663379e+01,6.22763626e+00,2.60809629e+01,3.81448064e+00,1.34955565e+01,7.11050165e+00
1.71949015e+01,1.37095051e+01,6.20802727e+00,2.61633435e+01,3.80246997e+00,1.35381843e+01,7.08811277e+00
1.72492142e+01,1.37528087e+01,6.18848002e+00,2.62459844e+01,3.79049711e+00,1.35809467e+01,7.06579439e+00
1.73036985e+01,1.37962490e+01,6.16899432e+00,2.63288863e+01,3.77856195e+00,1.36238441e+01,7.04354629e+00
1.73583548e+01,1.38398265e+01,6.14956997e+00,2.64120500e+01,3.76666438e+00,1.36668771e+01,7.02136824e+00
1.74131838e+01,1.38835417e+01,6.13020679e+00,2.64954765e+01,3.75480426e+00,1.37100460e+01,6.99926002e+00
1.74681860e+01,1.39273950e+01,6.11090458e+00,2.65791664e+01,3.74298149e+00,1.37533512e+01,6.97722141e+00
1.75233619e+01,1.39713867e+01,6.09166314e+00,2.66631208e+01,3.73119594e+00,1.37967933e+01,6.95525220e+00
1.75787120e+01,1.40155175e+01,6.07248229e+00,2.67473402e+01,3.71944751e+00,1.38403725e+01,6.93335216e+00
1.76342371e+01,1.40597876e+01,6.05336183e+00,2.68318258e+01,3.70773606e+00,1.38840894e+01,6.91152108e+00
1.76899375e+01,1.41041976e+01,6.03430158e+00,2.69165781e+01,3.69606149e+00,1.39279444e+01,6.88975874e+00
1.77458138e+01,1.41487478e+01,6.01530134e+00,2.70015982e+01,3.68442369e+00,1.39719379e+01,6.86806492e+00
1.78018666e+01,1.41934388e+01,5.99636093e+00,2.70868868e+01,3.67282252e+00,1.40160704e+01,6.84643940e+00
1.78580965e+01,1.42382709e+01,5.97748016e+00,2.71724448e+01,3.66125789e+00,1.40603423e+01,6.82488198e+00
1.79145040e+01,1.42832446e+01,5.95865883e+00,2.72582731e+01,3.64972966e+00,1.41047540e+01,6.80339244e+00
1.79710897e+01,1.43283604e+01,5.93989677e+00,2.73443725e+01,3.63823774e+00,1.41493060e+01,6.78197057e+00
1.80278541e+01,1.43736187e+01,5.92119379e+00,2.74307438e+01,3.62678200e+00,1.41939987e+01,6.76061614e+00
1.80847978e+01,1.44190199e+01,5.90254970e+00,2.75173880e+01,3.61536234e+00,1.42388326e+01,6.73932895e+00
1.81419213e+01,1.44645646e+01,5.88396431e+00,2.76043058e+01,3.60397862e+00,1.42838081e+01,6.71810879e+00
1.81992253e+01,1.45102531e+01,5.86543744e+00,2.76914981e+01,3.59263076e+00,1.43289257e+01,6.69695545e+00
1.82567103e+01,1.45560859e+01,5.84696890e+00,2.77789659e+01,3.58131862e+00,1.43741857e+01,6.67586871e+00
1.83143769e+01,1.46020635e+01,5.82855852e+00,2.78667100e+01,3.57004211e+00,1.44195888e+01,6.65484836e+00
1.83722256e+01,1.46481863e+01,5.81020611e+00,2.79547312e+01,3.55880110e+00,1.44651352e+01,6.63389421e+00
1.84302571e+01,1.46944548e+01,5.79191148e+00,2.80430304e+01,3.54759548e+00,1.45108255e+01,6.61300603e+00
1.84884718e+01,1.47408695e+01,5.77367446e+00,2.81316086e+01,3.53642515e+00,1.45566602e+01,6.59218362e+00
1.85468704e+01,1.47874307e+01,5.75549486e+00,2.82204665e+01,3.52528999e+00,1.46026396e+01,6.57142678e+00
1.86054535e+01,1.48341391e+01,5.73737250e+00,2.83096051e+01,3.51418989e+00,1.46487642e+01,6.55073529e+00
1.86642217e+01,1.48809949e+01,5.71930721e+00,2.83990253e+01,3.50312474e+00,1.46950345e+01,6.53010896e+00
1.87231754e+01,1.49279988e+01,5.70129880e+00,2.84887279e+01,3.49209443e+00,1.47414510e+01,6.50954757e+00
1.87823154e+01,1.49751511e+01,5.68334709e+00,2.85787138e+01,3.48109886e+00,1.47880141e+01,6.48905093e+00
1.88416422e+01,1.50224524e+01,5.66545190e+00,2.86689840e+01,3.47013790e+00,1.48347243e+01,6.46861882e+00
1.89011563e+01,1.50699031e+01,5.64761306e+00,2.87595393e+01,3.45921146e+00,1.48815820e+01,6.44825104e+00
1.89608585e+01,1.51175037e+01,5.62983040e+00,2.88503807e+01,3.44831942e+00,1.49285877e+01,6.42794740e+00
1.90207492e+01,1.51652546e+01,5.61210372e+00,2.89415089e+01,3.43746168e+00,1.49757419e+01,6.40770769e+00
1.90808291e+01,1.52131563e+01,5.59443286e+00,2.90329251e+01,3.42663813e+00,1.50230451e+01,6.38753171e+00
1.91410988e+01,1.52612094e+01,5.57681764e+00,2.91246299e+01,3.41584865e+00,1.50704976e+01,6.36741925e+00
1.92015589e+01,1.53094142e+01,5.55925788e+00,2.92166245e+01,3.40509315e+00,1.51181001e+01,6.34737012e+00
1.92622099e+01,1.53577713e+01,5.54175342e+00,2.93089096e+01,3.39437152e+00,1.51658529e+01,6.32738413e+00
1.93230525e+01,1.54062811e+01,5.52430407e+00,2.94014862e+01,3.38368364e+00,1.52137565e+01,6.30746106e+00
1.93840873e+01,1.54549442e+01,5.50690967e+00,2.94943552e+01,3.37302942e+00,1.52618115e+01,6.28760072e+00
1.94453148e+01,1.55037610e+01,5.48957003e+00,2.95875176e+01,3.36240875e+00,1.53100182e+01,6.26780292e+00
1.95067358e+01,1.55527319e+01,5.47228499e+00,2.96809742e+01,3.35182151e+00,1.53583772e+01,6.24806746e+00
1.95683508e+01,1.56018576e+01,5.45505438e+00,2.97747261e+01,3.34126761e+00,1.54068889e+01,6.22839414e+00
1.96301603e+01,1.56511384e+01,5.43787802e+00,2.98687740e+01,3.33074695e+00,1.54555539e+01,6.20878276e+00
1.96921652e+01,1.57005749e+01,5.42075575e+00,2.99631191e+01,3.32025941e+00,1.55043726e+01,6.18923313e+00
1.97543658e+01,1.57501675e+01,5.40368738e+00,3.00577621e+01,3.30980489e+00,1.55533455e+01,6.16974506e+00
1.98167630e+01,1.57999168e+01,5.38667277e+00,3.01527041e+01,3.29938329e+00,1.56024731e+01,6.15031835e+00
1.98793572e+01,1.58498232e+01,5.36971172e+00,3.02479460e+01,3.28899450e+00,1.56517559e+01,6.13095281e+00
1.99421492e+01,1.58998873e+01,5.35280408e+00,3.03434887e+01,3.27863843e+00,1.57011943e+01,6.11164825e+00
2.00051395e+01,1.59501095e+01,5.33594968e+00,3.04393331e+01,3.26831496e+00,1.57507889e+01,6.09240447e+00
2.00683287e+01,1.60004903e+01,5.31914835e+00,3.05354804e+01,3.25802400e+00,1.58005402e+01,6.07322128e+00
2.01317176e+01,1.60510303e+01,5.30239992e+00,3.06319313e+01,3.24776544e+00,1.58504485e+01,6.05409850e+00
2.01953066e+01,1.61017299e+01,5.28570422e+00,3.07286869e+01,3.23753919e+00,1.59005146e+01,6.03503593e+00
2.02590966e+01,1.61525896e+01,5.26906110e+00,3.08257481e+01,3.22734513e+00,1.59507388e+01,6.01603338e+00
2.03230880e+01,1.62036100e+01,5.25247038e+00,3.09231158e+01,3.21718317e+00,1.60011216e+01,5.99709066e+00
2.03872815e+01,1.62547916e+01,5.23593189e+00,3.10207912e+01,3.20705321e+00,1.60516635e+01,5.97820759e+00
2.04516778e+01,1.63061348e+01,5.21944549e+00,3.11187750e+01,3.19695515e+00,1.61023651e+01,5.95938398e+00
2.05162775e+01,1.63576402e+01,5.20301099e+00,3.12170684e+01,3.18688888e+00,1.61532269e+01,5.94061963e+00
2.05810813e+01,1.64093082e+01,5.18662825e+00,3.13156722e+01,3.17685430e+00,1.62042493e+01,5.92191437e+00
2.06460897e+01,1.64611395e+01,5.17029708e+00,3.14145875e+01,3.16685133e+00,1.62554329e+01,5.90326801e+00
2.07113035e+01,1.65131345e+01,5.15401734e+00,3.15138152e+01,3.15687984e+00,1.63067781e+01,5.88468036e+00
2.07767233e+01,1.65652937e+01,5.13778886e+00,3.16133563e+01,3.14693976e+00,1.63582855e+01,5.86615124e+00
2.08423497e+01,1.66176177e+01,5.12161148e+00,3.17132119e+01,3.13703097e+00,1.64099556e+01,5.84768046e+00
2.09081834e+01,1.66701070e+01,5.10548503e+00,3.18133828e+01,3.12715339e+00,1.64617889e+01,5.82926783e+00
2.09742251e+01,1.67227620e+01,5.08940936e+00,3.19138702e+01,3.11730690e+00,1.65137860e+01,5.81091319e+00
2.10404753e+01,1.67755834e+01,5.07338431e+00,3.20146750e+01,3.10749142e+00,1.65659473e+01,5.79261633e+00
2.11069348e+01,1.68285716e+01,5.05740972e+00,3.21157982e+01,3.09770685e+00,1.66182733e+01,5.77437709e+00
2.11736043e+01,1.68817272e+01,5.04148543e+00,3.22172408e+01,3.08795308e+00,1.66707646e+01,5.75619528e+00
2.12404843e+01,1.69350507e+01,5.02561128e+00,3.23190038e+01,3.07823003e+00,1.67234218e+01,5.73807072e+00
2.13075756e+01,1.69885426e+01,5.00978711e+00,3.24210882e+01,3.06853759e+00,1.67762452e+01,5.72000323e+00
2.13748788e+01,1.70422035e+01,4.99401277e+00,3.25234951e+01,3.05887567e+00,1.68292355e+01,5.70199262e+00
2.14423946e+01,1.70960338e+01,4.97828809e+00,3.26262255e+01,3.04924417e+00,1.68823932e+01,5.68403873e+00
2.15101236e+01,1.71500342e+01,4.96261293e+00,3.27292804e+01,3.03964300e+00,1.69357188e+01,5.66614136e+00
2.15780666e+01,1.72042052e+01,4.94698712e+00,3.28326607e+01,3.03007206e+00,1.69892128e+01,5.64830036e+00
2.16462242e+01,1.72585473e+01,4.93141052e+00,3.29363677e+01,3.02053126e+00,1.70428758e+01,5.63051552e+00
2.17145970e+01,1.73130610e+01,4.91588296e+00,3.30404021e+01,3.01102049e+00,1.70967083e+01,5.61278669e+00
2.17831859e+01,1.73677469e+01,4.90040429e+00,3.31447652e+01,3.00153968e+00,1.71507108e+01,5.59511368e+00
2.18519913e+01,1.74226056e+01,4.88497437e+00,3.32494580e+01,2.99208871e+00,1.72048839e+01,5.57749631e+00
2.19210141e+01,1.74776375e+01,4.86959302e+00,3.33544814e+01,2.98266751e+00,1.72592282e+01,5.55993442e+00
2.19902550e+01,1.75328433e+01,4.85426011e+00,3.34598366e+01,2.97327597e+00,1.73137440e+01,5.54242783e+00
2.20597145e+01,1.75882234e+01,4.83897547e+00,3.35655245e+01,2.96391400e+00,1.73684321e+01,5.52497636e+00
2.21293935e+01,1.76437784e+01,4.82373897e+00,3.36715463e+01,2.95458151e+00,1.74232929e+01,5.50757983e+00
2.21992925e+01,1.76995090e+01,4.80855043e+00,3.37779029e+01,2.94527840e+00,1.74783270e+01,5.49023809e+00
2.22694123e+01,1.77554156e+01,4.79340973e+00,3.38845956e+01,2.93600459e+00,1.75335350e+01,5.47295095e+00
2.23397536e+01,1.78114987e+01,4.77831669e+00,3.39916252e+01,2.92675997e+00,1.75889173e+01,5.45571824e+00
2.24103171e+01,1.78677590e+01,4.76327118e+00,3.40989928e+01,2.91754447e+00,1.76444745e+01,5.43853979e+00
2.24811034e+01,1.79241970e+01,4.74827304e+00,3.42066997e+01,2.90835798e+00,1.77002073e+01,5.42141543e+00
2.25521134e+01,1.79808133e+01,4.73332213e+00,3.43147467e+01,2.89920042e+00,1.77561160e+01,5.40434499e+00
2.26233477e+01,1.80376084e+01,4.71841830e+00,3.44231350e+01,2.89007169e+00,1.78122014e+01,5.38732830e+00
2.26948069e+01,1.80945829e+01,4.70356139e+00,3.45318657e+01,2.88097171e+00,1.78684639e+01,5.37036519e+00
2.27664919e+01,1.81517374e+01,4.68875126e+00,3.46409398e+01,2.87190038e+00,1.79249042e+01,5.35345549e+00
2.28384033e+01,1.82090724e+01,4.67398776e+00,3.47503584e+01,2.86285761e+00,1.79815227e+01,5.33659904e+00
2.29105418e+01,1.82665885e+01,4.65927075e+00,3.48601226e+01,2.85384331e+00,1.80383200e+01,5.31979566e+00
2.29829082e+01,1.83242863e+01,4.64460008e+00,3.49702336e+01,2.84485740e+00,1.80952968e+01,5.30304520e+00
2.30555032e+01,1.83821663e+01,4.62997561e+00,3.50806924e+01,2.83589979e+00,1.81524535e+01,5.28634747e+00
2.31283275e+01,1.84402292e+01,4.61539718e+00,3.51915000e+01,2.82697037e+00,1.82097908e+01,5.26970232e+00
2.32013818e+01,1.84984754e+01,4.60086465e+00,3.53026577e+01,2.81806908e+00,1.82673092e+01,5.25310958e+00
2.32746669e+01,1.85569056e+01,4.58637789e+00,3.54141665e+01,2.80919581e+00,1.83250092e+01,5.23656909e+00
2.33481834e+01,1.86155204e+01,4.57193673e+00,3.55260275e+01,2.80035048e+00,1.83828915e+01,5.22008067e+00
2.34219322e+01,1.86743204e+01,4.55754105e+00,3.56382418e+01,2.79153300e+00,1.84409567e+01,5.20364418e+00
2.34959139e+01,1.87333060e+01,4.54319070e+00,3.57508105e+01,2.78274329e+00,1.84992052e+01,5.18725944e+00
2.35701293e+01,1.87924780e+01,4.52888553e+00,3.58637349e+01,2.77398125e+00,1.85576377e+01,5.17092629e+00
2.36445791e+01,1.88518369e+01,4.51462540e+00,3.59770159e+01,2.76524680e+00,1.86162548e+01,5.15464456e+00
2.37192641e+01,1.89113832e+01,4.50041018e+00,3.60906547e+01,2.75653985e+00,1.86750571e+01,5.13841411e+00
2.37941849e+01,1.89711177e+01,4.48623971e+00,3.62046525e+01,2.74786032e+00,1.87340451e+01,5.12223475e+00
2.38693425e+01,1.90310408e+01,4.47211387e+00,3.63190104e+01,2.73920812e+00,1.87932194e+01,5.10610635e+00
2.39447374e+01,1.90911532e+01,4.45803250e+00,3.64337294e+01,2.73058316e+00,1.88525806e+01,5.09002872e+00
2.40203705e+01,1.91514555e+01,4.44399547e+00,3.65488109e+01,2.72198536e+00,1.89121293e+01,5.07400172e+00
2.40962424e+01,1.92119483e+01,4.43000264e+00,3.66642558e+01,2.71341463e+00,1.89718661e+01,5.05802519e+00
2.41723540e+01,1.92726321e+01,4.41605387e+00,3.67800654e+01,2.70487088e+00,1.90317916e+01,5.04209896e+00
2.42487061e+01,1.93335077e+01,4.40214901e+00,3.68962408e+01,2.69635404e+00,1.90919064e+01,5.02622287e+00
2.43252993e+01,1.93945755e+01,4.38828794e+00,3.70127831e+01,2.68786402e+00,1.91522111e+01,5.01039678e+00
2.44021344e+01,1.94558361e+01,4.37447052e+00,3.71296936e+01,2.67940073e+00,1.92127062e+01,4.99462052e+00
2.44792122e+01,1.95172903e+01,4.36069660e+00,3.72469733e+01,2.67096408e+00,1.92733925e+01,4.97889393e+00
2.45565335e+01,1.95789386e+01,4.34696605e+00,3.73646235e+01,2.66255401e+00,1.93342704e+01,4.96321686e+00
2.46340990e+01,1.96407817e+01,4.33327874e+00,3.74826453e+01,2.65417041e+00,1.93953406e+01,4.94758915e+00
2.47119095e+01,1.97028201e+01,4.31963452e+00,3.76010399e+01,2.64581321e+00,1.94566037e+01,4.93201065e+00
2.47899658e+01,1.97650544e+01,4.30603326e+00,3.77198085e+01,2.63748232e+00,1.95180603e+01,4.91648120e+00
2.48682687e+01,1.98274853e+01,4.29247483e+00,3.78389522e+01,2.62917767e+00,1.95797111e+01,4.90100065e+00
2.49468189e+01,1.98901134e+01,4.27895910e+00,3.79584722e+01,2.62089916e+00,1.96415565e+01,4.88556885e+00
2.50256172e+01,1.99529393e+01,4.26548591e+00,3.80783698e+01,2.61264672e+00,1.97035974e+01,4.87018563e+00
2.51046643e+01,2.00159637e+01,4.25205516e+00,3.81986460e+01,2.60442027e+00,1.97658342e+01,4.85485085e+00
2.51839612e+01,2.00791871e+01,4.23866669e+00,3.83193022e+01,2.59621972e+00,1.98282675e+01,4.83956436e+00
2.52635086e+01,2.01426103e+01,4.22532038e+00,3.84403395e+01,2.58804499e+00,1.98908981e+01,4.82432600e+00
2.53433072e+01,2.02062337e+01,4.21201609e+00,3.85617591e+01,2.57989599e+00,1.99537265e+01,4.80913562e+00
2.54233578e+01,2.02700582e+01,4.19875369e+00,3.86835623e+01,2.57177266e+00,2.00167534e+01,4.79399306e+00
2.55036613e+01,2.03340842e+01,4.18553305e+00,3.88057502e+01,2.56367491e+00,2.00799793e+01,4.77889819e+00
2.55842185e+01,2.03983125e+01,4.17235404e+00,3.89283240e+01,2.55560265e+00,2.01434049e+01,4.76385085e+00
2.56650301e+01,2.04627436e+01,4.15921653e+00,3.90512850e+01,2.54755581e+00,2.02070309e+01,4.74885089e+00
2.57460970e+01,2.05273783e+01,4.14612038e+00,3.91746343e+01,2.53953431e+00,2.02708579e+01,4.73389816e+00
2.58274199e+01,2.05922171e+01,4.13306547e+00,3.92983733e+01,2.53153806e+00,2.03348864e+01,4.71899251e+00
2.59089997e+01,2.06572608e+01,4.12005167e+00,3.94225032e+01,2.52356700e+00,2.03991173e+01,4.70413379e+00
2.59908372e+01,2.07225098e+01,4.10707884e+00,3.95470251e+01,2.51562103e+00,2.04635509e+01,4.68932186e+00
2.60729332e+01,2.07879650e+01,4.09414686e+00,3.96719403e+01,2.50770008e+00,2.05281882e+01,4.67455657e+00
2.61552885e+01,2.08536269e+01,4.08125560e+00,3.97972502e+01,2.49980407e+00,2.05930295e+01,4.65983777e+00
2.62379039e+01,2.09194963e+01,4.06840493e+00,3.99229558e+01,2.49193293e+00,2.06580757e+01,4.64516531e+00
2.63207803e+01,2.09855736e+01,4.05559472e+00,4.00490585e+01,2.48408656e+00,2.07233274e+01,4.63053906e+00
2.64039184e+01,2.10518598e+01,4.04282484e+00,4.01755595e+01,2.47626491e+00,2.07887851e+01,4.61595885e+00
2.64873192e+01,2.11183552e+01,4.03009518e+00,4.03024600e+01,2.46846788e+00,2.08544496e+01,4.60142456e+00
2.65709834e+01,2.11850607e+01,4.01740560e+00,4.04297614e+01,2.46069540e+00,2.09203216e+01,4.58693603e+00
2.66549119e+01,2.12519769e+01,4.00475597e+00,4.05574649e+01,2.45294740e+00,2.09864016e+01,4.57249312e+00
2.67391054e+01,2.13191045e+01,3.99214618e+00,4.06855718e+01,2.44522379e+00,2.10526903e+01,4.55809569e+00
2.68235649e+01,2.13864441e+01,3.97957609e+00,4.08140833e+01,2.43752450e+00,2.11191884e+01,4.54374359e+00
2.69082912e+01,2.14539964e+01,3.96704557e+00,4.09430008e+01,2.42984945e+00,2.11858965e+01,4.52943668e+00
2.69932851e+01,2.15217621e+01,3.95455452e+00,4.10723254e+01,2.42219857e+00,2.12528154e+01,4.51517482e+00
2.70785475e+01,2.15897419e+01,3.94210279e+00,4.12020585e+01,2.41457178e+00,2.13199456e+01,4.50095786e+00
2.71640791e+01,2.16579363e+01,3.92969027e+00,4.13322015e+01,2.40696901e+00,2.13872879e+01,4.48678567e+00
2.72498810e+01,2.17263462e+01,3.91731683e+00,4.14627555e+01,2.39939017e+00,2.14548428e+01,4.47265811e+00
2.73359539e+01,2.17949721e+01,3.90498236e+00,4.15937218e+01,2.39183520e+00,2.15226112e+01,4.45857502e+00
2.74222986e+01,2.18638148e+01,3.89268672e+00,4.17251019e+01,2.38430402e+00,2.15905936e+01,4.44453629e+00
2.75089161e+01,2.19328750e+01,3.88042980e+00,4.18568969e+01,2.37679655e+00,2.16587908e+01,4.43054175e+00
2.75958071e+01,2.20021533e+01,3.86821147e+00,4.19891082e+01,2.36931271e+00,2.17272033e+01,4.41659128e+00
2.76829726e+01,2.20716504e+01,3.85603161e+00,4.21217372e+01,2.36185245e+00,2.17958320e+01,4.40268474e+00
2.77704135e+01,2.21413671e+01,3.84389010e+00,4.22547850e+01,2.35441567e+00,2.18646774e+01,4.38882198e+00
2.78581305e+01,2.22113039e+01,3.83178682e+00,4.23882531e+01,2.34700231e+00,2.19337403e+01,4.37500287e+00
2.79461246e+01,2.22814617e+01,3.81972166e+00,4.25221428e+01,2.33961229e+00,2.20030213e+01,4.36122728e+00
2.80343967e+01,2.23518410e+01,3.80769448e+00,4.26564554e+01,2.33224554e+00,2.20725212e+01,4.34749506e+00
2.81229476e+01,2.24224427e+01,3.79570517e+00,4.27911923e+01,2.32490199e+00,2.21422406e+01,4.33380608e+00
2.82117781e+01,2.24932673e+01,3.78375361e+00,4.29263547e+01,2.31758156e+00,2.22121802e+01,4.32016020e+00
2.83008893e+01,2.25643157e+01,3.77183969e+00,4.30619441e+01,2.31028417e+00,2.22823407e+01,4.30655729e+00
2.83902819e+01,2.26355885e+01,3.75996328e+00,4.31979618e+01,2.30300977e+00,2.23527228e+01,4.29299721e+00
2.84799569e+01,2.27070864e+01,3.74812426e+00,4.33344090e+01,2.29575827e+00,2.24233273e+01,4.27947983e+00
2.85699152e+01,2.27788102e+01,3.73632252e+00,4.34712873e+01,2.28852960e+00,2.24941547e+01,4.26600501e+00
2.86601575e+01,2.28507605e+01,3.72455795e+00,4.36085979e+01,2.28132370e+00,2.25652059e+01,4.25257261e+00
2.87506850e+01,2.29229381e+01,3.71283041e+00,4.37463423e+01,2.27414048e+00,2.26364815e+01,4.23918252e+00
2.88414984e+01,2.29953436e+01,3.70113980e+00,4.38845217e+01,2.26697989e+00,2.27079823e+01,4.22583458e+00
2.89325986e+01,2.30679779e+01,3.68948600e+00,4.40231376e+01,2.25984183e+00,2.27797089e+01,4.21252867e+00
2.90239866e+01,2.31408416e+01,3.67786890e+00,4.41621913e+01,2.25272626e+00,2.28516620e+01,4.19926466e+00
2.91156632e+01,2.32139354e+01,3.66628837e+00,4.43016842e+01,2.24563309e+00,2.29238424e+01,4.18604241e+00
2.92076294e+01,2.32872602e+01,3.65474431e+00,4.44416178e+01,2.23856225e+00,2.29962509e+01,4.17286180e+00
2.92998861e+01,2.33608165e+01,3.64323660e+00,4.45819934e+01,2.23151368e+00,2.30688880e+01,4.15972269e+00
2.93924342e+01,2.34346052e+01,3.63176512e+00,4.47228123e+01,2.22448730e+00,2.31417546e+01,4.14662495e+00
2.94852747e+01,2.35086269e+01,3.62032976e+00,4.48640761e+01,2.21748304e+00,2.32148513e+01,4.13356845e+00
2.95784084e+01,2.35828824e+01,3.60893041e+00,4.50057860e+01,2.21050084e+00,2.32881789e+01,4.12055306e+00
2.96718362e+01,2.36573725e+01,3.59756695e+00,4.51479436e+01,2.20354063e+00,2.33617381e+01,4.10757865e+00
2.97655592e+01,2.37320979e+01,3.58623928e+00,4.52905502e+01,2.19660233e+00,2.34355297e+01,4.09464510e+00
2.98595782e+01,2.38070593e+01,3.57494727e+00,4.54336072e+01,2.18968587e+00,2.35095543e+01,4.08175227e+00
2.99538942e+01,2.38822575e+01,3.56369081e+00,4.55771161e+01,2.18279120e+00,2.35838128e+01,4.06890003e+00
3.00485081e+01,2.39576932e+01,3.55246980e+00,4.57210783e+01,2.17591823e+00,2.36583059e+01,4.05608827e+00
3.01434208e+01,2.40333672e+01,3.54128412e+00,4.58654953e+01,2.16906691e+00,2.37330342e+01,4.04331684e+00
3.02386334e+01,2.41092802e+01,3.53013366e+00,4.60103683e+01,2.16223716e+00,2.38079986e+01,4.03058563e+00
3.03341467e+01,2.41854330e+01,3.51901831e+00,4.61556990e+01,2.15542891e+00,2.38831997e+01,4.01789450e+00
3.04299617e+01,2.42618264e+01,3.50793796e+00,4.63014888e+01,2.14864210e+00,2.39586384e+01,4.00524334e+00
3.05260793e+01,2.43384610e+01,3.49689249e+00,4.64477390e+01,2.14187666e+00,2.40343154e+01,3.99263200e+00
3.06225005e+01,2.44153377e+01,3.48588181e+00,4.65944512e+01,2.13513252e+00,2.41102314e+01,3.98006038e+00
3.07192263e+01,2.44924572e+01,3.47490580e+00,4.67416268e+01,2.12840962e+00,2.41863872e+01,3.96752835e+00
3.08162576e+01,2.45698204e+01,3.46396434e+00,4.68892673e+01,2.12170788e+00,2.42627835e+01,3.95503577e+00
3.09135954e+01,2.46474279e+01,3.45305734e+00,4.70373741e+01,2.11502725e+00,2.43394212e+01,3.94258253e+00
3.10112407e+01,2.47252805e+01,3.44218468e+00,4.71859488e+01,2.10836765e+00,2.44163009e+01,3.93016850e+00
3.11091943e+01,2.48033790e+01,3.43134625e+00,4.73349927e+01,2.10172902e+00,2.44934235e+01,3.91779355e+00
3.12074574e+01,2.48817242e+01,3.42054196e+00,4.74845074e+01,2.09511130e+00,2.45707897e+01,3.90545758e+00
3.13060309e+01,2.49603169e+01,3.40977168e+00,4.76344944e+01,2.08851441e+00,2.46484002e+01,3.89316044e+00
3.14049157e+01,2.50391578e+01,3.39903531e+00,4.77849551e+01,2.08193829e+00,2.47262559e+01,3.88090203e+00
3.15041129e+01,2.51182478e+01,3.38833275e+00,4.79358911e+01,2.07538288e+00,2.48043575e+01,3.86868221e+00
3.16036234e+01,2.51975876e+01,3.37766389e+00,4.80873039e+01,2.06884811e+00,2.48827058e+01,3.85650087e+00
3.17034482e+01,2.52771779e+01,3.36702862e+00,4.82391949e+01,2.06233392e+00,2.49613016e+01,3.84435789e+00
3.18035883e+01,2.53570197e+01,3.35642684e+00,4.83915657e+01,2.05584024e+00,2.50401457e+01,3.83225314e+00
3.19040448e+01,2.54371137e+01,3.34585844e+00,4.85444177e+01,2.04936700e+00,2.51192387e+01,3.82018650e+00
3.20048185e+01,2.55174607e+01,3.33532332e+00,4.86977526e+01,2.04291415e+00,2.51985817e+01,3.80815786e+00
3.21059105e+01,2.55980614e+01,3.32482137e+00,4.88515718e+01,2.03648162e+00,2.52781752e+01,3.79616709e+00
3.22073219e+01,2.56789168e+01,3.31435249e+00,4.90058769e+01,2.03006934e+00,2.53580201e+01,3.78421408e+00
3.23090536e+01,2.57600275e+01,3.30391657e+00,4.91606693e+01,2.02367725e+00,2.54381172e+01,3.77229871e+00
3.24111066e+01,2.58413944e+01,3.29351351e+00,4.93159507e+01,2.01730528e+00,2.55184674e+01,3.76042085e+00
3.25134820e+01,2.59230184e+01,3.28314321e+00,4.94717226e+01,2.01095338e+00,2.55990713e+01,3.74858039e+00
3.26161807e+01,2.60049001e+01,3.27280556e+00,4.96279865e+01,2.00462148e+00,2.56799298e+01,3.73677722e+00
3.27192039e+01,2.60870405e+01,3.26250046e+00,4.97847440e+01,1.99830952e+00,2.57610438e+01,3.72501121e+00
3.28225524e+01,2.61694404e+01,3.25222780e+00,4.99419966e+01,1.99201744e+00,2.58424139e+01,3.71328225e+00
3.29262274e+01,2.62521005e+01,3.24198750e+00,5.00997459e+01,1.98574516e+00,2.59240411e+01,3.70159021e+00
3.30302298e+01,2.63350217e+01,3.23177943e+00,5.02579935e+01,1.97949263e+00,2.60059261e+01,3.68993500e+00
3.31345608e+01,2.64182049e+01,3.22160351e+00,5.04167410e+01,1.97325979e+00,2.60880697e+01,3.67831648e+00
3.32392213e+01,2.65016508e+01,3.21145963e+00,5.05759899e+01,1.96704658e+00,2.61704728e+01,3.66673455e+00
3.33442124e+01,2.65853602e+01,3.20134769e+00,5.07357418e+01,1.96085293e+00,2.62531362e+01,3.65518908e+00
3.34495351e+01,2.66693341e+01,3.19126759e+00,5.08959983e+01,1.95467878e+00,2.63360607e+01,3.64367997e+00
3.35551905e+01,2.67535732e+01,3.18121923e+00,5.10567610e+01,1.94852408e+00,2.64192471e+01,3.63220709e+00
3.36611797e+01,2.68380784e+01,3.17120251e+00,5.12180315e+01,1.94238875e+00,2.65026963e+01,3.62077034e+00
3.37675036e+01,2.69228505e+01,3.16121733e+00,5.13798113e+01,1.93627274e+00,2.65864091e+01,3.60936960e+00
3.38741634e+01,2.70078904e+01,3.15126359e+00,5.15421022e+01,1.93017599e+00,2.66703863e+01,3.59800476e+00
3.39811600e+01,2.70931989e+01,3.14134119e+00,5.17049057e+01,1.92409843e+00,2.67546287e+01,3.58667571e+00
3.40884946e+01,2.71787769e+01,3.13145003e+00,5.18682235e+01,1.91804001e+00,2.68391372e+01,3.57538232e+00
3.41961683e+01,2.72646251e+01,3.12159002e+00,5.20320571e+01,1.91200067e+00,2.69239127e+01,3.56412450e+00
3.43041820e+01,2.73507446e+01,3.11176105e+00,5.21964082e+01,1.90598034e+00,2.70089559e+01,3.55290212e+00
3.44125370e+01,2.74371360e+01,3.10196303e+00,5.23612784e+01,1.89997897e+00,2.70942678e+01,3.54171508e+00
3.45212342e+01,2.75238004e+01,3.09219586e+00,5.25266694e+01,1.89399650e+00,2.71798491e+01,3.53056326e+00
3.46302747e+01,2.76107384e+01,3.08245945e+00,5.26925828e+01,1.88803286e+00,2.72657008e+01,3.51944656e+00
3.47396597e+01,2.76979511e+01,3.07275369e+00,5.28590203e+01,1.88208800e+00,2.73518236e+01,3.50836486e+00
3.48493901e+01,2.77854393e+01,3.06307850e+00,5.30259835e+01,1.87616186e+00,2.74382185e+01,3.49731805e+00
3.49594672e+01,2.78732038e+01,3.05343377e+00,5.31934741e+01,1.87025438e+00,2.75248862e+01,3.48630603e+00
3.50698919e+01,2.79612455e+01,3.04381940e+00,5.33614937e+01,1.86436550e+00,2.76118277e+01,3.47532868e+00
3.51806655e+01,2.80495653e+01,3.03423531e+00,5.35300440e+01,1.85849516e+00,2.76990439e+01,3.46438589e+00
3.52917889e+01,2.81381641e+01,3.02468140e+00,5.36991267e+01,1.85264331e+00,2.77865355e+01,3.45347756e+00
3.54032633e+01,2.82270427e+01,3.01515757e+00,5.38687435e+01,1.84680988e+00,2.78743034e+01,3.44260358e+00
3.55150899e+01,2.83162021e+01,3.00566373e+00,5.40388961e+01,1.84099482e+00,2.79623486e+01,3.43176383e+00
3.56272697e+01,2.84056431e+01,2.99619978e+00,5.42095861e+01,1.83519807e+00,2.80506719e+01,3.42095822e+00
3.57398038e+01,2.84953666e+01,2.98676563e+00,5.43808153e+01,1.82941958e+00,2.81392742e+01,3.41018663e+00
3.58526933e+01,2.85853735e+01,2.97736118e+00,5.45525853e+01,1.82365927e+00,2.82281564e+01,3.39944896e+00
3.59659395e+01,2.86756648e+01,2.96798635e+00,5.47248979e+01,1.81791711e+00,2.83173192e+01,3.38874510e+00
3.60795433e+01,2.87662412e+01,2.95864104e+00,5.48977547e+01,1.81219302e+00,2.84067638e+01,3.37807494e+00
3.61935060e+01,2.88571037e+01,2.94932515e+00,5.50711575e+01,1.80648696e+00,2.84964908e+01,3.36743838e+00
3.63078287e+01,2.89482532e+01,2.94003859e+00,5.52451081e+01,1.80079886e+00,2.85865013e+01,3.35683530e+00
3.64225124e+01,2.90396906e+01,2.93078128e+00,5.54196081e+01,1.79512868e+00,2.86767961e+01,3.34626562e+00
3.65375584e+01,2.91314169e+01,2.92155311e+00,5.55946593e+01,1.78947635e+00,2.87673761e+01,3.33572922e+00
3.66529678e+01,2.92234329e+01,2.91235400e+00,5.57702634e+01,1.78384182e+00,2.88582422e+01,3.32522599e+00
3.67687417e+01,2.93157395e+01,2.90318386e+00,5.59464222e+01,1.77822502e+00,2.89493953e+01,3.31475583e+00
3.68848814e+01,2.94083377e+01,2.89404259e+00,5.61231374e+01,1.77262592e+00,2.90408363e+01,3.30431864e+00
3.70013878e+01,2.95012283e+01,2.88493010e+00,5.63004108e+01,1.76704444e+00,2.91325662e+01,3.29391432e+00
3.71182623e+01,2.95944124e+01,2.87584631e+00,5.64782442e+01,1.76148054e+00,2.92245858e+01,3.28354275e+00
3.72355059e+01,2.96878908e+01,2.86679111e+00,5.66566392e+01,1.75593416e+00,2.93168960e+01,3.27320384e+00
3.73531199e+01,2.97816645e+01,2.85776443e+00,5.68355978e+01,1.75040524e+00,2.94094979e+01,3.26289749e+00
3.74711054e+01,2.98757344e+01,2.84876618e+00,5.70151216e+01,1.74489373e+00,2.95023922e+01,3.25262359e+00
3.75894635e+01,2.99701014e+01,2.83979625e+00,5.71952125e+01,1.73939957e+00,2.95955800e+01,3.24238203e+00
3.77081955e+01,3.00647665e+01,2.83085457e+00,5.73758722e+01,1.73392271e+00,2.96890621e+01,3.23217273e+00
3.78273025e+01,3.01597306e+01,2.82194104e+00,5.75571025e+01,1.72846310e+00,2.97828395e+01,3.22199557e+00
3.79467858e+01,3.02549947e+01,2.81305558e+00,5.77389053e+01,1.72302068e+00,2.98769131e+01,3.21185045e+00
3.80666464e+01,3.03505596e+01,2.80419810e+00,5.79212824e+01,1.71759540e+00,2.99712838e+01,3.20173728e+00
3.81868857e+01,3.04464265e+01,2.79536851e+00,5.81042355e+01,1.71218719e+00,3.00659526e+01,3.19165596e+00
3.83075047e+01,3.05425961e+01,2.78656671e+00,5.82877665e+01,1.70679602e+00,3.01609205e+01,3.18160637e+00
3.84285047e+01,3.06390695e+01,2.77779264e+00,5.84718772e+01,1.70142182e+00,3.02561883e+01,3.17158843e+00
3.85498870e+01,3.07358476e+01,2.76904619e+00,5.86565694e+01,1.69606455e+00,3.03517570e+01,3.16160204e+00
3.86716526e+01,3.08329314e+01,2.76032728e+00,5.88418451e+01,1.69072414e+00,3.04476276e+01,3.15164708e+00
3.87938029e+01,3.09303219e+01,2.75163582e+00,5.90277059e+01,1.68540055e+00,3.05438011e+01,3.14172347e+00
3.89163389e+01,3.10280200e+01,2.74297173e+00,5.92141538e+01,1.68009372e+00,3.06402783e+01,3.13183111e+00
3.90392621e+01,3.11260267e+01,2.73433492e+00,5.94011907e+01,1.67480360e+00,3.07370602e+01,3.12196990e+00
3.91625735e+01,3.12243429e+01,2.72572530e+00,5.95888183e+01,1.66953014e+00,3.08341478e+01,3.11213974e+00
3.92862744e+01,3.13229697e+01,2.71714280e+00,5.97770386e+01,1.66427328e+00,3.09315422e+01,3.10234053e+00
3.94103660e+01,3.14219080e+01,2.70858732e+00,5.99658534e+01,1.65903297e+00,3.10292441e+01,3.09257217e+00
3.95348496e+01,3.15211589e+01,2.70005877e+00,6.01552646e+01,1.65380917e+00,3.11272546e+01,3.08283457e+00
3.96597264e+01,3.16207232e+01,2.69155708e+00,6.03452740e+01,1.64860181e+00,3.12255748e+01,3.07312763e+00
3.97849976e+01,3.17206021e+01,2.68308217e+00,6.05358837e+01,1.64341085e+00,3.13242055e+01,3.06345126e+00
3.99106645e+01,3.18207964e+01,2.67463393e+00,6.07270954e+01,1.63823623e+00,3.14231477e+01,3.05380536e+00
4.00367284e+01,3.19213071e+01,2.66621230e+00,6.09189111e+01,1.63307791e+00,3.15224025e+01,3.04418982e+00
4.01631904e+01,3.20221354e+01,2.65781718e+00,6.11113327e+01,1.62793583e+00,3.16219707e+01,3.03460457e+00
4.02900519e+01,3.21232822e+01,2.64944850e+00,6.13043621e+01,1.62280994e+00,3.17218535e+01,3.02504949e+00
4.04173141e+01,3.22247484e+01,2.64110616e+00,6.14980011e+01,1.61770019e+00,3.18220517e+01,3.01552450e+00
4.05449783e+01,3.23265351e+01,2.63279010e+00,6.16922519e+01,1.61260653e+00,3.19225665e+01,3.00602950e+00
4.06730458e+01,3.24286434e+01,2.62450022e+00,6.18871162e+01,1.60752890e+00,3.20233987e+01,2.99656440e+00
4.08015177e+01,3.25310741e+01,2.61623644e+00,6.20825959e+01,1.60246727e+00,3.21245495e+01,2.98712911e+00
4.09303955e+01,3.26338284e+01,2.60799868e+00,6.22786932e+01,1.59742157e+00,3.22260197e+01,2.97772352e+00
4.10596803e+01,3.27369073e+01,2.59978687e+00,6.24754098e+01,1.59239176e+00,3.23278105e+01,2.96834754e+00
4.11893735e+01,3.28403118e+01,2.59160090e+00,6.26727479e+01,1.58737779e+00,3.24299227e+01,2.95900109e+00
4.13194763e+01,3.29440429e+01,2.58344072e+00,6.28707092e+01,1.58237960e+00,3.25323575e+01,2.94968407e+00
4.14499901e+01,3.30481016e+01,2.57530622e+00,6.30692958e+01,1.57739716e+00,3.26351159e+01,2.94039638e+00
4.15809162e+01,3.31524890e+01,2.56719734e+00,6.32685097e+01,1.57243040e+00,3.27381988e+01,2.93113794e+00
4.17122558e+01,3.32572061e+01,2.55911399e+00,6.34683528e+01,1.56747928e+00,3.28416074e+01,2.92190865e+00
4.18440102e+01,3.33622540e+01,2.55105610e+00,6.36688272e+01,1.56254375e+00,3.29453426e+01,2.91270842e+00
4.19761809e+01,3.34676338e+01,2.54302357e+00,6.38699348e+01,1.55762376e+00,3.30494054e+01,2.90353716e+00
4.21087690e+01,3.35733463e+01,2.53501634e+00,6.40716776e+01,1.55271926e+00,3.31537969e+01,2.89439478e+00
4.22417759e+01,3.36793928e+01,2.52703432e+00,6.42740577e+01,1.54783021e+00,3.32585182e+01,2.88528118e+00
4.23752029e+01,3.37857743e+01,2.51907744e+00,6.44770770e+01,1.54295654e+00,3.33635702e+01,2.87619628e+00
4.25090514e+01,3.38924917e+01,2.51114560e+00,6.46807376e+01,1.53809823e+00,3.34689541e+01,2.86713999e+00
4.26433226e+01,3.39995463e+01,2.50323875e+00,6.48850415e+01,1.53325521e+00,3.35746709e+01,2.85811221e+00
4.27780180e+01,3.41069390e+01,2.49535679e+00,6.50899907e+01,1.52842744e+00,3.36807215e+01,2.84911286e+00
4.29131388e+01,3.42146709e+01,2.48749964e+00,6.52955872e+01,1.52361488e+00,3.37871072e+01,2.84014184e+00
4.30486864e+01,3.43227431e+01,2.47966724e+00,6.55018332e+01,1.51881746e+00,3.38938288e+01,2.83119907e+00
4.31846622e+01,3.44311567e+01,2.47185950e+00,6.57087306e+01,1.51403515e+00,3.40008876e+01,2.82228446e+00
4.33210675e+01,3.45399127e+01,2.46407634e+00,6.59162815e+01,1.50926790e+00,3.41082846e+01,2.81339792e+00
4.34579036e+01,3.46490122e+01,2.45631769e+00,6.61244881e+01,1.50451566e+00,3.42160207e+01,2.80453936e+00
4.35951720e+01,3.47584563e+01,2.44858347e+00,6.63333522e+01,1.49977839e+00,3.43240972e+01,2.79570869e+00
4.37328739e+01,3.48682461e+01,2.44087360e+00,6.65428761e+01,1.49505603e+00,3.44325150e+01,2.78690583e+00
4.38710108e+01,3.49783828e+01,2.43318801e+00,6.67530619e+01,1.49034854e+00,3.45412753e+01,2.77813068e+00
4.40095840e+01,3.50888673e+01,2.42552662e+00,6.69639115e+01,1.48565587e+00,3.46503791e+01,2.76938317e+00
4.41485949e+01,3.51997007e+01,2.41788935e+00,6.71754271e+01,1.48097797e+00,3.47598276e+01,2.76066320e+00
4.42880449e+01,3.53108843e+01,2.41027613e+00,6.73876108e+01,1.47631481e+00,3.48696218e+01,2.75197068e+00
4.44279354e+01,3.54224191e+01,2.40268688e+00,6.76004648e+01,1.47166633e+00,3.49797627e+01,2.74330554e+00
4.45682677e+01,3.55343061e+01,2.39512153e+00,6.78139910e+01,1.46703249e+00,3.50902516e+01,2.73466768e+00
4.47090433e+01,3.56465466e+01,2.38758000e+00,6.80281918e+01,1.46241323e+00,3.52010894e+01,2.72605701e+00
4.48502636e+01,3.57591416e+01,2.38006221e+00,6.82430691e+01,1.45780853e+00,3.53122774e+01,2.71747346e+00
4.49919299e+01,3.58720922e+01,2.37256810e+00,6.84586251e+01,1.45321832e+00,3.54238165e+01,2.70891694e+00
4.51340437e+01,3.59853997e+01,2.36509758e+00,6.86748620e+01,1.44864256e+00,3.55357080e+01,2.70038736e+00
4.52766064e+01,3.60990650e+01,2.35765058e+00,6.88917819e+01,1.44408121e+00,3.56479529e+01,2.69188464e+00
4.54196194e+01,3.62130893e+01,2.35022704e+00,6.91093870e+01,1.43953423e+00,3.57605524e+01,2.68340868e+00
4.55630841e+01,3.63274738e+01,2.34282687e+00,6.93276794e+01,1.43500156e+00,3.58735075e+01,2.67495942e+00
4.57070020e+01,3.64422196e+01,2.33544999e+00,6.95466614e+01,1.43048316e+00,3.59868193e+01,2.66653676e+00
4.58513744e+01,3.65573279e+01,2.32809635e+00,6.97663350e+01,1.42597899e+00,3.61004891e+01,2.65814062e+00
4.59962029e+01,3.66727997e+01,2.32076586e+00,6.99867025e+01,1.42148900e+00,3.62145180e+01,2.64977092e+00
4.61414889e+01,3.67886363e+01,2.31345845e+00,7.02077661e+01,1.41701315e+00,3.63289070e+01,2.64142758e+00
4.62872337e+01,3.69048388e+01,2.30617405e+00,7.04295279e+01,1.41255140e+00,3.64436573e+01,2.63311050e+00
4.64334389e+01,3.70214083e+01,2.29891259e+00,7.06519902e+01,1.40810369e+00,3.65587701e+01,2.62481961e+00
4.65801060e+01,3.71383460e+01,2.29167399e+00,7.08751552e+01,1.40366999e+00,3.66742465e+01,2.61655483e+00
4.67272363e+01,3.72556530e+01,2.28445819e+00,7.10990250e+01,1.39925024e+00,3.67900877e+01,2.60831607e+00
4.68748313e+01,3.73733306e+01,2.27726510e+00,7.13236020e+01,1.39484442e+00,3.69062947e+01,2.60010325e+00
4.70228925e+01,3.74913799e+01,2.27009467e+00,7.15488884e+01,1.39045246e+00,3.70228688e+01,2.59191629e+00
4.71714214e+01,3.76098021e+01,2.26294681e+00,7.17748863e+01,1.38607434e+00,3.71398111e+01,2.58375511e+00
4.73204195e+01,3.77285984e+01,2.25582145e+00,7.20015982e+01,1.38171000e+00,3.72571228e+01,2.57561963e+00
4.74698882e+01,3.78477698e+01,2.24871854e+00,7.22290261e+01,1.37735940e+00,3.73748051e+01,2.56750976e+00
4.76198290e+01,3.79673177e+01,2.24163799e+00,7.24571724e+01,1.37302250e+00,3.74928590e+01,2.55942543e+00
4.77702434e+01,3.80872432e+01,2.23457973e+00,7.26860393e+01,1.36869926e+00,3.76112859e+01,2.55136655e+00
4.79211329e+01,3.82075475e+01,2.22754370e+00,7.29156291e+01,1.36438963e+00,3.77300868e+01,2.54333305e+00
4.80724990e+01,3.83282318e+01,2.22052982e+00,7.31459441e+01,1.36009357e+00,3.78492630e+01,2.53532484e+00
4.82243433e+01,3.84492973e+01,2.21353802e+00,7.33769866e+01,1.35581103e+00,3.79688156e+01,2.52734185e+00
4.83766671e+01,3.85707452e+01,2.20656824e+00,7.36087589e+01,1.35154198e+00,3.80887458e+01,2.51938400e+00
4.85294721e+01,3.86925768e+01,2.19962041e+00,7.38412633e+01,1.34728638e+00,3.82090549e+01,2.51145120e+00
4.86827598e+01,3.88147931e+01,2.19269446e+00,7.40745020e+01,1.34304417e+00,3.83297439e+01,2.50354338e+00
4.88365317e+01,3.89373955e+01,2.18579031e+00,7.43084775e+01,1.33881532e+00,3.84508142e+01,2.49566046e+00
4.89907892e+01,3.90603851e+01,2.17890790e+00,7.45431921e+01,1.33459978e+00,3.85722669e+01,2.48780236e+00
4.91455340e+01,3.91837632e+01,2.17204716e+00,7.47786480e+01,1.33039752e+00,3.86941033e+01,2.47996901e+00
4.93007676e+01,3.93075311e+01,2.16520802e+00,7.50148476e+01,1.32620849e+00,3.88163244e+01,2.47216031e+00
4.94564915e+01,3.94316898e+01,2.15839042e+00,7.52517934e+01,1.32203265e+00,3.89389316e+01,2.46437621e+00
4.96127073e+01,3.95562408e+01,2.15159429e+00,7.54894875e+01,1.31786996e+00,3.90619261e+01,2.45661662e+00
4.97694165e+01,3.96811851e+01,2.14481955e+00,7.57279324e+01,1.31372038e+00,3.91853091e+01,2.44888145e+00
4.99266207e+01,3.98065242e+01,2.13806614e+00,7.59671305e+01,1.30958386e+00,3.93090818e+01,2.44117065e+00
5.00843215e+01,3.99322591e+01,2.13133400e+00,7.62070842e+01,1.30546037e+00,3.94332455e+01,2.43348412e+00
5.02425204e+01,4.00583911e+01,2.12462306e+00,7.64477958e+01,1.30134986e+00,3.95578014e+01,2.42582180e+00
5.04012190e+01,4.01849216e+01,2.11793325e+00,7.66892677e+01,1.29725229e+00,3.96827506e+01,2.41818360e+00
5.05604188e+01,4.03118518e+01,2.11126450e+00,7.69315023e+01,1.29316762e+00,3.98080946e+01,2.41056945e+00
5.07201215e+01,4.04391828e+01,2.10461675e+00,7.71745021e+01,1.28909582e+00,3.99338345e+01,2.40297928e+00
5.08803287e+01,4.05669161e+01,2.09798993e+00,7.74182694e+01,1.28503684e+00,4.00599715e+01,2.39541301e+00
5.10410419e+01,4.06950528e+01,2.09138398e+00,7.76628067e+01,1.28099063e+00,4.01865070e+01,2.38787056e+00
5.12022627e+01,4.08235943e+01,2.08479883e+00,7.79081164e+01,1.27695717e+00,4.03134421e+01,2.38035186e+00
5.13639928e+01,4.09525418e+01,2.07823441e+00,7.81542009e+01,1.27293641e+00,4.04407782e+01,2.37285683e+00
5.15262337e+01,4.10818965e+01,2.07169067e+00,7.84010627e+01,1.26892831e+00,4.05685165e+01,2.36538540e+00
5.16889871e+01,4.12116599e+01,2.06516752e+00,7.86487043e+01,1.26493283e+00,4.06966583e+01,2.35793750e+00
5.18522546e+01,4.13418332e+01,2.05866492e+00,7.88971281e+01,1.26094993e+00,4.08252048e+01,2.35051305e+00
5.20160378e+01,4.14724176e+01,2.05218279e+00,7.91463366e+01,1.25697957e+00,4.09541574e+01,2.34311198e+00
5.21803383e+01,4.16034145e+01,2.04572107e+00,7.93963323e+01,1.25302171e+00,4.10835173e+01,2.33573421e+00
5.23451577e+01,4.17348251e+01,2.03927970e+00,7.96471176e+01,1.24907631e+00,4.12132858e+01,2.32837967e+00
5.25104978e+01,4.18666509e+01,2.03285861e+00,7.98986950e+01,1.24514334e+00,4.13434642e+01,2.32104829e+00
5.26763601e+01,4.19988930e+01,2.02645774e+00,8.01510671e+01,1.24122275e+00,4.14740537e+01,2.31373999e+00
5.28427464e+01,4.21315529e+01,2.02007702e+00,8.04042363e+01,1.23731451e+00,4.16050558e+01,2.30645471e+00
5.30096582e+01,4.22646317e+01,2.01371639e+00,8.06582052e+01,1.23341857e+00,4.17364716e+01,2.29919236e+00
5.31770972e+01,4.23981309e+01,2.00737579e+00,8.09129764e+01,1.22953490e+00,4.18683026e+01,2.29195288e+00
5.33450651e+01,4.25320518e+01,2.00105516e+00,8.11685522e+01,1.22566345e+00,4.20005499e+01,2.28473620e+00
5.35135635e+01,4.26663957e+01,1.99475442e+00,8.14249353e+01,1.22180420e+00,4.21332150e+01,2.27754224e+00
5.36825942e+01,4.28011640e+01,1.98847353e+00,8.16821283e+01,1.21795710e+00,4.22662991e+01,2.27037093e+00
5.38521587e+01,4.29363579e+01,1.98221241e+00,8.19401336e+01,1.21412211e+00,4.23998036e+01,2.26322220e+00
5.40222589e+01,4.30719789e+01,1.97597101e+00,8.21989539e+01,1.21029920e+00,4.25337298e+01,2.25609598e+00
5.41928964e+01,4.32080282e+01,1.96974926e+00,8.24585917e+01,1.20648832e+00,4.26680790e+01,2.24899220e+00
5.43640728e+01,4.33445073e+01,1.96354710e+00,8.27190496e+01,1.20268945e+00,4.28028526e+01,2.24191078e+00
5.45357899e+01,4.34814175e+01,1.95736447e+00,8.29803302e+01,1.19890253e+00,4.29380518e+01,2.23485167e+00
5.47080495e+01,4.36187601e+01,1.95120131e+00,8.32424361e+01,1.19512754e+00,4.30736782e+01,2.22781478e+00
5.48808531e+01,4.37565365e+01,1.94505755e+00,8.35053699e+01,1.19136444e+00,4.32097329e+01,2.22080005e+00
5.50542025e+01,4.38947482e+01,1.93893313e+00,8.37691342e+01,1.18761318e+00,4.33462173e+01,2.21380740e+00
5.52280996e+01,4.40333963e+01,1.93282801e+00,8.40337316e+01,1.18387374e+00,4.34831329e+01,2.20683677e+00
5.54025458e+01,4.41724825e+01,1.92674210e+00,8.42991649e+01,1.18014607e+00,4.36204809e+01,2.19988810e+00
5.55775431e+01,4.43120079e+01,1.92067536e+00,8.45654365e+01,1.17643014e+00,4.37582628e+01,2.19296130e+00
5.57530932e+01,4.44519741e+01,1.91462772e+00,8.48325492e+01,1.17272590e+00,4.38964799e+01,2.18605631e+00
5.59291978e+01,4.45923824e+01,1.90859912e+00,8.51005056e+01,1.16903334e+00,4.40351335e+01,2.17917306e+00
5.61058586e+01,4.47332341e+01,1.90258950e+00,8.53693084e+01,1.16535239e+00,4.41742252e+01,2.17231149e+00
5.62830774e+01,4.48745308e+01,1.89659881e+00,8.56389602e+01,1.16168304e+00,4.43137561e+01,2.16547152e+00
5.64608560e+01,4.50162738e+01,1.89062698e+00,8.59094638e+01,1.15802525e+00,4.44537278e+01,2.15865309e+00
5.66391961e+01,4.51584645e+01,1.88467395e+00,8.61808218e+01,1.15437897e+00,4.45941416e+01,2.15185613e+00
5.68180996e+01,4.53011043e+01,1.87873967e+00,8.64530370e+01,1.15074417e+00,4.47349989e+01,2.14508056e+00
5.69975681e+01,4.54441947e+01,1.87282407e+00,8.67261119e+01,1.14712081e+00,4.48763012e+01,2.13832634e+00
5.71776035e+01,4.55877370e+01,1.86692710e+00,8.70000494e+01,1.14350887e+00,4.50180497e+01,2.13159338e+00
5.73582076e+01,4.57317328e+01,1.86104870e+00,8.72748522e+01,1.13990829e+00,4.51602461e+01,2.12488162e+00
5.75393822e+01,4.58761833e+01,1.85518880e+00,8.75505230e+01,1.13631906e+00,4.53028915e+01,2.11819099e+00
5.77211290e+01,4.60210902e+01,1.84934736e+00,8.78270645e+01,1.13274113e+00,4.54459875e+01,2.11152143e+00
5.79034499e+01,4.61664548e+01,1.84352431e+00,8.81044796e+01,1.12917446e+00,4.55895355e+01,2.10487288e+00
5.80863467e+01,4.63122785e+01,1.83771960e+00,8.83827709e+01,1.12561902e+00,4.57335370e+01,2.09824525e+00
5.82698212e+01,4.64585628e+01,1.83193316e+00,8.86619412e+01,1.12207478e+00,4.58779932e+01,2.09163850e+00
5.84538752e+01,4.66053092e+01,1.82616494e+00,8.89419933e+01,1.11854170e+00,4.60229058e+01,2.08505254e+00
5.86385106e+01,4.67525191e+01,1.82041489e+00,8.92229300e+01,1.11501974e+00,4.61682761e+01,2.07848733e+00
5.88237292e+01,4.69001940e+01,1.81468294e+00,8.95047541e+01,1.11150887e+00,4.63141056e+01,2.07194278e+00
5.90095328e+01,4.70483353e+01,1.80896903e+00,8.97874684e+01,1.10800905e+00,4.64603957e+01,2.06541885e+00
5.91959233e+01,4.71969446e+01,1.80327312e+00,9.00710757e+01,1.10452026e+00,4.66071478e+01,2.05891545e+00
5.93829026e+01,4.73460232e+01,1.79759515e+00,9.03555787e+01,1.10104245e+00,4.67543635e+01,2.05243253e+00
5.95704724e+01,4.74955728e+01,1.79193505e+00,9.06409805e+01,1.09757559e+00,4.69020443e+01,2.04597003e+00
5.97586348e+01,4.76455947e+01,1.78629277e+00,9.09272837e+01,1.09411965e+00,4.70501914e+01,2.03952787e+00
5.99473914e+01,4.77960905e+01,1.78066827e+00,9.12144912e+01,1.09067459e+00,4.71988066e+01,2.03310600e+00
6.01367443e+01,4.79470617e+01,1.77506147e+00,9.15026060e+01,1.08724038e+00,4.73478911e+01,2.02670435e+00
6.03266953e+01,4.80985097e+01,1.76947232e+00,9.17916308e+01,1.08381698e+00,4.74974466e+01,2.02032285e+00
6.05172463e+01,4.82504361e+01,1.76390077e+00,9.20815685e+01,1.08040436e+00,4.76474744e+01,2.01396145e+00
6.07083991e+01,4.84028424e+01,1.75834677e+00,9.23724220e+01,1.07700248e+00,4.77979762e+01,2.00762008e+00
6.09001557e+01,4.85557301e+01,1.75281025e+00,9.26641943e+01,1.07361132e+00,4.79489533e+01,2.00129868e+00
6.10925181e+01,4.87091007e+01,1.74729117e+00,9.29568881e+01,1.07023084e+00,4.81004073e+01,1.99499718e+00
6.12854880e+01,4.88629557e+01,1.74178947e+00,9.32505065e+01,1.06686099e+00,4.82523397e+01,1.98871552e+00
6.14790675e+01,4.90172968e+01,1.73630509e+00,9.35450523e+01,1.06350176e+00,4.84047520e+01,1.98245364e+00
6.16732584e+01,4.91721253e+01,1.73083797e+00,9.38405284e+01,1.06015311e+00,4.85576457e+01,1.97621148e+00
6.18680627e+01,4.93274429e+01,1.72538807e+00,9.41369379e+01,1.05681500e+00,4.87110224e+01,1.96998897e+00
6.20634823e+01,4.94832510e+01,1.71995534e+00,9.44342836e+01,1.05348740e+00,4.88648835e+01,1.96378606e+00
6.22595192e+01,4.96395514e+01,1.71453970e+00,9.47325685e+01,1.05017028e+00,4.90192306e+01,1.95760267e+00
6.24561753e+01,4.97963454e+01,1.70914112e+00,9.50317957e+01,1.04686360e+00,4.91740652e+01,1.95143876e+00
6.26534525e+01,4.99536346e+01,1.70375954e+00,9.53319679e+01,1.04356734e+00,4.93293889e+01,1.94529425e+00
6.28513529e+01,5.01114207e+01,1.69839490e+00,9.56330883e+01,1.04028145e+00,4.94852032e+01,1.93916909e+00
6.30498784e+01,5.02697052e+01,1.69304716e+00,9.59351599e+01,1.03700591e+00,4.96415097e+01,1.93306322e+00
6.32490309e+01,5.04284897e+01,1.68771625e+00,9.62381856e+01,1.03374069e+00,4.97983099e+01,1.92697658e+00
6.34488126e+01,5.05877757e+01,1.68240213e+00,9.65421684e+01,1.03048574e+00,4.99556054e+01,1.92090909e+00
6.36492252e+01,5.07475648e+01,1.67710474e+00,9.68471114e+01,1.02724105e+00,5.01133977e+01,1.91486072e+00
6.38502709e+01,5.09078586e+01,1.67182403e+00,9.71530176e+01,1.02400657e+00,5.02716885e+01,1.90883139e+00
6.40519516e+01,5.10686588e+01,1.66655995e+00,9.74598901e+01,1.02078227e+00,5.04304792e+01,1.90282104e+00
6.42542694e+01,5.12299669e+01,1.66131245e+00,9.77677319e+01,1.01756813e+00,5.05897714e+01,1.89682962e+00
6.44572262e+01,5.13917844e+01,1.65608146e+00,9.80765460e+01,1.01436411e+00,5.07495669e+01,1.89085706e+00
6.46608240e+01,5.15541131e+01,1.65086695e+00,9.83863356e+01,1.01117017e+00,5.09098670e+01,1.88490331e+00
6.48650650e+01,5.17169546e+01,1.64566886e+00,9.86971037e+01,1.00798630e+00,5.10706735e+01,1.87896830e+00
6.50699511e+01,5.18803104e+01,1.64048713e+00,9.90088534e+01,1.00481244e+00,5.12319880e+01,1.87305199e+00
6.52754844e+01,5.20441822e+01,1.63532172e+00,9.93215878e+01,1.00164859e+00,5.13938119e+01,1.86715430e+00
6.54816668e+01,5.22085716e+01,1.63017258e+00,9.96353100e+01,9.98494690e-01,5.15561470e+01,1.86127518e+00
6.56885006e+01,5.23734802e+01,1.62503964e+00,9.99500231e+01,9.95350725e-01,5.17189949e+01,1.85541457e+00
6.58959876e+01,5.25389098e+01,1.61992287e+00,1.00265730e+02,9.92216659e-01,5.18823572e+01,1.84957242e+00
6.61041300e+01,5.27048619e+01,1.61482221e+00,1.00582435e+02,9.89092461e-01,5.20462354e+01,1.84374866e+00
6.63129299e+01,5.28713381e+01,1.60973761e+00,1.00900140e+02,9.85978100e-01,5.22106313e+01,1.83794324e+00
6.65223893e+01,5.30383402e+01,1.60466902e+00,1.01218848e+02,9.82873546e-01,5.23755465e+01,1.83215610e+00
6.67325103e+01,5.32058698e+01,1.59961639e+00,1.01538563e+02,9.79778767e-01,5.25409825e+01,1.82638718e+00
6.69432950e+01,5.33739286e+01,1.59457967e+00,1.01859288e+02,9.76693732e-01,5.27069412e+01,1.82063642e+00
6.71547455e+01,5.35425182e+01,1.58955881e+00,1.02181026e+02,9.73618411e-01,5.28734240e+01,1.81490377e+00
6.73668639e+01,5.37116403e+01,1.58455376e+00,1.02503780e+02,9.70552774e-01,5.30404327e+01,1.80918918e+00
6.75796523e+01,5.38812966e+01,1.57956447e+00,1.02827554e+02,9.67496789e-01,5.32079689e+01,1.80349257e+00
6.77931128e+01,5.40514889e+01,1.57459088e+00,1.03152350e+02,9.64450427e-01,5.33760343e+01,1.79781391e+00
6.80072476e+01,5.42222186e+01,1.56963296e+00,1.03478172e+02,9.61413657e-01,5.35446305e+01,1.79215312e+00
6.82220588e+01,5.43934877e+01,1.56469065e+00,1.03805024e+02,9.58386449e-01,5.37137593e+01,1.78651016e+00
6.84375484e+01,5.45652977e+01,1.55976390e+00,1.04132907e+02,9.55368772e-01,5.38834224e+01,1.78088497e+00
6.86537188e+01,5.47376505e+01,1.55485266e+00,1.04461827e+02,9.52360598e-01,5.40536213e+01,1.77527748e+00
6.88705719e+01,5.49105476e+01,1.54995689e+00,1.04791785e+02,9.49361895e-01,5.42243578e+01,1.76968766e+00
6.90881100e+01,5.50839908e+01,1.54507653e+00,1.05122786e+02,9.46372634e-01,5.43956336e+01,1.76411543e+00
6.93063352e+01,5.52579819e+01,1.54021154e+00,1.05454832e+02,9.43392786e-01,5.45674504e+01,1.75856075e+00
6.95252497e+01,5.54325226e+01,1.53536187e+00,1.05787927e+02,9.40422320e-01,5.47398100e+01,1.75302356e+00
6.97448557e+01,5.56076146e+01,1.53052747e+00,1.06122074e+02,9.37461207e-01,5.49127139e+01,1.74750381e+00
6.99651554e+01,5.57832597e+01,1.52570829e+00,1.06457277e+02,9.34509418e-01,5.50861640e+01,1.74200144e+00
7.01861509e+01,5.59594595e+01,1.52090428e+00,1.06793538e+02,9.31566923e-01,5.52601620e+01,1.73651639e+00
7.04078444e+01,5.61362159e+01,1.51611540e+00,1.07130862e+02,9.28633694e-01,5.54347095e+01,1.73104861e+00
7.06302382e+01,5.63135306e+01,1.51134160e+00,1.07469251e+02,9.25709700e-01,5.56098084e+01,1.72559805e+00
7.08533345e+01,5.64914054e+01,1.50658283e+00,1.07808709e+02,9.22794913e-01,5.57854604e+01,1.72016465e+00
7.10771355e+01,5.66698420e+01,1.50183905e+00,1.08149239e+02,9.19889304e-01,5.59616672e+01,1.71474835e+00
7.13016433e+01,5.68488423e+01,1.49711020e+00,1.08490844e+02,9.16992843e-01,5.61384306e+01,1.70934912e+00
7.15268603e+01,5.70284079e+01,1.49239624e+00,1.08833529e+02,9.14105503e-01,5.63157523e+01,1.70396688e+00
7.17527887e+01,5.72085407e+01,1.48769713e+00,1.09177296e+02,9.11227254e-01,5.64936341e+01,1.69860159e+00
7.19794307e+01,5.73892426e+01,1.48301281e+00,1.09522149e+02,9.08358068e-01,5.66720777e+01,1.69325320e+00
7.22067886e+01,5.75705151e+01,1.47834324e+00,1.09868092e+02,9.05497917e-01,5.68510851e+01,1.68792164e+00
7.24348646e+01,5.77523603e+01,1.47368837e+00,1.10215126e+02,9.02646771e-01,5.70306578e+01,1.68260687e+00
7.26636611e+01,5.79347798e+01,1.46904816e+00,1.10563258e+02,8.99804602e-01,5.72107977e+01,1.67730884e+00
7.28931802e+01,5.81177756e+01,1.46442256e+00,1.10912488e+02,8.96971382e-01,5.73915067e+01,1.67202749e+00
7.31234243e+01,5.83013494e+01,1.45981152e+00,1.11262822e+02,8.94147084e-01,5.75727864e+01,1.66676277e+00
7.33543957e+01,5.84855030e+01,1.45521501e+00,1.11614263e+02,8.91331678e-01,5.77546387e+01,1.66151462e+00
7.35860966e+01,5.86702383e+01,1.45063296e+00,1.11966813e+02,8.88525138e-01,5.79370655e+01,1.65628300e+00
7.38185294e+01,5.88555571e+01,1.44606535e+00,1.12320477e+02,8.85727434e-01,5.81200684e+01,1.65106786e+00
7.40516964e+01,5.90414612e+01,1.44151212e+00,1.12675258e+02,8.82938539e-01,5.83036494e+01,1.64586913e+00
7.42855999e+01,5.92279526e+01,1.43697322e+00,1.13031160e+02,8.80158426e-01,5.84878103e+01,1.64068677e+00
7.45202421e+01,5.94150330e+01,1.43244861e+00,1.13388186e+02,8.77387067e-01,5.86725529e+01,1.63552073e+00
7.47556256e+01,5.96027044e+01,1.42793825e+00,1.13746340e+02,8.74624433e-01,5.88578790e+01,1.63037096e+00
7.49917525e+01,5.97909685e+01,1.42344210e+00,1.14105625e+02,8.71870499e-01,5.90437905e+01,1.62523740e+00
7.52286253e+01,5.99798273e+01,1.41896010e+00,1.14466045e+02,8.69125235e-01,5.92302892e+01,1.62012001e+00
7.54662462e+01,6.01692826e+01,1.41449221e+00,1.14827603e+02,8.66388616e-01,5.94173770e+01,1.61501873e+00
7.57046178e+01,6.03593364e+01,1.41003839e+00,1.15190303e+02,8.63660614e-01,5.96050558e+01,1.60993351e+00
7.59437422e+01,6.05499905e+01,1.40559860e+00,1.15554149e+02,8.60941201e-01,5.97933274e+01,1.60486431e+00
7.61836220e+01,6.07412467e+01,1.40117278e+00,1.15919144e+02,8.58230351e-01,5.99821936e+01,1.59981106e+00
7.64242595e+01,6.09331071e+01,1.39676090e+00,1.16285292e+02,8.55528037e-01,6.01716564e+01,1.59477373e+00
7.66656570e+01,6.11255735e+01,1.39236291e+00,1.16652597e+02,8.52834231e-01,6.03617177e+01,1.58975225e+00
7.69078171e+01,6.13186479e+01,1.38797877e+00,1.17021062e+02,8.50148907e-01,6.05523793e+01,1.58474659e+00
7.71507420e+01,6.15123321e+01,1.38360844e+00,1.17390691e+02,8.47472039e-01,6.07436431e+01,1.57975669e+00
7.73944343e+01,6.17066281e+01,1.37925186e+00,1.17761487e+02,8.44803599e-01,6.09355111e+01,1.57478251e+00
7.76388963e+01,6.19015378e+01,1.37490900e+00,1.18133454e+02,8.42143562e-01,6.11279851e+01,1.56982398e+00
7.78841304e+01,6.20970631e+01,1.37057982e+00,1.18506597e+02,8.39491900e-01,6.13210670e+01,1.56488107e+00
7.81301392e+01,6.22932061e+01,1.36626427e+00,1.18880918e+02,8.36848588e-01,6.15147589e+01,1.55995372e+00
7.83769251e+01,6.24899686e+01,1.36196230e+00,1.19256421e+02,8.34213598e-01,6.17090625e+01,1.55504188e+00
7.86244904e+01,6.26873526e+01,1.35767389e+00,1.19633110e+02,8.31586905e-01,6.19039799e+01,1.55014551e+00
7.88728377e+01,6.28853600e+01,1.35339897e+00,1.20010990e+02,8.28968483e-01,6.20995130e+01,1.54526456e+00
7.91219695e+01,6.30839929e+01,1.34913752e+00,1.20390062e+02,8.26358306e-01,6.22956637e+01,1.54039898e+00
7.93718882e+01,6.32832532e+01,1.34488948e+00,1.20770333e+02,8.23756347e-01,6.24924339e+01,1.53554872e+00
7.96225962e+01,6.34831429e+01,1.34065482e+00,1.21151804e+02,8.21162581e-01,6.26898257e+01,1.53071373e+00
7.98740962e+01,6.36836640e+01,1.33643349e+00,1.21534480e+02,8.18576982e-01,6.28878410e+01,1.52589396e+00
8.01263906e+01,6.38848185e+01,1.33222546e+00,1.21918365e+02,8.15999524e-01,6.30864817e+01,1.52108937e+00
8.03794819e+01,6.40866083e+01,1.32803067e+00,1.22303463e+02,8.13430183e-01,6.32857499e+01,1.51629991e+00
8.06333726e+01,6.42890356e+01,1.32384910e+00,1.22689777e+02,8.10868931e-01,6.34856475e+01,1.51152553e+00
8.08880653e+01,6.44921022e+01,1.31968069e+00,1.23077311e+02,8.08315743e-01,6.36861765e+01,1.50676618e+00
8.11435625e+01,6.46958102e+01,1.31552540e+00,1.23466069e+02,8.05770595e-01,6.38873389e+01,1.50202182e+00
8.13998667e+01,6.49001617e+01,1.31138320e+00,1.23856055e+02,8.03233461e-01,6.40891367e+01,1.49729239e+00
8.16569804e+01,6.51051587e+01,1.30725404e+00,1.24247273e+02,8.00704316e-01,6.42915719e+01,1.49257786e+00
8.19149063e+01,6.53108031e+01,1.30313788e+00,1.24639727e+02,7.98183134e-01,6.44946465e+01,1.48787817e+00
8.21736469e+01,6.55170972e+01,1.29903468e+00,1.25033420e+02,7.95669890e-01,6.46983626e+01,1.48319328e+00
8.24332048e+01,6.57240428e+01,1.29494441e+00,1.25428357e+02,7.93164561e-01,6.49027221e+01,1.47852314e+00
8.26935825e+01,6.59316421e+01,1.29086701e+00,1.25824542e+02,7.90667119e-01,6.51077272e+01,1.47386771e+00
8.29547827e+01,6.61398971e+01,1.28680245e+00,1.26221978e+02,7.88177541e-01,6.53133798e+01,1.46922694e+00
8.32168079e+01,6.63488100e+01,1.28275069e+00,1.26620669e+02,7.85695803e-01,6.55196819e+01,1.46460077e+00
8.34796607e+01,6.65583827e+01,1.27871168e+00,1.27020619e+02,7.83221878e-01,6.57266357e+01,1.45998918e+00
8.37433438e+01,6.67686174e+01,1.27468540e+00,1.27421833e+02,7.80755743e-01,6.59342432e+01,1.45539210e+00
8.40078598e+01,6.69795162e+01,1.27067179e+00,1.27824314e+02,7.78297374e-01,6.61425065e+01,1.45080950e+00
8.42732113e+01,6.71910811e+01,1.26667082e+00,1.28228067e+02,7.75846745e-01,6.63514276e+01,1.44624133e+00
8.45394010e+01,6.74033142e+01,1.26268244e+00,1.28633094e+02,7.73403832e-01,6.65610086e+01,1.44168754e+00
8.48064314e+01,6.76162178e+01,1.25870663e+00,1.29039401e+02,7.70968611e-01,6.67712516e+01,1.43714809e+00
8.50743053e+01,6.78297938e+01,1.25474333e+00,1.29446992e+02,7.68541058e-01,6.69821586e+01,1.43262294e+00
8.53430254e+01,6.80440445e+01,1.25079252e+00,1.29855870e+02,7.66121149e-01,6.71937319e+01,1.42811203e+00
8.56125942e+01,6.82589718e+01,1.24685414e+00,1.30266039e+02,7.63708859e-01,6.74059734e+01,1.42361532e+00
8.58830145e+01,6.84745781e+01,1.24292816e+00,1.30677504e+02,7.61304165e-01,6.76188854e+01,1.41913278e+00
8.61542889e+01,6.86908654e+01,1.23901455e+00,1.31090268e+02,7.58907043e-01,6.78324698e+01,1.41466435e+00
8.64264203e+01,6.89078359e+01,1.23511326e+00,1.31504337e+02,7.56517468e-01,6.80467289e+01,1.41020999e+00
8.66994112e+01,6.91254917e+01,1.23122425e+00,1.31919713e+02,7.54135418e-01,6.82616648e+01,1.40576965e+00
8.69732643e+01,6.93438350e+01,1.22734749e+00,1.32336401e+02,7.51760867e-01,6.84772795e+01,1.40134330e+00
8.72479825e+01,6.95628679e+01,1.22348293e+00,1.32754406e+02,7.49393794e-01,6.86935754e+01,1.39693088e+00
8.75235684e+01,6.97825927e+01,1.21963055e+00,1.33173731e+02,7.47034174e-01,6.89105544e+01,1.39253236e+00
8.78000248e+01,7.00030116e+01,1.21579029e+00,1.33594380e+02,7.44681983e-01,6.91282188e+01,1.38814768e+00
8.80773545e+01,7.02241267e+01,1.21196212e+00,1.34016358e+02,7.42337199e-01,6.93465707e+01,1.38377682e+00
8.83555601e+01,7.04459402e+01,1.20814601e+00,1.34439669e+02,7.39999798e-01,6.95656123e+01,1.37941971e+00
8.86346445e+01,7.06684543e+01,1.20434192e+00,1.34864317e+02,7.37669757e-01,6.97853458e+01,1.37507632e+00
8.89146104e+01,7.08916713e+01,1.20054980e+00,1.35290306e+02,7.35347052e-01,7.00057733e+01,1.37074661e+00
8.91954606e+01,7.11155933e+01,1.19676962e+00,1.35717641e+02,7.33031661e-01,7.02268971e+01,1.36643054e+00
8.94771979e+01,7.13402227e+01,1.19300135e+00,1.36146326e+02,7.30723561e-01,7.04487194e+01,1.36212805e+00
8.97598251e+01,7.15655615e+01,1.18924494e+00,1.36576365e+02,7.28422728e-01,7.06712423e+01,1.35783911e+00
9.00433451e+01,7.17916121e+01,1.18550035e+00,1.37007762e+02,7.26129139e-01,7.08944681e+01,1.35356368e+00
9.03277606e+01,7.20183768e+01,1.18176756e+00,1.37440521e+02,7.23842772e-01,7.11183990e+01,1.34930170e+00
9.06130744e+01,7.22458577e+01,1.17804653e+00,1.37874648e+02,7.21563605e-01,7.13430372e+01,1.34505315e+00
9.08992895e+01,7.24740571e+01,1.17433720e+00,1.38310146e+02,7.19291614e-01,7.15683849e+01,1.34081797e+00
9.11864086e+01,7.27029774e+01,1.17063956e+00,1.38747019e+02,7.17026777e-01,7.17944444e+01,1.33659613e+00
9.14744347e+01,7.29326207e+01,1.16695356e+00,1.39185273e+02,7.14769071e-01,7.20212180e+01,1.33238759e+00
9.17633705e+01,7.31629894e+01,1.16327917e+00,1.39624910e+02,7.12518473e-01,7.22487079e+01,1.32819229e+00
9.20532189e+01,7.33940857e+01,1.15961635e+00,1.40065937e+02,7.10274963e-01,7.24769164e+01,1.32401020e+00
9.23439829e+01,7.36259120e+01,1.15596506e+00,1.40508356e+02,7.08038516e-01,7.27058456e+01,1.31984129e+00
9.26356653e+01,7.38584706e+01,1.15232526e+00,1.40952173e+02,7.05809112e-01,7.29354980e+01,1.31568549e+00
9.29282690e+01,7.40917637e+01,1.14869693e+00,1.41397392e+02,7.03586727e-01,7.31658758e+01,1.31154279e+00
9.32217970e+01,7.43257937e+01,1.14508002e+00,1.41844017e+02,7.01371340e-01,7.33969813e+01,1.30741313e+00
9.35162521e+01,7.45605630e+01,1.14147450e+00,1.42292052e+02,6.99162928e-01,7.36288167e+01,1.30329647e+00
9.38116373e+01,7.47960738e+01,1.13788034e+00,1.42741503e+02,6.96961470e-01,7.38613844e+01,1.29919277e+00
9.41079555e+01,7.50323284e+01,1.13429749e+00,1.43192374e+02,6.94766944e-01,7.40946868e+01,1.29510200e+00
9.44052097e+01,7.52693294e+01,1.13072592e+00,1.43644669e+02,6.92579327e-01,7.43287260e+01,1.29102410e+00
9.47034028e+01,7.55070789e+01,1.12716560e+00,1.44098392e+02,6.90398599e-01,7.45635045e+01,1.28695905e+00
9.50025378e+01,7.57455794e+01,1.12361648e+00,1.44553548e+02,6.88224738e-01,7.47990246e+01,1.28290679e+00
9.53026177e+01,7.59848333e+01,1.12007855e+00,1.45010143e+02,6.86057721e-01,7.50352886e+01,1.27886730e+00
9.56036454e+01,7.62248428e+01,1.11655175e+00,1.45468179e+02,6.83897527e-01,7.52722989e+01,1.27484052e+00
9.59056239e+01,7.64656105e+01,1.11303606e+00,1.45927662e+02,6.81744135e-01,7.55100578e+01,1.27082642e+00
9.62085563e+01,7.67071387e+01,1.10953143e+00,1.46388597e+02,6.79597524e-01,7.57485677e+01,1.26682497e+00
9.65124455e+01,7.69494297e+01,1.10603785e+00,1.46850987e+02,6.77457672e-01,7.59878310e+01,1.26283611e+00
9.68172947e+01,7.71924861e+01,1.10255526e+00,1.47314838e+02,6.75324557e-01,7.62278500e+01,1.25885981e+00
9.71231067e+01,7.74363102e+01,1.09908364e+00,1.47780154e+02,6.73198159e-01,7.64686272e+01,1.25489603e+00
9.74298847e+01,7.76809045e+01,1.09562295e+00,1.48246940e+02,6.71078457e-01,7.67101649e+01,1.25094473e+00
9.77376317e+01,7.79262714e+01,1.09217315e+00,1.48715201e+02,6.68965428e-01,7.69524655e+01,1.24700588e+00
9.80463507e+01,7.81724133e+01,1.08873422e+00,1.49184940e+02,6.66859053e-01,7.71955315e+01,1.24307942e+00
9.83560449e+01,7.84193326e+01,1.08530612e+00,1.49656163e+02,6.64759311e-01,7.74393652e+01,1.23916533e+00
9.86667173e+01,7.86670319e+01,1.08188881e+00,1.50128875e+02,6.62666180e-01,7.76839692e+01,1.23526357e+00
9.89783711e+01,7.89155136e+01,1.07848226e+00,1.50603080e+02,6.60579639e-01,7.79293457e+01,1.23137408e+00
9.92910092e+01,7.91647802e+01,1.07508644e+00,1.51078782e+02,6.58499669e-01,7.81754973e+01,1.22749685e+00
9.96046348e+01,7.94148341e+01,1.07170131e+00,1.51555987e+02,6.56426247e-01,7.84224264e+01,1.22363183e+00
9.99192511e+01,7.96656778e+01,1.06832684e+00,1.52034700e+02,6.54359355e-01,7.86701355e+01,1.21977897e+00
1.00234861e+02,7.99173139e+01,1.06496299e+00,1.52514924e+02,6.52298970e-01,7.89186270e+01,1.21593824e+00
1.00551468e+02,8.01697448e+01,1.06160974e+00,1.52996666e+02,6.50245073e-01,7.91679034e+01,1.21210961e+00
1.00869075e+02,8.04229730e+01,1.05826704e+00,1.53479929e+02,6.48197642e-01,7.94179671e+01,1.20829304e+00
1.01187685e+02,8.06770011e+01,1.05493487e+00,1.53964718e+02,6.46156659e-01,7.96688208e+01,1.20448848e+00
1.01507302e+02,8.09318316e+01,1.05161319e+00,1.54451039e+02,6.44122102e-01,7.99204668e+01,1.20069590e+00
1.01827928e+02,8.11874670e+01,1.04830197e+00,1.54938896e+02,6.42093952e-01,8.01729076e+01,1.19691526e+00
1.02149567e+02,8.14439099e+01,1.04500118e+00,1.55428294e+02,6.40072187e-01,8.04261459e+01,1.19314653e+00
1.02472222e+02,8.17011628e+01,1.04171078e+00,1.55919238e+02,6.38056788e-01,8.06801840e+01,1.18938966e+00
1.02795896e+02,8.19592282e+01,1.03843074e+00,1.56411732e+02,6.36047736e-01,8.09350245e+01,1.18564462e+00
1.03120592e+02,8.22181088e+01,1.03516102e+00,1.56905782e+02,6.34045009e-01,8.11906700e+01,1.18191138e+00
1.03446314e+02,8.24778071e+01,1.03190161e+00,1.57401393e+02,6.32048588e-01,8.14471230e+01,1.17818989e+00
1.03773065e+02,8.27383257e+01,1.02865245e+00,1.57898569e+02,6.30058453e-01,8.17043860e+01,1.17448012e+00
1.04100848e+02,8.29996672e+01,1.02541353e+00,1.58397315e+02,6.28074585e-01,8.19624616e+01,1.17078202e+00
1.04429666e+02,8.32618342e+01,1.02218480e+00,1.58897637e+02,6.26096963e-01,8.22213525e+01,1.16709558e+00
1.04759523e+02,8.35248292e+01,1.01896625e+00,1.59399539e+02,6.24125568e-01,8.24810610e+01,1.16342074e+00
1.05090421e+02,8.37886550e+01,1.01575782e+00,1.59903027e+02,6.22160381e-01,8.27415899e+01,1.15975747e+00
1.05422365e+02,8.40533141e+01,1.01255950e+00,1.60408105e+02,6.20201381e-01,8.30029417e+01,1.15610573e+00
1.05755358e+02,8.43188092e+01,1.00937125e+00,1.60914778e+02,6.18248550e-01,8.32651190e+01,1.15246550e+00
1.06089402e+02,8.45851429e+01,1.00619303e+00,1.61423051e+02,6.16301867e-01,8.35281244e+01,1.14883672e+00
1.06424502e+02,8.48523178e+01,1.00302483e+00,1.61932930e+02,6.14361314e-01,8.37919606e+01,1.14521937e+00
1.06760659e+02,8.51203367e+01,9.99866600e-01,1.62444420e+02,6.12426872e-01,8.40566302e+01,1.14161342e+00
1.07097879e+02,8.53892021e+01,9.96718315e-01,1.62957525e+02,6.10498520e-01,8.43221357e+01,1.13801881e+00
1.07436164e+02,8.56589168e+01,9.93579943e-01,1.63472251e+02,6.08576240e-01,8.45884799e+01,1.13443553e+00
1.07775517e+02,8.59294834e+01,9.90451452e-01,1.63988603e+02,6.06660013e-01,8.48556654e+01,1.13086352e+00
1.08115942e+02,8.62009046e+01,9.87332813e-01,1.64506586e+02,6.04749819e-01,8.51236948e+01,1.12730277e+00
1.08457443e+02,8.64731832e+01,9.84223993e-01,1.65026205e+02,6.02845640e-01,8.53925709e+01,1.12375322e+00
1.08800022e+02,8.67463218e+01,9.81124961e-01,1.65547465e+02,6.00947457e-01,8.56622962e+01,1.12021486e+00
1.09143683e+02,8.70203232e+01,9.78035688e-01,1.66070371e+02,5.99055251e-01,8.59328735e+01,1.11668763e+00
1.09488430e+02,8.72951900e+01,9.74956142e-01,1.66594930e+02,5.97169002e-01,8.62043054e+01,1.11317151e+00
1.09834266e+02,8.75709250e+01,9.71886292e-01,1.67121145e+02,5.95288693e-01,8.64765947e+01,1.10966646e+00
1.10181194e+02,8.78475310e+01,9.68826109e-01,1.67649022e+02,5.93414305e-01,8.67497441e+01,1.10617245e+00
1.10529218e+02,8.81250107e+01,9.65775561e-01,1.68178567e+02,5.91545818e-01,8.70237563e+01,1.10268944e+00
1.10878341e+02,8.84033668e+01,9.62734618e-01,1.68709784e+02,5.89683214e-01,8.72986339e+01,1.09921739e+00
1.11228567e+02,8.86826022e+01,9.59703251e-01,1.69242680e+02,5.87826476e-01,8.75743798e+01,1.09575628e+00
1.11579899e+02,8.89627196e+01,9.56681428e-01,1.69777258e+02,5.85975583e-01,8.78509967e+01,1.09230607e+00
1.11932341e+02,8.92437218e+01,9.53669120e-01,1.70313525e+02,5.84130519e-01,8.81284874e+01,1.08886672e+00
1.12285897e+02,8.95256115e+01,9.50666297e-01,1.70851486e+02,5.82291264e-01,8.84068545e+01,1.08543820e+00
1.12640568e+02,8.98083917e+01,9.47672929e-01,1.71391147e+02,5.80457801e-01,8.86861009e+01,1.08202047e+00
1.12996361e+02,9.00920650e+01,9.44688987e-01,1.71932511e+02,5.78630110e-01,8.89662293e+01,1.07861351e+00
1.13353277e+02,9.03766344e+01,9.41714440e-01,1.72475586e+02,5.76808174e-01,8.92472426e+01,1.07521727e+00
1.13711320e+02,9.06621027e+01,9.38749258e-01,1.73020376e+02,5.74991976e-01,8.95291435e+01,1.07183173e+00
1.14070495e+02,9.09484726e+01,9.35793414e-01,1.73566887e+02,5.73181495e-01,8.98119348e+01,1.06845685e+00
1.14430803e+02,9.12357471e+01,9.32846876e-01,1.74115124e+02,5.71376716e-01,9.00956193e+01,1.06509259e+00
1.14792250e+02,9.15239289e+01,9.29909616e-01,1.74665093e+02,5.69577619e-01,9.03801999e+01,1.06173893e+00
1.15154839e+02,9.18130211e+01,9.26981605e-01,1.75216799e+02,5.67784187e-01,9.06656794e+01,1.05839583e+00
1.15518573e+02,9.21030264e+01,9.24062813e-01,1.75770248e+02,5.65996402e-01,9.09520607e+01,1.05506325e+00
1.15883456e+02,9.23939477e+01,9.21153212e-01,1.76325445e+02,5.64214246e-01,9.12393465e+01,1.05174117e+00
1.16249491e+02,9.26857879e+01,9.18252772e-01,1.76882396e+02,5.62437702e-01,9.15275397e+01,1.04842954e+00
1.16616683e+02,9.29785500e+01,9.15361464e-01,1.77441105e+02,5.60666751e-01,9.18166433e+01,1.04512835e+00
1.16985034e+02,9.32722367e+01,9.12479261e-01,1.78001580e+02,5.58901377e-01,9.21066600e+01,1.04183755e+00
1.17354549e+02,9.35668512e+01,9.09606133e-01,1.78563825e+02,5.57141561e-01,9.23975928e+01,1.03855711e+00
1.17725231e+02,9.38623962e+01,9.06742051e-01,1.79127845e+02,5.55387286e-01,9.26894445e+01,1.03528700e+00
1.18097084e+02,9.41588747e+01,9.03886987e-01,1.79693648e+02,5.53638536e-01,9.29822181e+01,1.03202718e+00
1.18470111e+02,9.44562897e+01,9.01040914e-01,1.80261237e+02,5.51895291e-01,9.32759165e+01,1.02877763e+00
1.18844317e+02,9.47546442e+01,8.98203802e-01,1.80830620e+02,5.50157535e-01,9.35705426e+01,1.02553832e+00
1.19219705e+02,9.50539410e+01,8.95375622e-01,1.81401800e+02,5.48425251e-01,9.38660992e+01,1.02230920e+00
1.19596278e+02,9.53541833e+01,8.92556349e-01,1.81974785e+02,5.46698422e-01,9.41625895e+01,1.01909025e+00
1.19974041e+02,9.56553738e+01,8.89745952e-01,1.82549580e+02,5.44977030e-01,9.44600162e+01,1.01588143e+00
1.20352997e+02,9.59575158e+01,8.86944404e-01,1.83126191e+02,5.43261058e-01,9.47583824e+01,1.01268272e+00
1.20733150e+02,9.62606121e+01,8.84151677e-01,1.83704622e+02,5.41550489e-01,9.50576911e+01,1.00949408e+00
1.21114504e+02,9.65646657e+01,8.81367744e-01,1.84284881e+02,5.39845306e-01,9.53579452e+01,1.00631548e+00
1.21497063e+02,9.68696798e+01,8.78592577e-01,1.84866973e+02,5.38145492e-01,9.56591476e+01,1.00314689e+00
1.21880830e+02,9.71756573e+01,8.75826148e-01,1.85450903e+02,5.36451031e-01,9.59613015e+01,9.99988280e-01
1.22265809e+02,9.74826013e+01,8.73068430e-01,1.86036678e+02,5.34761904e-01,9.62644097e+01,9.96839611e-01
1.22652004e+02,9.77905148e+01,8.70319395e-01,1.86624302e+02,5.33078097e-01,9.65684754e+01,9.93700857e-01
1.23039418e+02,9.80994009e+01,8.67579015e-01,1.87213783e+02,5.31399591e-01,9.68735015e+01,9.90571986e-01
1.23428057e+02,9.84092627e+01,8.64847265e-01,1.87805126e+02,5.29726370e-01,9.71794911e+01,9.87452967e-01
1.23817923e+02,9.87201032e+01,8.62124116e-01,1.88398337e+02,5.28058418e-01,9.74864472e+01,9.84343768e-01
1.24209021e+02,9.90319255e+01,8.59409541e-01,1.88993422e+02,5.26395718e-01,9.77943728e+01,9.81244360e-01
1.24601354e+02,9.93447328e+01,8.56703513e-01,1.89590386e+02,5.24738253e-01,9.81032711e+01,9.78154711e-01
1.24994926e+02,9.96585281e+01,8.54006007e-01,1.90189236e+02,5.23086007e-01,9.84131451e+01,9.75074790e-01
1.25389741e+02,9.99733146e+01,8.51316993e-01,1.90789977e+02,5.21438963e-01,9.87239979e+01,9.72004567e-01
1.25785804e+02,1.00289095e+02,8.48636447e-01,1.91392616e+02,5.19797106e-01,9.90358325e+01,9.68944011e-01
1.26183117e+02,1.00605874e+02,8.45964341e-01,1.91997159e+02,5.18160418e-01,9.93486521e+01,9.65893092e-01
1.26581685e+02,1.00923653e+02,8.43300649e-01,1.92603611e+02,5.16528883e-01,9.96624598e+01,9.62851779e-01
1.26981513e+02,1.01242435e+02,8.40645344e-01,1.93211978e+02,5.14902486e-01,9.99772588e+01,9.59820043e-01
1.27382603e+02,1.01562225e+02,8.37998399e-01,1.93822268e+02,5.13281210e-01,1.00293052e+02,9.56797852e-01
1.27784960e+02,1.01883024e+02,8.35359789e-01,1.94434484e+02,5.11665039e-01,1.00609843e+02,9.53785178e-01
1.28188588e+02,1.02204837e+02,8.32729487e-01,1.95048635e+02,5.10053956e-01,1.00927634e+02,9.50781990e-01
1.28593491e+02,1.02527667e+02,8.30107468e-01,1.95664726e+02,5.08447947e-01,1.01246429e+02,9.47788257e-01
1.28999673e+02,1.02851516e+02,8.27493704e-01,1.96282762e+02,5.06846994e-01,1.01566231e+02,9.44803951e-01
1.29407138e+02,1.03176388e+02,8.24888170e-01,1.96902751e+02,5.05251082e-01,1.01887044e+02,9.41829042e-01
1.29815890e+02,1.03502286e+02,8.22290840e-01,1.97524698e+02,5.03660195e-01,1.02208869e+02,9.38863500e-01
1.30225933e+02,1.03829213e+02,8.19701689e-01,1.98148610e+02,5.02074318e-01,1.02531711e+02,9.35907296e-01
1.30637272e+02,1.04157174e+02,8.17120690e-01,1.98774492e+02,5.00493434e-01,1.02855573e+02,9.32960400e-01
1.31049909e+02,1.04486170e+02,8.14547818e-01,1.99402351e+02,4.98917528e-01,1.03180458e+02,9.30022782e-01
1.31463850e+02,1.04816205e+02,8.11983047e-01,2.00032193e+02,4.97346583e-01,1.03506369e+02,9.27094415e-01
1.31879098e+02,1.05147283e+02,8.09426351e-01,2.00664025e+02,4.95780585e-01,1.03833310e+02,9.24175268e-01
1.32295658e+02,1.05479407e+02,8.06877706e-01,2.01297853e+02,4.94219519e-01,1.04161283e+02,9.21265312e-01
1.32713534e+02,1.05812579e+02,8.04337086e-01,2.01933683e+02,4.92663367e-01,1.04490292e+02,9.18364519e-01
1.33132730e+02,1.06146804e+02,8.01804466e-01,2.02571521e+02,4.91112115e-01,1.04820340e+02,9.15472860e-01
1.33553250e+02,1.06482085e+02,7.99279820e-01,2.03211373e+02,4.89565748e-01,1.05151431e+02,9.12590306e-01
1.33975098e+02,1.06818425e+02,7.96763124e-01,2.03853247e+02,4.88024250e-01,1.05483568e+02,9.09716828e-01
1.34398278e+02,1.07155827e+02,7.94254351e-01,2.04497148e+02,4.86487605e-01,1.05816754e+02,9.06852398e-01
1.34822796e+02,1.07494295e+02,7.91753478e-01,2.05143083e+02,4.84955799e-01,1.06150992e+02,9.03996987e-01
1.35248654e+02,1.07833832e+02,7.89260480e-01,2.05791059e+02,4.83428816e-01,1.06486286e+02,9.01150567e-01
1.35675857e+02,1.08174441e+02,7.86775331e-01,2.06441081e+02,4.81906641e-01,1.06822639e+02,8.98313109e-01
1.36104410e+02,1.08516126e+02,7.84298008e-01,2.07093156e+02,4.80389259e-01,1.07160054e+02,8.95484586e-01
1.36534316e+02,1.08858891e+02,7.81828485e-01,2.07747291e+02,4.78876655e-01,1.07498535e+02,8.92664969e-01
1.36965580e+02,1.09202738e+02,7.79366737e-01,2.08403492e+02,4.77368814e-01,1.07838086e+02,8.89854230e-01
1.37398207e+02,1.09547671e+02,7.76912741e-01,2.09061766e+02,4.75865720e-01,1.08178709e+02,8.87052341e-01
1.37832200e+02,1.09893694e+02,7.74466472e-01,2.09722119e+02,4.74367359e-01,1.08520407e+02,8.84259275e-01
1.38267564e+02,1.10240810e+02,7.72027905e-01,2.10384558e+02,4.72873716e-01,1.08863185e+02,8.81475003e-01
1.38704303e+02,1.10589022e+02,7.69597017e-01,2.11049090e+02,4.71384776e-01,1.09207046e+02,8.78699498e-01
1.39142421e+02,1.10938334e+02,7.67173783e-01,2.11715720e+02,4.69900525e-01,1.09551993e+02,8.75932732e-01
1.39581923e+02,1.11288750e+02,7.64758179e-01,2.12384456e+02,4.68420946e-01,1.09898030e+02,8.73174678e-01
1.40022814e+02,1.11640272e+02,7.62350180e-01,2.13055305e+02,4.66946027e-01,1.10245159e+02,8.70425309e-01
1.40465097e+02,1.11992905e+02,7.59949764e-01,2.13728272e+02,4.65475751e-01,1.10593385e+02,8.67684596e-01
1.40908777e+02,1.12346651e+02,7.57556907e-01,2.14403365e+02,4.64010105e-01,1.10942711e+02,8.64952513e-01
1.41353859e+02,1.12701515e+02,7.55171583e-01,2.15080590e+02,4.62549074e-01,1.11293140e+02,8.62229032e-01
1.41800347e+02,1.13057500e+02,7.52793770e-01,2.15759955e+02,4.61092644e-01,1.11644677e+02,8.59514127e-01
1.42248244e+02,1.13414609e+02,7.50423445e-01,2.16441465e+02,4.59640799e-01,1.11997323e+02,8.56807771e-01
1.42697557e+02,1.13772846e+02,7.48060582e-01,2.17125128e+02,4.58193525e-01,1.12351084e+02,8.54109936e-01
1.43148289e+02,1.14132215e+02,7.45705160e-01,2.17810951e+02,4.56750809e-01,1.12705961e+02,8.51420595e-01
1.43600444e+02,1.14492719e+02,7.43357154e-01,2.18498939e+02,4.55312635e-01,1.13061960e+02,8.48739723e-01
1.44054028e+02,1.14854361e+02,7.41016542e-01,2.19189101e+02,4.53878990e-01,1.13419083e+02,8.46067291e-01
1.44509044e+02,1.15217146e+02,7.38683299e-01,2.19881443e+02,4.52449859e-01,1.13777335e+02,8.43403275e-01
1.44965498e+02,1.15581077e+02,7.36357403e-01,2.20575972e+02,4.51025228e-01,1.14136718e+02,8.40747647e-01
1.45423393e+02,1.15946157e+02,7.34038831e-01,2.21272694e+02,4.49605082e-01,1.14497236e+02,8.38100380e-01
1.45882735e+02,1.16312391e+02,7.31727559e-01,2.21971618e+02,4.48189408e-01,1.14858893e+02,8.35461449e-01
1.46343528e+02,1.16679781e+02,7.29423564e-01,2.22672748e+02,4.46778192e-01,1.15221692e+02,8.32830827e-01
1.46805776e+02,1.17048332e+02,7.27126825e-01,2.23376094e+02,4.45371419e-01,1.15585637e+02,8.30208488e-01
1.47269484e+02,1.17418046e+02,7.24837317e-01,2.24081661e+02,4.43969076e-01,1.15950731e+02,8.27594407e-01
1.47734657e+02,1.17788929e+02,7.22555018e-01,2.24789457e+02,4.42571148e-01,1.16316979e+02,8.24988556e-01
1.48201299e+02,1.18160983e+02,7.20279905e-01,2.25499488e+02,4.41177622e-01,1.16684384e+02,8.22390910e-01
1.48669415e+02,1.18534212e+02,7.18011956e-01,2.26211762e+02,4.39788484e-01,1.17052949e+02,8.19801443e-01
1.49139010e+02,1.18908621e+02,7.15751148e-01,2.26926286e+02,4.38403719e-01,1.17422679e+02,8.17220130e-01
1.49610088e+02,1.19284211e+02,7.13497458e-01,2.27643067e+02,4.37023315e-01,1.17793576e+02,8.14646945e-01
1.50082654e+02,1.19660989e+02,7.11250865e-01,2.28362112e+02,4.35647258e-01,1.18165645e+02,8.12081862e-01
1.50556713e+02,1.20038956e+02,7.09011346e-01,2.29083428e+02,4.34275533e-01,1.18538889e+02,8.09524855e-01
1.51032269e+02,1.20418117e+02,7.06778878e-01,2.29807023e+02,4.32908127e-01,1.18913312e+02,8.06975900e-01
1.51509327e+02,1.20798476e+02,7.04553440e-01,2.30532903e+02,4.31545027e-01,1.19288917e+02,8.04434971e-01
1.51987892e+02,1.21180036e+02,7.02335008e-01,2.31261076e+02,4.30186219e-01,1.19665709e+02,8.01902042e-01
1.52467969e+02,1.21562801e+02,7.00123563e-01,2.31991549e+02,4.28831689e-01,1.20043692e+02,7.99377089e-01
1.52949562e+02,1.21946776e+02,6.97919080e-01,2.32724330e+02,4.27481425e-01,1.20422868e+02,7.96860086e-01
1.53432676e+02,1.22331963e+02,6.95721538e-01,2.33459424e+02,4.26135412e-01,1.20803242e+02,7.94351009e-01
1.53917316e+02,1.22718367e+02,6.93530916e-01,2.34196841e+02,4.24793637e-01,1.21184817e+02,7.91849832e-01
1.54403488e+02,1.23105992e+02,6.91347192e-01,2.34936587e+02,4.23456087e-01,1.21567597e+02,7.89356530e-01
1.54891194e+02,1.23494841e+02,6.89170343e-01,2.35678670e+02,4.22122749e-01,1.21951587e+02,7.86871079e-01
1.55380441e+02,1.23884918e+02,6.87000349e-01,2.36423097e+02,4.20793608e-01,1.22336789e+02,7.84393454e-01
1.55871234e+02,1.24276227e+02,6.84837187e-01,2.37169875e+02,4.19468653e-01,1.22723209e+02,7.81923630e-01
1.56363577e+02,1.24668772e+02,6.82680837e-01,2.37919012e+02,4.18147870e-01,1.23110848e+02,7.79461583e-01
1.56857475e+02,1.25062557e+02,6.80531276e-01,2.38670515e+02,4.16831246e-01,1.23499713e+02,7.77007288e-01
1.57352933e+02,1.25457586e+02,6.78388484e-01,2.39424391e+02,4.15518767e-01,1.23889805e+02,7.74560721e-01
1.57849956e+02,1.25853863e+02,6.76252438e-01,2.40180650e+02,4.14210421e-01,1.24281130e+02,7.72121858e-01
1.58348549e+02,1.26251391e+02,6.74123119e-01,2.40939296e+02,4.12906195e-01,1.24673690e+02,7.69690674e-01
1.58848716e+02,1.26650175e+02,6.72000504e-01,2.41700340e+02,4.11606075e-01,1.25067491e+02,7.67267144e-01
1.59350464e+02,1.27050219e+02,6.69884572e-01,2.42463787e+02,4.10310048e-01,1.25462536e+02,7.64851246e-01
1.59853797e+02,1.27451526e+02,6.67775303e-01,2.43229645e+02,4.09018103e-01,1.25858828e+02,7.62442955e-01
1.60358719e+02,1.27854101e+02,6.65672676e-01,2.43997923e+02,4.07730226e-01,1.26256372e+02,7.60042247e-01
1.60865236e+02,1.28257948e+02,6.63576669e-01,2.44768627e+02,4.06446403e-01,1.26655172e+02,7.57649098e-01
1.61373353e+02,1.28663070e+02,6.61487261e-01,2.45541765e+02,4.05166623e-01,1.27055231e+02,7.55263484e-01
1.61883075e+02,1.29069471e+02,6.59404433e-01,2.46317346e+02,4.03890873e-01,1.27456555e+02,7.52885382e-01
1.62394408e+02,1.29477157e+02,6.57328163e-01,2.47095377e+02,4.02619140e-01,1.27859145e+02,7.50514768e-01
1.62907355e+02,1.29886130e+02,6.55258430e-01,2.47875865e+02,4.01351411e-01,1.28263008e+02,7.48151618e-01
1.63421922e+02,1.30296395e+02,6.53195214e-01,2.48658818e+02,4.00087673e-01,1.28668146e+02,7.45795909e-01
1.63938115e+02,1.30707956e+02,6.51138495e-01,2.49444244e+02,3.98827915e-01,1.29074564e+02,7.43447618e-01
1.64455938e+02,1.31120817e+02,6.49088252e-01,2.50232152e+02,3.97572124e-01,1.29482265e+02,7.41106720e-01
1.64975397e+02,1.31534981e+02,6.47044464e-01,2.51022548e+02,3.96320286e-01,1.29891254e+02,7.38773194e-01
1.65496497e+02,1.31950455e+02,6.45007112e-01,2.51815440e+02,3.95072391e-01,1.30301535e+02,7.36447015e-01
1.66019243e+02,1.32367240e+02,6.42976175e-01,2.52610837e+02,3.93828424e-01,1.30713112e+02,7.34128160e-01
1.66543639e+02,1.32785342e+02,6.40951632e-01,2.53408747e+02,3.92588374e-01,1.31125990e+02,7.31816607e-01
1.67069693e+02,1.33204764e+02,6.38933464e-01,2.54209177e+02,3.91352229e-01,1.31540171e+02,7.29512332e-01
1.67597407e+02,1.33625512e+02,6.36921651e-01,2.55012135e+02,3.90119976e-01,1.31955660e+02,7.27215313e-01
1.68126789e+02,1.34047588e+02,6.34916173e-01,2.55817629e+02,3.88891604e-01,1.32372462e+02,7.24925526e-01
1.68657843e+02,1.34470998e+02,6.32917009e-01,2.56625668e+02,3.87667099e-01,1.32790581e+02,7.22642949e-01
1.69190574e+02,1.34895745e+02,6.30924140e-01,2.57436258e+02,3.86446449e-01,1.33210020e+02,7.20367560e-01
1.69724988e+02,1.35321833e+02,6.28937546e-01,2.58249410e+02,3.85229643e-01,1.33630784e+02,7.18099335e-01
1.70261090e+02,1.35749268e+02,6.26957207e-01,2.59065129e+02,3.84016669e-01,1.34052877e+02,7.15838252e-01
1.70798886e+02,1.36178052e+02,6.24983103e-01,2.59883426e+02,3.82807513e-01,1.34476303e+02,7.13584288e-01
1.71338380e+02,1.36608191e+02,6.23015216e-01,2.60704307e+02,3.81602165e-01,1.34901066e+02,7.11337421e-01
1.71879578e+02,1.37039689e+02,6.21053524e-01,2.61527781e+02,3.80400613e-01,1.35327172e+02,7.09097629e-01
1.72422485e+02,1.37472549e+02,6.19098010e-01,2.62353856e+02,3.79202843e-01,1.35754623e+02,7.06864890e-01
1.72967108e+02,1.37906777e+02,6.17148653e-01,2.63182540e+02,3.78008845e-01,1.36183425e+02,7.04639181e-01
1.73513450e+02,1.38342376e+02,6.15205433e-01,2.64013842e+02,3.76818607e-01,1.36613581e+02,7.02420480e-01
1.74061519e+02,1.38779352e+02,6.13268333e-01,2.64847769e+02,3.75632116e-01,1.37045095e+02,7.00208765e-01
1.74611318e+02,1.39217707e+02,6.11337332e-01,2.65684331e+02,3.74449361e-01,1.37477973e+02,6.98004014e-01
1.75162855e+02,1.39657447e+02,6.09412411e-01,2.66523535e+02,3.73270331e-01,1.37912218e+02,6.95806205e-01
1.75716133e+02,1.40098576e+02,6.07493551e-01,2.67365390e+02,3.72095012e-01,1.38347834e+02,6.93615316e-01
1.76271159e+02,1.40541099e+02,6.05580732e-01,2.68209904e+02,3.70923395e-01,1.38784827e+02,6.91431326e-01
1.76827938e+02,1.40985019e+02,6.03673937e-01,2.69057085e+02,3.69755466e-01,1.39223200e+02,6.89254212e-01
1.77386476e+02,1.41430342e+02,6.01773146e-01,2.69906943e+02,3.68591215e-01,1.39662957e+02,6.87083954e-01
1.77946778e+02,1.41877071e+02,5.99878340e-01,2.70759484e+02,3.67430630e-01,1.40104104e+02,6.84920529e-01
1.78508849e+02,1.42325211e+02,5.97989500e-01,2.71614719e+02,3.66273699e-01,1.40546644e+02,6.82763916e-01
1.79072697e+02,1.42774767e+02,5.96106607e-01,2.72472655e+02,3.65120412e-01,1.40990581e+02,6.80614094e-01
1.79638325e+02,1.43225742e+02,5.94229643e-01,2.73333301e+02,3.63970755e-01,1.41435921e+02,6.78471041e-01
1.80205739e+02,1.43678142e+02,5.92358589e-01,2.74196666e+02,3.62824718e-01,1.41882668e+02,6.76334735e-01
1.80774946e+02,1.44131971e+02,5.90493426e-01,2.75062757e+02,3.61682290e-01,1.42330826e+02,6.74205157e-01
1.81345951e+02,1.44587234e+02,5.88634137e-01,2.75931584e+02,3.60543459e-01,1.42780399e+02,6.72082283e-01
1.81918760e+02,1.45043935e+02,5.86780701e-01,2.76803156e+02,3.59408214e-01,1.43231393e+02,6.69966094e-01
1.82493378e+02,1.45502078e+02,5.84933102e-01,2.77677480e+02,3.58276544e-01,1.43683811e+02,6.67856569e-01
1.83069811e+02,1.45961668e+02,5.83091320e-01,2.78554567e+02,3.57148436e-01,1.44137658e+02,6.65753685e-01
1.83648064e+02,1.46422710e+02,5.81255337e-01,2.79434423e+02,3.56023881e-01,1.44592938e+02,6.63657423e-01
1.84228144e+02,1.46885208e+02,5.79425135e-01,2.80317059e+02,3.54902867e-01,1.45049657e+02,6.61567761e-01
1.84810057e+02,1.47349167e+02,5.77600696e-01,2.81202483e+02,3.53785383e-01,1.45507818e+02,6.59484680e-01
1.85393807e+02,1.47814592e+02,5.75782002e-01,2.82090703e+02,3.52671417e-01,1.45967426e+02,6.57408157e-01
1.85979402e+02,1.48281487e+02,5.73969034e-01,2.82981729e+02,3.51560958e-01,1.46428487e+02,6.55338172e-01
1.86566846e+02,1.48749856e+02,5.72161775e-01,2.83875570e+02,3.50453996e-01,1.46891003e+02,6.53274705e-01
1.87156145e+02,1.49219705e+02,5.70360206e-01,2.84772234e+02,3.49350520e-01,1.47354980e+02,6.51217736e-01
1.87747306e+02,1.49691038e+02,5.68564310e-01,2.85671730e+02,3.48250518e-01,1.47820423e+02,6.49167243e-01
1.88340334e+02,1.50163860e+02,5.66774068e-01,2.86574067e+02,3.47153980e-01,1.48287337e+02,6.47123207e-01
1.88935236e+02,1.50638175e+02,5.64989464e-01,2.87479255e+02,3.46060895e-01,1.48755724e+02,6.45085607e-01
1.89532016e+02,1.51113988e+02,5.63210479e-01,2.88387301e+02,3.44971251e-01,1.49225592e+02,6.43054422e-01
1.90130682e+02,1.51591305e+02,5.61437095e-01,2.89298216e+02,3.43885038e-01,1.49696943e+02,6.41029633e-01
1.90731238e+02,1.52070129e+02,5.59669295e-01,2.90212008e+02,3.42802245e-01,1.50169784e+02,6.39011220e-01
1.91333691e+02,1.52550465e+02,5.57907061e-01,2.91128686e+02,3.41722862e-01,1.50644118e+02,6.36999162e-01
1.91938048e+02,1.53032319e+02,5.56150376e-01,2.92048260e+02,3.40646878e-01,1.51119950e+02,6.34993439e-01
1.92544313e+02,1.53515694e+02,5.54399223e-01,2.92970739e+02,3.39574281e-01,1.51597285e+02,6.32994032e-01
1.93152493e+02,1.54000597e+02,5.52653583e-01,2.93896131e+02,3.38505062e-01,1.52076128e+02,6.31000921e-01
1.93762595e+02,1.54487031e+02,5.50913440e-01,2.94824446e+02,3.37439209e-01,1.52556483e+02,6.29014085e-01
1.94374623e+02,1.54975002e+02,5.49178776e-01,2.95755694e+02,3.36376712e-01,1.53038356e+02,6.27033505e-01
1.94988585e+02,1.55464513e+02,5.47449574e-01,2.96689883e+02,3.35317561e-01,1.53521751e+02,6.25059161e-01
1.95604485e+02,1.55955572e+02,5.45725816e-01,2.97627023e+02,3.34261745e-01,1.54006672e+02,6.23091034e-01
1.96222332e+02,1.56448181e+02,5.44007487e-01,2.98567123e+02,3.33209253e-01,1.54493126e+02,6.21129104e-01
1.96842130e+02,1.56942346e+02,5.42294567e-01,2.99510192e+02,3.32160076e-01,1.54981116e+02,6.19173351e-01
1.97463885e+02,1.57438072e+02,5.40587042e-01,3.00456240e+02,3.31114201e-01,1.55470647e+02,6.17223757e-01
1.98087605e+02,1.57935364e+02,5.38884892e-01,3.01405276e+02,3.30071620e-01,1.55961724e+02,6.15280301e-01
1.98713294e+02,1.58434227e+02,5.37188103e-01,3.02357310e+02,3.29032322e-01,1.56454353e+02,6.13342965e-01
1.99340960e+02,1.58934665e+02,5.35496656e-01,3.03312352e+02,3.27996296e-01,1.56948538e+02,6.11411729e-01
1.99970609e+02,1.59436684e+02,5.33810534e-01,3.04270409e+02,3.26963533e-01,1.57444283e+02,6.09486574e-01
2.00602246e+02,1.59940289e+02,5.32129722e-01,3.05231493e+02,3.25934021e-01,1.57941595e+02,6.07567480e-01
2.01235878e+02,1.60445485e+02,5.30454203e-01,3.06195613e+02,3.24907751e-01,1.58440477e+02,6.05654429e-01
2.01871512e+02,1.60952276e+02,5.28783959e-01,3.07162778e+02,3.23884712e-01,1.58940935e+02,6.03747402e-01
2.02509154e+02,1.61460668e+02,5.27118974e-01,3.08132998e+02,3.22864894e-01,1.59442974e+02,6.01846379e-01
2.03148810e+02,1.61970666e+02,5.25459232e-01,3.09106283e+02,3.21848288e-01,1.59946599e+02,5.99951342e-01
2.03790486e+02,1.62482275e+02,5.23804716e-01,3.10082642e+02,3.20834883e-01,1.60451814e+02,5.98062272e-01
2.04434189e+02,1.62995499e+02,5.22155409e-01,3.11062085e+02,3.19824668e-01,1.60958626e+02,5.96179151e-01
2.05079925e+02,1.63510345e+02,5.20511295e-01,3.12044621e+02,3.18817635e-01,1.61467038e+02,5.94301958e-01
2.05727701e+02,1.64026817e+02,5.18872359e-01,3.13030261e+02,3.17813772e-01,1.61977056e+02,5.92430676e-01
2.06377523e+02,1.64544921e+02,5.17238583e-01,3.14019014e+02,3.16813070e-01,1.62488685e+02,5.90565287e-01
2.07029398e+02,1.65064661e+02,5.15609951e-01,3.15010891e+02,3.15815519e-01,1.63001930e+02,5.88705771e-01
2.07683331e+02,1.65586042e+02,5.13986447e-01,3.16005900e+02,3.14821109e-01,1.63516796e+02,5.86852110e-01
2.08339330e+02,1.66109071e+02,5.12368055e-01,3.17004053e+02,3.13829830e-01,1.64033289e+02,5.85004286e-01
2.08997402e+02,1.66633752e+02,5.10754759e-01,3.18005358e+02,3.12841672e-01,1.64551412e+02,5.83162279e-01
2.09657551e+02,1.67160089e+02,5.09146543e-01,3.19009826e+02,3.11856626e-01,1.65071173e+02,5.81326073e-01
2.10319786e+02,1.67688090e+02,5.07543391e-01,3.20017466e+02,3.10874682e-01,1.65592575e+02,5.79495649e-01
2.10984113e+02,1.68217758e+02,5.05945286e-01,3.21028290e+02,3.09895829e-01,1.66115624e+02,5.77670988e-01
2.11650538e+02,1.68749099e+02,5.04352213e-01,3.22042306e+02,3.08920058e-01,1.66640326e+02,5.75852072e-01
2.12319069e+02,1.69282119e+02,5.02764157e-01,3.23059525e+02,3.07947360e-01,1.67166684e+02,5.74038884e-01
2.12989710e+02,1.69816822e+02,5.01181101e-01,3.24079958e+02,3.06977725e-01,1.67694705e+02,5.72231405e-01
2.13662470e+02,1.70353214e+02,4.99603029e-01,3.25103613e+02,3.06011142e-01,1.68224394e+02,5.70429616e-01
2.14337356e+02,1.70891300e+02,4.98029927e-01,3.26130502e+02,3.05047603e-01,1.68755757e+02,5.68633502e-01
2.15014373e+02,1.71431086e+02,4.96461777e-01,3.27160634e+02,3.04087098e-01,1.69288797e+02,5.66843042e-01
2.15693528e+02,1.71972577e+02,4.94898565e-01,3.28194021e+02,3.03129618e-01,1.69823521e+02,5.65058221e-01
2.16374828e+02,1.72515778e+02,4.93340276e-01,3.29230671e+02,3.02175152e-01,1.70359934e+02,5.63279019e-01
2.17058281e+02,1.73060695e+02,4.91786893e-01,3.30270596e+02,3.01223691e-01,1.70898042e+02,5.61505419e-01
2.17743892e+02,1.73607334e+02,4.90238401e-01,3.31313805e+02,3.00275227e-01,1.71437849e+02,5.59737404e-01
2.18431669e+02,1.74155699e+02,4.88694784e-01,3.32360310e+02,2.99329749e-01,1.71979362e+02,5.57974956e-01
2.19121619e+02,1.74705796e+02,4.87156028e-01,3.33410120e+02,2.98387247e-01,1.72522584e+02,5.56218058e-01
2.19813747e+02,1.75257630e+02,4.85622118e-01,3.34463246e+02,2.97447714e-01,1.73067523e+02,5.54466691e-01
2.20508062e+02,1.75811208e+02,4.84093037e-01,3.35519699e+02,2.96511139e-01,1.73614183e+02,5.52720839e-01
2.21204570e+02,1.76366534e+02,4.82568771e-01,3.36579488e+02,2.95577513e-01,1.74162569e+02,5.50980484e-01
2.21903278e+02,1.76923615e+02,4.81049304e-01,3.37642626e+02,2.94646826e-01,1.74712688e+02,5.49245609e-01
2.22604193e+02,1.77482455e+02,4.79534621e-01,3.38709121e+02,2.93719070e-01,1.75264545e+02,5.47516196e-01
2.23307322e+02,1.78043060e+02,4.78024708e-01,3.39778985e+02,2.92794235e-01,1.75818144e+02,5.45792229e-01
2.24012672e+02,1.78605436e+02,4.76519549e-01,3.40852228e+02,2.91872313e-01,1.76373492e+02,5.44073690e-01
2.24720250e+02,1.79169588e+02,4.75019130e-01,3.41928861e+02,2.90953293e-01,1.76930595e+02,5.42360562e-01
2.25430063e+02,1.79735522e+02,4.73523434e-01,3.43008895e+02,2.90037167e-01,1.77489457e+02,5.40652829e-01
2.26142118e+02,1.80303244e+02,4.72032449e-01,3.44092340e+02,2.89123925e-01,1.78050084e+02,5.38950472e-01
2.26856422e+02,1.80872759e+02,4.70546158e-01,3.45179208e+02,2.88213559e-01,1.78612482e+02,5.37253476e-01
2.27572982e+02,1.81444073e+02,4.69064546e-01,3.46269508e+02,2.87306059e-01,1.79176656e+02,5.35561823e-01
2.28291805e+02,1.82017191e+02,4.67587600e-01,3.47363253e+02,2.86401417e-01,1.79742613e+02,5.33875497e-01
2.29012900e+02,1.82592120e+02,4.66115305e-01,3.48460452e+02,2.85499624e-01,1.80310357e+02,5.32194480e-01
2.29736271e+02,1.83168865e+02,4.64647645e-01,3.49561117e+02,2.84600670e-01,1.80879894e+02,5.30518757e-01
2.30461928e+02,1.83747431e+02,4.63184607e-01,3.50665259e+02,2.83704546e-01,1.81451231e+02,5.28848310e-01
2.31189877e+02,1.84327825e+02,4.61726175e-01,3.51772888e+02,2.82811244e-01,1.82024372e+02,5.27183122e-01
2.31920125e+02,1.84910052e+02,4.60272335e-01,3.52884016e+02,2.81920755e-01,1.82599323e+02,5.25523178e-01
2.32652680e+02,1.85494119e+02,4.58823073e-01,3.53998653e+02,2.81033069e-01,1.83176091e+02,5.23868460e-01
2.33387548e+02,1.86080030e+02,4.57378375e-01,3.55116811e+02,2.80148179e-01,1.83754680e+02,5.22218953e-01
2.34124738e+02,1.86667792e+02,4.55938225e-01,3.56238501e+02,2.79266075e-01,1.84335097e+02,5.20574639e-01
2.34864256e+02,1.87257410e+02,4.54502610e-01,3.57363734e+02,2.78386748e-01,1.84917347e+02,5.18935503e-01
2.35606111e+02,1.87848891e+02,4.53071515e-01,3.58492522e+02,2.77510191e-01,1.85501437e+02,5.17301528e-01
2.36350308e+02,1.88442240e+02,4.51644926e-01,3.59624874e+02,2.76636393e-01,1.86087371e+02,5.15672698e-01
2.37096856e+02,1.89037463e+02,4.50222830e-01,3.60760804e+02,2.75765346e-01,1.86675156e+02,5.14048997e-01
2.37845762e+02,1.89634567e+02,4.48805211e-01,3.61900321e+02,2.74897043e-01,1.87264798e+02,5.12430408e-01
2.38597034e+02,1.90233556e+02,4.47392055e-01,3.63043438e+02,2.74031473e-01,1.87856302e+02,5.10816916e-01
2.39350679e+02,1.90834437e+02,4.45983350e-01,3.64190165e+02,2.73168628e-01,1.88449674e+02,5.09208504e-01
2.40106704e+02,1.91437217e+02,4.44579080e-01,3.65340515e+02,2.72308501e-01,1.89044921e+02,5.07605157e-01
2.40865117e+02,1.92041900e+02,4.43179231e-01,3.66494498e+02,2.71451082e-01,1.89642048e+02,5.06006857e-01
2.41625926e+02,1.92648493e+02,4.41783790e-01,3.67652126e+02,2.70596362e-01,1.90241061e+02,5.04413591e-01
2.42389138e+02,1.93257003e+02,4.40392743e-01,3.68813411e+02,2.69744334e-01,1.90841966e+02,5.02825341e-01
2.43154761e+02,1.93867434e+02,4.39006076e-01,3.69978364e+02,2.68894989e-01,1.91444769e+02,5.01242093e-01
2.43922802e+02,1.94479794e+02,4.37623776e-01,3.71146996e+02,2.68048318e-01,1.92049477e+02,4.99663829e-01
2.44693269e+02,1.95094087e+02,4.36245827e-01,3.72319320e+02,2.67204312e-01,1.92656094e+02,4.98090535e-01
2.45466169e+02,1.95710322e+02,4.34872218e-01,3.73495347e+02,2.66362965e-01,1.93264627e+02,4.96522194e-01
2.46241511e+02,1.96328502e+02,4.33502933e-01,3.74675088e+02,2.65524266e-01,1.93875083e+02,4.94958792e-01
2.47019302e+02,1.96948635e+02,4.32137961e-01,3.75858556e+02,2.64688209e-01,1.94487466e+02,4.93400313e-01
2.47799550e+02,1.97570727e+02,4.30777285e-01,3.77045762e+02,2.63854784e-01,1.95101784e+02,4.91846741e-01
2.48582262e+02,1.98194784e+02,4.29420895e-01,3.78236718e+02,2.63023983e-01,1.95718043e+02,4.90298061e-01
2.49367447e+02,1.98820812e+02,4.28068775e-01,3.79431436e+02,2.62195798e-01,1.96336248e+02,4.88754256e-01
2.50155112e+02,1.99448818e+02,4.26720913e-01,3.80629927e+02,2.61370220e-01,1.96956405e+02,4.87215313e-01
2.50945264e+02,2.00078807e+02,4.25377294e-01,3.81832204e+02,2.60547243e-01,1.97578522e+02,4.85681216e-01
2.51737913e+02,2.00710786e+02,4.24037906e-01,3.83038279e+02,2.59726856e-01,1.98202603e+02,4.84151949e-01
2.52533065e+02,2.01344762e+02,4.22702736e-01,3.84248163e+02,2.58909053e-01,1.98828656e+02,4.82627497e-01
2.53330729e+02,2.01980739e+02,4.21371770e-01,3.85461869e+02,2.58093824e-01,1.99456687e+02,4.81107845e-01
2.54130912e+02,2.02618726e+02,4.20044994e-01,3.86679409e+02,2.57281163e-01,2.00086701e+02,4.79592979e-01
2.54933623e+02,2.03258728e+02,4.18722396e-01,3.87900794e+02,2.56471061e-01,2.00718705e+02,4.78082882e-01
2.55738869e+02,2.03900751e+02,4.17403963e-01,3.89126037e+02,2.55663509e-01,2.01352705e+02,4.76577540e-01
2.56546659e+02,2.04544803e+02,4.16089681e-01,3.90355150e+02,2.54858500e-01,2.01988708e+02,4.75076937e-01
2.57357000e+02,2.05190888e+02,4.14779537e-01,3.91588146e+02,2.54056025e-01,2.02626720e+02,4.73581060e-01
2.58169901e+02,2.05839015e+02,4.13473519e-01,3.92825036e+02,2.53256078e-01,2.03266747e+02,4.72089893e-01
2.58985370e+02,2.06489188e+02,4.12171612e-01,3.94065833e+02,2.52458649e-01,2.03908796e+02,4.70603421e-01
2.59803414e+02,2.07141415e+02,4.10873805e-01,3.95310550e+02,2.51663731e-01,2.04552872e+02,4.69121630e-01
2.60624043e+02,2.07795703e+02,4.09580085e-01,3.96559198e+02,2.50871316e-01,2.05198983e+02,4.67644504e-01
2.61447263e+02,2.08452057e+02,4.08290438e-01,3.97811790e+02,2.50081397e-01,2.05847135e+02,4.66172029e-01
2.62273084e+02,2.09110484e+02,4.07004852e-01,3.99068338e+02,2.49293964e-01,2.06497335e+02,4.64704191e-01
2.63101513e+02,2.09770991e+02,4.05723313e-01,4.00328856e+02,2.48509011e-01,2.07149588e+02,4.63240974e-01
2.63932559e+02,2.10433585e+02,4.04445810e-01,4.01593355e+02,2.47726529e-01,2.07803901e+02,4.61782365e-01
2.64766229e+02,2.11098271e+02,4.03172330e-01,4.02861848e+02,2.46946511e-01,2.08460281e+02,4.60328348e-01
2.65602533e+02,2.11765057e+02,4.01902859e-01,4.04134348e+02,2.46168949e-01,2.09118734e+02,4.58878910e-01
2.66441479e+02,2.12433948e+02,4.00637385e-01,4.05410868e+02,2.45393836e-01,2.09779267e+02,4.57434036e-01
2.67283075e+02,2.13104953e+02,3.99375896e-01,4.06691419e+02,2.44621163e-01,2.10441887e+02,4.55993711e-01
2.68127329e+02,2.13778077e+02,3.98118379e-01,4.07976015e+02,2.43850923e-01,2.11106599e+02,4.54557921e-01
2.68974249e+02,2.14453328e+02,3.96864822e-01,4.09264669e+02,2.43083109e-01,2.11773411e+02,4.53126652e-01
2.69823845e+02,2.15130711e+02,3.95615211e-01,4.10557393e+02,2.42317711e-01,2.12442329e+02,4.51699890e-01
2.70676124e+02,2.15810234e+02,3.94369536e-01,4.11854201e+02,2.41554724e-01,2.13113361e+02,4.50277620e-01
2.71531096e+02,2.16491903e+02,3.93127782e-01,4.13155104e+02,2.40794140e-01,2.13786511e+02,4.48859828e-01
2.72388768e+02,2.17175725e+02,3.91889939e-01,4.14460117e+02,2.40035950e-01,2.14461788e+02,4.47446501e-01
2.73249149e+02,2.17861707e+02,3.90655993e-01,4.15769252e+02,2.39280148e-01,2.15139198e+02,4.46037624e-01
2.74112247e+02,2.18549857e+02,3.89425932e-01,4.17082522e+02,2.38526725e-01,2.15818748e+02,4.44633183e-01
2.74978072e+02,2.19240179e+02,3.88199745e-01,4.18399940e+02,2.37775675e-01,2.16500444e+02,4.43233164e-01
2.75846632e+02,2.19932682e+02,3.86977418e-01,4.19721519e+02,2.37026989e-01,2.17184293e+02,4.41837554e-01
2.76717935e+02,2.20627373e+02,3.85758940e-01,4.21047273e+02,2.36280661e-01,2.17870303e+02,4.40446337e-01
2.77591991e+02,2.21324258e+02,3.84544299e-01,4.22377214e+02,2.35536683e-01,2.18558479e+02,4.39059502e-01
2.78468807e+02,2.22023344e+02,3.83333482e-01,4.23711357e+02,2.34795047e-01,2.19248829e+02,4.37677033e-01
2.79348393e+02,2.22724638e+02,3.82126478e-01,4.25049713e+02,2.34055747e-01,2.19941359e+02,4.36298917e-01
2.80230757e+02,2.23428148e+02,3.80923275e-01,4.26392297e+02,2.33318774e-01,2.20636077e+02,4.34925140e-01
2.81115908e+02,2.24133879e+02,3.79723860e-01,4.27739121e+02,2.32584122e-01,2.21332990e+02,4.33555689e-01
2.82003855e+02,2.24841840e+02,3.78528221e-01,4.29090200e+02,2.31851783e-01,2.22032103e+02,4.32190550e-01
2.82894607e+02,2.25552037e+02,3.77336347e-01,4.30445546e+02,2.31121750e-01,2.22733425e+02,4.30829709e-01
2.83788172e+02,2.26264477e+02,3.76148226e-01,4.31805173e+02,2.30394016e-01,2.23436962e+02,4.29473153e-01
2.84684560e+02,2.26979167e+02,3.74963846e-01,4.33169095e+02,2.29668573e-01,2.24142722e+02,4.28120869e-01
2.85583779e+02,2.27696115e+02,3.73783196e-01,4.34537325e+02,2.28945415e-01,2.24850710e+02,4.26772843e-01
2.86485838e+02,2.28415328e+02,3.72606263e-01,4.35909876e+02,2.28224533e-01,2.25560935e+02,4.25429061e-01
2.87390747e+02,2.29136812e+02,3.71433035e-01,4.37286764e+02,2.27505921e-01,2.26273403e+02,4.24089510e-01
2.88298514e+02,2.29860575e+02,3.70263502e-01,4.38668000e+02,2.26789572e-01,2.26988122e+02,4.22754177e-01
2.89209148e+02,2.30586625e+02,3.69097652e-01,4.40053599e+02,2.26075479e-01,2.27705098e+02,4.21423049e-01
2.90122659e+02,2.31314967e+02,3.67935472e-01,4.41443575e+02,2.25363634e-01,2.28424339e+02,4.20096112e-01
2.91039055e+02,2.32045610e+02,3.66776952e-01,4.42837941e+02,2.24654030e-01,2.29145852e+02,4.18773353e-01
2.91958346e+02,2.32778562e+02,3.65622079e-01,4.44236711e+02,2.23946661e-01,2.29869644e+02,4.17454759e-01
2.92880541e+02,2.33513828e+02,3.64470843e-01,4.45639900e+02,2.23241519e-01,2.30595722e+02,4.16140317e-01
2.93805648e+02,2.34251416e+02,3.63323232e-01,4.47047521e+02,2.22538597e-01,2.31324093e+02,4.14830014e-01
2.94733678e+02,2.34991335e+02,3.62179234e-01,4.48459588e+02,2.21837888e-01,2.32054765e+02,4.13523837e-01
2.95664638e+02,2.35733591e+02,3.61038838e-01,4.49876115e+02,2.21139386e-01,2.32787745e+02,4.12221772e-01
2.96598540e+02,2.36478191e+02,3.59902033e-01,4.51297117e+02,2.20443083e-01,2.33523040e+02,4.10923807e-01
2.97535391e+02,2.37225143e+02,3.58768808e-01,4.52722607e+02,2.19748973e-01,2.34260658e+02,4.09629929e-01
2.98475201e+02,2.37974454e+02,3.57639151e-01,4.54152599e+02,2.19057048e-01,2.35000606e+02,4.08340125e-01
2.99417980e+02,2.38726132e+02,3.56513050e-01,4.55587109e+02,2.18367302e-01,2.35742891e+02,4.07054382e-01
3.00363737e+02,2.39480185e+02,3.55390496e-01,4.57026150e+02,2.17679728e-01,2.36487520e+02,4.05772688e-01
3.01312481e+02,2.40236619e+02,3.54271476e-01,4.58469736e+02,2.16994319e-01,2.37234502e+02,4.04495030e-01
3.02264222e+02,2.40995443e+02,3.53155979e-01,4.59917882e+02,2.16311068e-01,2.37983843e+02,4.03221394e-01
3.03218970e+02,2.41756663e+02,3.52043995e-01,4.61370602e+02,2.15629968e-01,2.38735550e+02,4.01951769e-01
3.04176732e+02,2.42520288e+02,3.50935513e-01,4.62827910e+02,2.14951013e-01,2.39489633e+02,4.00686141e-01
3.05137521e+02,2.43286325e+02,3.49830520e-01,4.64289822e+02,2.14274195e-01,2.40246097e+02,3.99424498e-01
3.06101343e+02,2.44054782e+02,3.48729007e-01,4.65756351e+02,2.13599509e-01,2.41004950e+02,3.98166828e-01
3.07068211e+02,2.44825665e+02,3.47630962e-01,4.67227513e+02,2.12926947e-01,2.41766201e+02,3.96913118e-01
3.08038132e+02,2.45598984e+02,3.46536375e-01,4.68703322e+02,2.12256503e-01,2.42529856e+02,3.95663356e-01
3.09011117e+02,2.46374746e+02,3.45445234e-01,4.70183792e+02,2.11588170e-01,2.43295923e+02,3.94417529e-01
3.09987175e+02,2.47152958e+02,3.44357528e-01,4.71668938e+02,2.10921941e-01,2.44064410e+02,3.93175624e-01
3.10966316e+02,2.47933627e+02,3.43273248e-01,4.73158776e+02,2.10257810e-01,2.44835324e+02,3.91937630e-01
3.11948550e+02,2.48716763e+02,3.42192382e-01,4.74653319e+02,2.09595770e-01,2.45608674e+02,3.90703534e-01
3.12933887e+02,2.49502373e+02,3.41114919e-01,4.76152584e+02,2.08935815e-01,2.46384466e+02,3.89473324e-01
3.13922336e+02,2.50290464e+02,3.40040849e-01,4.77656583e+02,2.08277937e-01,2.47162708e+02,3.88246987e-01
3.14913907e+02,2.51081044e+02,3.38970160e-01,4.79165334e+02,2.07622132e-01,2.47943409e+02,3.87024512e-01
3.15908610e+02,2.51874121e+02,3.37902843e-01,4.80678850e+02,2.06968391e-01,2.48726576e+02,3.85805886e-01
3.16906455e+02,2.52669704e+02,3.36838887e-01,4.82197146e+02,2.06316708e-01,2.49512216e+02,3.84591097e-01
3.17907452e+02,2.53467799e+02,3.35778280e-01,4.83720239e+02,2.05667078e-01,2.50300338e+02,3.83380133e-01
3.18911611e+02,2.54268415e+02,3.34721013e-01,4.85248142e+02,2.05019493e-01,2.51090949e+02,3.82172982e-01
3.19918941e+02,2.55071560e+02,3.33667076e-01,4.86780872e+02,2.04373947e-01,2.51884058e+02,3.80969631e-01
3.20929453e+02,2.55877242e+02,3.32616456e-01,4.88318443e+02,2.03730433e-01,2.52679672e+02,3.79770070e-01
3.21943158e+02,2.56685469e+02,3.31569145e-01,4.89860870e+02,2.03088946e-01,2.53477799e+02,3.78574286e-01
3.22960064e+02,2.57496249e+02,3.30525132e-01,4.91408170e+02,2.02449479e-01,2.54278447e+02,3.77382267e-01
3.23980182e+02,2.58309590e+02,3.29484405e-01,4.92960356e+02,2.01812025e-01,2.55081623e+02,3.76194002e-01
3.25003522e+02,2.59125500e+02,3.28446956e-01,4.94517446e+02,2.01176579e-01,2.55887337e+02,3.75009478e-01
3.26030095e+02,2.59943987e+02,3.27412773e-01,4.96079454e+02,2.00543133e-01,2.56695596e+02,3.73828684e-01
3.27059910e+02,2.60765059e+02,3.26381847e-01,4.97646396e+02,1.99911682e-01,2.57506408e+02,3.72651607e-01
3.28092978e+02,2.61588725e+02,3.25354167e-01,4.99218287e+02,1.99282219e-01,2.58319781e+02,3.71478237e-01
3.29129309e+02,2.62414992e+02,3.24329722e-01,5.00795143e+02,1.98654738e-01,2.59135723e+02,3.70308562e-01
3.30168914e+02,2.63243870e+02,3.23308504e-01,5.02376981e+02,1.98029233e-01,2.59954242e+02,3.69142569e-01
3.31211802e+02,2.64075365e+02,3.22290501e-01,5.03963814e+02,1.97405697e-01,2.60775347e+02,3.67980248e-01
3.32257985e+02,2.64909487e+02,3.21275703e-01,5.05555660e+02,1.96784125e-01,2.61599045e+02,3.66821587e-01
3.33307472e+02,2.65746244e+02,3.20264100e-01,5.07152534e+02,1.96164509e-01,2.62425345e+02,3.65666574e-01
3.34360273e+02,2.66585643e+02,3.19255683e-01,5.08754451e+02,1.95546845e-01,2.63254255e+02,3.64515197e-01
3.35416401e+02,2.67427694e+02,3.18250441e-01,5.10361429e+02,1.94931126e-01,2.64085783e+02,3.63367446e-01
3.36475864e+02,2.68272405e+02,3.17248364e-01,5.11973483e+02,1.94317345e-01,2.64919938e+02,3.62223310e-01
3.37538674e+02,2.69119784e+02,3.16249443e-01,5.13590628e+02,1.93705497e-01,2.65756728e+02,3.61082775e-01
3.38604841e+02,2.69969839e+02,3.15253666e-01,5.15212882e+02,1.93095576e-01,2.66596161e+02,3.59945832e-01
3.39674375e+02,2.70822580e+02,3.14261025e-01,5.16840259e+02,1.92487575e-01,2.67438245e+02,3.58812469e-01
3.40747288e+02,2.71678014e+02,3.13271510e-01,5.18472777e+02,1.91881488e-01,2.68282989e+02,3.57682674e-01
3.41823590e+02,2.72536150e+02,3.12285110e-01,5.20110452e+02,1.91277310e-01,2.69130401e+02,3.56556436e-01
3.42903291e+02,2.73396996e+02,3.11301817e-01,5.21753299e+02,1.90675034e-01,2.69980490e+02,3.55433745e-01
3.43986403e+02,2.74260562e+02,3.10321619e-01,5.23401336e+02,1.90074654e-01,2.70833264e+02,3.54314589e-01
3.45072936e+02,2.75126855e+02,3.09344508e-01,5.25054578e+02,1.89476165e-01,2.71688732e+02,3.53198957e-01
3.46162901e+02,2.75995885e+02,3.08370473e-01,5.26713042e+02,1.88879561e-01,2.72546902e+02,3.52086838e-01
3.47256309e+02,2.76867660e+02,3.07399505e-01,5.28376745e+02,1.88284835e-01,2.73407782e+02,3.50978220e-01
3.48353170e+02,2.77742188e+02,3.06431595e-01,5.30045702e+02,1.87691981e-01,2.74271382e+02,3.49873093e-01
3.49453496e+02,2.78619479e+02,3.05466732e-01,5.31719932e+02,1.87100994e-01,2.75137710e+02,3.48771446e-01
3.50557298e+02,2.79499540e+02,3.04504907e-01,5.33399449e+02,1.86511869e-01,2.76006774e+02,3.47673267e-01
3.51664586e+02,2.80382382e+02,3.03546111e-01,5.35084272e+02,1.85924598e-01,2.76878583e+02,3.46578547e-01
3.52775372e+02,2.81268012e+02,3.02590334e-01,5.36774416e+02,1.85339176e-01,2.77753145e+02,3.45487273e-01
3.53889666e+02,2.82156439e+02,3.01637566e-01,5.38469899e+02,1.84755597e-01,2.78630471e+02,3.44399435e-01
3.55007480e+02,2.83047673e+02,3.00687798e-01,5.40170738e+02,1.84173857e-01,2.79510567e+02,3.43315023e-01
3.56128824e+02,2.83941722e+02,2.99741021e-01,5.41876949e+02,1.83593947e-01,2.80393443e+02,3.42234025e-01
3.57253711e+02,2.84838595e+02,2.98797225e-01,5.43588549e+02,1.83015864e-01,2.81279108e+02,3.41156431e-01
3.58382151e+02,2.85738300e+02,2.97856401e-01,5.45305555e+02,1.82439601e-01,2.82167571e+02,3.40082230e-01
3.59514155e+02,2.86640848e+02,2.96918539e-01,5.47027985e+02,1.81865153e-01,2.83058840e+02,3.39011411e-01
3.60649735e+02,2.87546246e+02,2.95983630e-01,5.48755856e+02,1.81292513e-01,2.83952924e+02,3.37943964e-01
3.61788901e+02,2.88454504e+02,2.95051664e-01,5.50489184e+02,1.80721676e-01,2.84849832e+02,3.36879878e-01
3.62931666e+02,2.89365631e+02,2.94122634e-01,5.52227987e+02,1.80152637e-01,2.85749573e+02,3.35819143e-01
3.64078041e+02,2.90279636e+02,2.93196528e-01,5.53972282e+02,1.79585389e-01,2.86652156e+02,3.34761747e-01
3.65228036e+02,2.91196529e+02,2.92273339e-01,5.55722087e+02,1.79019928e-01,2.87557590e+02,3.33707681e-01
3.66381664e+02,2.92116317e+02,2.91353056e-01,5.57477419e+02,1.78456247e-01,2.88465884e+02,3.32656934e-01
3.67538936e+02,2.93039010e+02,2.90435671e-01,5.59238296e+02,1.77894341e-01,2.89377047e+02,3.31609496e-01
3.68699863e+02,2.93964618e+02,2.89521175e-01,5.61004735e+02,1.77334204e-01,2.90291089e+02,3.30565355e-01
3.69864457e+02,2.94893150e+02,2.88609558e-01,5.62776753e+02,1.76775831e-01,2.91208017e+02,3.29524502e-01
3.71032730e+02,2.95824614e+02,2.87700812e-01,5.64554368e+02,1.76219216e-01,2.92127841e+02,3.28486927e-01
3.72204693e+02,2.96759021e+02,2.86794927e-01,5.66337598e+02,1.75664353e-01,2.93050571e+02,3.27452618e-01
3.73380357e+02,2.97696379e+02,2.85891894e-01,5.68126461e+02,1.75111238e-01,2.93976216e+02,3.26421566e-01
3.74559736e+02,2.98636698e+02,2.84991705e-01,5.69920974e+02,1.74559864e-01,2.94904784e+02,3.25393761e-01
3.75742839e+02,2.99579987e+02,2.84094350e-01,5.71721156e+02,1.74010227e-01,2.95836285e+02,3.24369192e-01
3.76929679e+02,3.00526256e+02,2.83199820e-01,5.73527023e+02,1.73462320e-01,2.96770729e+02,3.23347849e-01
3.78120269e+02,3.01475513e+02,2.82308108e-01,5.75338595e+02,1.72916138e-01,2.97708124e+02,3.22329722e-01
3.79314619e+02,3.02427769e+02,2.81419203e-01,5.77155889e+02,1.72371676e-01,2.98648480e+02,3.21314801e-01
3.80512741e+02,3.03383033e+02,2.80533096e-01,5.78978923e+02,1.71828929e-01,2.99591806e+02,3.20303075e-01
3.81714648e+02,3.04341314e+02,2.79649780e-01,5.80807715e+02,1.71287890e-01,3.00538112e+02,3.19294535e-01
3.82920351e+02,3.05302622e+02,2.78769246e-01,5.82642284e+02,1.70748555e-01,3.01487407e+02,3.18289171e-01
3.84129863e+02,3.06266966e+02,2.77891483e-01,5.84482647e+02,1.70210918e-01,3.02439700e+02,3.17286972e-01
3.85343195e+02,3.07234357e+02,2.77016485e-01,5.86328824e+02,1.69674974e-01,3.03395002e+02,3.16287929e-01
3.86560360e+02,3.08204803e+02,2.76144242e-01,5.88180832e+02,1.69140718e-01,3.04353321e+02,3.15292031e-01
3.87781369e+02,3.09178314e+02,2.75274745e-01,5.90038690e+02,1.68608143e-01,3.05314667e+02,3.14299270e-01
3.89006235e+02,3.10154901e+02,2.74407986e-01,5.91902416e+02,1.68077246e-01,3.06279049e+02,3.13309634e-01
3.90234970e+02,3.11134572e+02,2.73543956e-01,5.93772029e+02,1.67548020e-01,3.07246478e+02,3.12323114e-01
3.91467586e+02,3.12117337e+02,2.72682647e-01,5.95647548e+02,1.67020461e-01,3.08216962e+02,3.11339701e-01
3.92704095e+02,3.13103207e+02,2.71824050e-01,5.97528990e+02,1.66494563e-01,3.09190512e+02,3.10359384e-01
3.93944511e+02,3.14092191e+02,2.70968156e-01,5.99416376e+02,1.65970320e-01,3.10167137e+02,3.09382154e-01
3.95188844e+02,3.15084298e+02,2.70114957e-01,6.01309723e+02,1.65447729e-01,3.11146847e+02,3.08408000e-01
3.96437107e+02,3.16079540e+02,2.69264445e-01,6.03209051e+02,1.64926783e-01,3.12129651e+02,3.07436915e-01
3.97689314e+02,3.17077924e+02,2.68416610e-01,6.05114377e+02,1.64407477e-01,3.13115559e+02,3.06468886e-01
3.98945476e+02,3.18079463e+02,2.67571445e-01,6.07025722e+02,1.63889806e-01,3.14104582e+02,3.05503906e-01
4.00205605e+02,3.19084165e+02,2.66728942e-01,6.08943105e+02,1.63373765e-01,3.15096729e+02,3.04541964e-01
4.01469715e+02,3.20092040e+02,2.65889091e-01,6.10866543e+02,1.62859350e-01,3.16092009e+02,3.03583051e-01
4.02737817e+02,3.21103099e+02,2.65051885e-01,6.12796058e+02,1.62346554e-01,3.17090434e+02,3.02627158e-01
4.04009926e+02,3.22117352e+02,2.64217314e-01,6.14731666e+02,1.61835372e-01,3.18092012e+02,3.01674274e-01
4.05286052e+02,3.23134808e+02,2.63385372e-01,6.16673389e+02,1.61325800e-01,3.19096753e+02,3.00724391e-01
4.06566209e+02,3.24155478e+02,2.62556049e-01,6.18621245e+02,1.60817833e-01,3.20104669e+02,2.99777498e-01
4.07850410e+02,3.25179372e+02,2.61729337e-01,6.20575254e+02,1.60311465e-01,3.21115768e+02,2.98833587e-01
4.09138667e+02,3.26206500e+02,2.60905229e-01,6.22535434e+02,1.59806691e-01,3.22130060e+02,2.97892648e-01
4.10430993e+02,3.27236873e+02,2.60083715e-01,6.24501806e+02,1.59303507e-01,3.23147557e+02,2.96954672e-01
4.11727401e+02,3.28270500e+02,2.59264788e-01,6.26474390e+02,1.58801907e-01,3.24168267e+02,2.96019650e-01
4.13027905e+02,3.29307392e+02,2.58448440e-01,6.28453204e+02,1.58301887e-01,3.25192201e+02,2.95087571e-01
4.14332516e+02,3.30347559e+02,2.57634662e-01,6.30438268e+02,1.57803441e-01,3.26219370e+02,2.94158427e-01
4.15641247e+02,3.31391012e+02,2.56823446e-01,6.32429602e+02,1.57306564e-01,3.27249783e+02,2.93232209e-01
4.16954113e+02,3.32437760e+02,2.56014785e-01,6.34427227e+02,1.56811252e-01,3.28283451e+02,2.92308907e-01
4.18271125e+02,3.33487815e+02,2.55208670e-01,6.36431161e+02,1.56317500e-01,3.29320384e+02,2.91388513e-01
4.19592298e+02,3.34541187e+02,2.54405093e-01,6.38441425e+02,1.55825302e-01,3.30360592e+02,2.90471016e-01
4.20917643e+02,3.35597885e+02,2.53604046e-01,6.40458038e+02,1.55334654e-01,3.31404086e+02,2.89556408e-01
4.22247175e+02,3.36657922e+02,2.52805522e-01,6.42481022e+02,1.54845551e-01,3.32450875e+02,2.88644681e-01
4.23580907e+02,3.37721307e+02,2.52009512e-01,6.44510395e+02,1.54357988e-01,3.33500972e+02,2.87735824e-01
4.24918851e+02,3.38788051e+02,2.51216008e-01,6.46546178e+02,1.53871960e-01,3.34554385e+02,2.86829828e-01
4.26261021e+02,3.39858164e+02,2.50425003e-01,6.48588392e+02,1.53387463e-01,3.35611125e+02,2.85926686e-01
4.27607431e+02,3.40931657e+02,2.49636488e-01,6.50637056e+02,1.52904491e-01,3.36671204e+02,2.85026387e-01
4.28958094e+02,3.42008541e+02,2.48850457e-01,6.52692192e+02,1.52423040e-01,3.37734631e+02,2.84128923e-01
4.30313023e+02,3.43088827e+02,2.48066900e-01,6.54753818e+02,1.51943105e-01,3.38801416e+02,2.83234285e-01
4.31672231e+02,3.44172525e+02,2.47285810e-01,6.56821957e+02,1.51464681e-01,3.39871572e+02,2.82342463e-01
4.33035733e+02,3.45259645e+02,2.46507180e-01,6.58896628e+02,1.50987763e-01,3.40945107e+02,2.81453450e-01
4.34403542e+02,3.46350200e+02,2.45731002e-01,6.60977853e+02,1.50512347e-01,3.42022034e+02,2.80567236e-01
4.35775671e+02,3.47444199e+02,2.44957267e-01,6.63065651e+02,1.50038428e-01,3.43102362e+02,2.79683813e-01
4.37152134e+02,3.48541654e+02,2.44185969e-01,6.65160044e+02,1.49566001e-01,3.44186103e+02,2.78803171e-01
4.38532945e+02,3.49642576e+02,2.43417099e-01,6.67261052e+02,1.49095062e-01,3.45273266e+02,2.77925302e-01
4.39918118e+02,3.50746975e+02,2.42650651e-01,6.69368697e+02,1.48625606e-01,3.46363864e+02,2.77050197e-01
4.41307665e+02,3.51854862e+02,2.41886615e-01,6.71482999e+02,1.48157627e-01,3.47457907e+02,2.76177847e-01
4.42701602e+02,3.52966249e+02,2.41124986e-01,6.73603980e+02,1.47691123e-01,3.48555405e+02,2.75308245e-01
4.44099942e+02,3.54081146e+02,2.40365754e-01,6.75731659e+02,1.47226087e-01,3.49656370e+02,2.74441380e-01
4.45502699e+02,3.55199564e+02,2.39608913e-01,6.77866060e+02,1.46762515e-01,3.50760812e+02,2.73577245e-01
4.46909886e+02,3.56321516e+02,2.38854455e-01,6.80007202e+02,1.46300403e-01,3.51868743e+02,2.72715831e-01
4.48321519e+02,3.57447011e+02,2.38102373e-01,6.82155107e+02,1.45839747e-01,3.52980174e+02,2.71857129e-01
4.49737610e+02,3.58576062e+02,2.37352659e-01,6.84309797e+02,1.45380540e-01,3.54095115e+02,2.71001131e-01
4.51158174e+02,3.59708678e+02,2.36605305e-01,6.86471293e+02,1.44922780e-01,3.55213578e+02,2.70147829e-01
4.52583225e+02,3.60844872e+02,2.35860305e-01,6.88639616e+02,1.44466461e-01,3.56335573e+02,2.69297213e-01
4.54012777e+02,3.61984655e+02,2.35117650e-01,6.90814788e+02,1.44011578e-01,3.57461113e+02,2.68449275e-01
4.55446845e+02,3.63128038e+02,2.34377334e-01,6.92996831e+02,1.43558128e-01,3.58590208e+02,2.67604008e-01
4.56885443e+02,3.64275033e+02,2.33639349e-01,6.95185766e+02,1.43106106e-01,3.59722869e+02,2.66761402e-01
4.58328585e+02,3.65425651e+02,2.32903688e-01,6.97381615e+02,1.42655507e-01,3.60859108e+02,2.65921448e-01
4.59776285e+02,3.66579903e+02,2.32170343e-01,6.99584400e+02,1.42206327e-01,3.61998936e+02,2.65084140e-01
4.61228557e+02,3.67737801e+02,2.31439307e-01,7.01794143e+02,1.41758561e-01,3.63142364e+02,2.64249468e-01
4.62685417e+02,3.68899356e+02,2.30710572e-01,7.04010866e+02,1.41312205e-01,3.64289404e+02,2.63417425e-01
4.64146879e+02,3.70064580e+02,2.29984133e-01,7.06234591e+02,1.40867255e-01,3.65440067e+02,2.62588001e-01
4.65612957e+02,3.71233485e+02,2.29259981e-01,7.08465339e+02,1.40423705e-01,3.66594365e+02,2.61761189e-01
4.67083666e+02,3.72406082e+02,2.28538109e-01,7.10703134e+02,1.39981552e-01,3.67752309e+02,2.60936980e-01
4.68559020e+02,3.73582383e+02,2.27818509e-01,7.12947997e+02,1.39540792e-01,3.68913910e+02,2.60115366e-01
4.70039034e+02,3.74762399e+02,2.27101176e-01,7.15199951e+02,1.39101419e-01,3.70079180e+02,2.59296340e-01
4.71523724e+02,3.75946143e+02,2.26386101e-01,7.17459018e+02,1.38663430e-01,3.71248131e+02,2.58479892e-01
4.73013103e+02,3.77133626e+02,2.25673278e-01,7.19725220e+02,1.38226819e-01,3.72420774e+02,2.57666015e-01
4.74507186e+02,3.78324859e+02,2.24962700e-01,7.21998581e+02,1.37791584e-01,3.73597122e+02,2.56854701e-01
4.76005988e+02,3.79519855e+02,2.24254358e-01,7.24279123e+02,1.37357719e-01,3.74777184e+02,2.56045941e-01
4.77509525e+02,3.80718626e+02,2.23548248e-01,7.26566867e+02,1.36925220e-01,3.75960975e+02,2.55239728e-01
4.79017811e+02,3.81921183e+02,2.22844360e-01,7.28861839e+02,1.36494083e-01,3.77148504e+02,2.54436053e-01
4.80530861e+02,3.83127539e+02,2.22142689e-01,7.31164059e+02,1.36064303e-01,3.78339785e+02,2.53634909e-01
4.82048690e+02,3.84337705e+02,2.21443227e-01,7.33473551e+02,1.35635877e-01,3.79534828e+02,2.52836287e-01
4.83571314e+02,3.85551694e+02,2.20745967e-01,7.35790338e+02,1.35208799e-01,3.80733646e+02,2.52040180e-01
4.85098747e+02,3.86769517e+02,2.20050903e-01,7.38114442e+02,1.34783066e-01,3.81936251e+02,2.51246580e-01
4.86631004e+02,3.87991187e+02,2.19358028e-01,7.40445888e+02,1.34358674e-01,3.83142654e+02,2.50455479e-01
4.88168102e+02,3.89216716e+02,2.18667334e-01,7.42784698e+02,1.33935618e-01,3.84352868e+02,2.49666868e-01
4.89710054e+02,3.90446115e+02,2.17978815e-01,7.45130896e+02,1.33513895e-01,3.85566904e+02,2.48880741e-01
4.91256878e+02,3.91679398e+02,2.17292464e-01,7.47484504e+02,1.33093499e-01,3.86784776e+02,2.48097089e-01
4.92808587e+02,3.92916577e+02,2.16608274e-01,7.49845547e+02,1.32674427e-01,3.88006494e+02,2.47315904e-01
4.94365197e+02,3.94157663e+02,2.15926239e-01,7.52214047e+02,1.32256674e-01,3.89232071e+02,2.46537179e-01
4.95926724e+02,3.95402669e+02,2.15246351e-01,7.54590029e+02,1.31840237e-01,3.90461519e+02,2.45760906e-01
4.97493183e+02,3.96651608e+02,2.14568603e-01,7.56973515e+02,1.31425111e-01,3.91694851e+02,2.44987078e-01
4.99064591e+02,3.97904492e+02,2.13892990e-01,7.59364530e+02,1.31011292e-01,3.92932078e+02,2.44215685e-01
5.00640961e+02,3.99161334e+02,2.13219504e-01,7.61763098e+02,1.30598776e-01,3.94173213e+02,2.43446722e-01
5.02222312e+02,4.00422145e+02,2.12548139e-01,7.64169242e+02,1.30187559e-01,3.95418269e+02,2.42680180e-01
5.03808656e+02,4.01686939e+02,2.11878887e-01,7.66582985e+02,1.29777636e-01,3.96667257e+02,2.41916052e-01
5.05400012e+02,4.02955728e+02,2.11211743e-01,7.69004353e+02,1.29369005e-01,3.97920191e+02,2.41154330e-01
5.06996394e+02,4.04228524e+02,2.10546700e-01,7.71433370e+02,1.28961660e-01,3.99177081e+02,2.40395006e-01
5.08597819e+02,4.05505341e+02,2.09883750e-01,7.73870059e+02,1.28555598e-01,4.00437943e+02,2.39638073e-01
5.10204302e+02,4.06786191e+02,2.09222888e-01,7.76314444e+02,1.28150814e-01,4.01702786e+02,2.38883523e-01
5.11815859e+02,4.08071086e+02,2.08564107e-01,7.78766550e+02,1.27747305e-01,4.02971625e+02,2.38131349e-01
5.13432507e+02,4.09360041e+02,2.07907400e-01,7.81226402e+02,1.27345066e-01,4.04244472e+02,2.37381544e-01
5.15054261e+02,4.10653066e+02,2.07252761e-01,7.83694023e+02,1.26944094e-01,4.05521339e+02,2.36634099e-01
5.16681138e+02,4.11950176e+02,2.06600183e-01,7.86169439e+02,1.26544385e-01,4.06802239e+02,2.35889008e-01
5.18313153e+02,4.13251382e+02,2.05949660e-01,7.88652674e+02,1.26145934e-01,4.08087186e+02,2.35146263e-01
5.19950323e+02,4.14556699e+02,2.05301185e-01,7.91143753e+02,1.25748737e-01,4.09376191e+02,2.34405857e-01
5.21592665e+02,4.15866139e+02,2.04654752e-01,7.93642699e+02,1.25352792e-01,4.10669267e+02,2.33667782e-01
5.23240194e+02,4.17179715e+02,2.04010355e-01,7.96149540e+02,1.24958093e-01,4.11966428e+02,2.32932031e-01
5.24892927e+02,4.18497440e+02,2.03367986e-01,7.98664298e+02,1.24564636e-01,4.13267686e+02,2.32198597e-01
5.26550881e+02,4.19819328e+02,2.02727640e-01,8.01187000e+02,1.24172419e-01,4.14573054e+02,2.31467472e-01
5.28214071e+02,4.21145390e+02,2.02089311e-01,8.03717670e+02,1.23781437e-01,4.15882546e+02,2.30738649e-01
5.29882515e+02,4.22475642e+02,2.01452991e-01,8.06256333e+02,1.23391686e-01,4.17196174e+02,2.30012121e-01
5.31556229e+02,4.23810095e+02,2.00818675e-01,8.08803016e+02,1.23003161e-01,4.18513951e+02,2.29287881e-01
5.33235229e+02,4.25148763e+02,2.00186356e-01,8.11357742e+02,1.22615861e-01,4.19835890e+02,2.28565921e-01
5.34919533e+02,4.26491659e+02,1.99556028e-01,8.13920538e+02,1.22229780e-01,4.21162005e+02,2.27846234e-01
5.36609157e+02,4.27838798e+02,1.98927685e-01,8.16491429e+02,1.21844914e-01,4.22492309e+02,2.27128813e-01
5.38304118e+02,4.29190191e+02,1.98301321e-01,8.19070440e+02,1.21461260e-01,4.23826815e+02,2.26413652e-01
5.40004433e+02,4.30545853e+02,1.97676928e-01,8.21657598e+02,1.21078815e-01,4.25165536e+02,2.25700742e-01
5.41710119e+02,4.31905797e+02,1.97054502e-01,8.24252927e+02,1.20697573e-01,4.26508485e+02,2.24990077e-01
5.43421192e+02,4.33270037e+02,1.96434035e-01,8.26856455e+02,1.20317532e-01,4.27855677e+02,2.24281649e-01
5.45137670e+02,4.34638585e+02,1.95815522e-01,8.29468206e+02,1.19938688e-01,4.29207123e+02,2.23575452e-01
5.46859569e+02,4.36011457e+02,1.95198957e-01,8.32088206e+02,1.19561036e-01,4.30562839e+02,2.22871479e-01
5.48586908e+02,4.37388665e+02,1.94584333e-01,8.34716482e+02,1.19184574e-01,4.31922837e+02,2.22169723e-01
5.50319702e+02,4.38770223e+02,1.93971644e-01,8.37353060e+02,1.18809296e-01,4.33287130e+02,2.21470176e-01
5.52057970e+02,4.40156145e+02,1.93360885e-01,8.39997966e+02,1.18435201e-01,4.34655733e+02,2.20772831e-01
5.53801728e+02,4.41546445e+02,1.92752048e-01,8.42651227e+02,1.18062283e-01,4.36028658e+02,2.20077683e-01
5.55550995e+02,4.42941136e+02,1.92145129e-01,8.45312868e+02,1.17690540e-01,4.37405921e+02,2.19384723e-01
5.57305786e+02,4.44340232e+02,1.91540121e-01,8.47982916e+02,1.17319967e-01,4.38787533e+02,2.18693945e-01
5.59066121e+02,4.45743748e+02,1.90937017e-01,8.50661398e+02,1.16950561e-01,4.40173510e+02,2.18005342e-01
5.60832016e+02,4.47151697e+02,1.90335813e-01,8.53348340e+02,1.16582318e-01,4.41563865e+02,2.17318908e-01
5.62603488e+02,4.48564093e+02,1.89736501e-01,8.56043770e+02,1.16215235e-01,4.42958611e+02,2.16634635e-01
5.64380556e+02,4.49980950e+02,1.89139077e-01,8.58747713e+02,1.15849308e-01,4.44357762e+02,2.15952516e-01
5.66163237e+02,4.51402283e+02,1.88543534e-01,8.61460198e+02,1.15484532e-01,4.45761333e+02,2.15272545e-01
5.67951549e+02,4.52828105e+02,1.87949866e-01,8.64181250e+02,1.15120906e-01,4.47169338e+02,2.14594715e-01
5.69745510e+02,4.54258431e+02,1.87358067e-01,8.66910896e+02,1.14758424e-01,4.48581790e+02,2.13919020e-01
5.71545137e+02,4.55693275e+02,1.86768132e-01,8.69649165e+02,1.14397083e-01,4.49998703e+02,2.13245452e-01
5.73350449e+02,4.57132651e+02,1.86180054e-01,8.72396084e+02,1.14036881e-01,4.51420092e+02,2.12574005e-01
5.75161463e+02,4.58576573e+02,1.85593828e-01,8.75151678e+02,1.13677812e-01,4.52845970e+02,2.11904672e-01
5.76978197e+02,4.60025057e+02,1.85009448e-01,8.77915977e+02,1.13319874e-01,4.54276353e+02,2.11237447e-01
5.78800670e+02,4.61478115e+02,1.84426907e-01,8.80689007e+02,1.12963063e-01,4.55711253e+02,2.10572322e-01
5.80628899e+02,4.62935764e+02,1.83846201e-01,8.83470796e+02,1.12607376e-01,4.57150686e+02,2.09909292e-01
5.82462903e+02,4.64398016e+02,1.83267324e-01,8.86261372e+02,1.12252808e-01,4.58594665e+02,2.09248350e-01
5.84302700e+02,4.65864887e+02,1.82690269e-01,8.89060762e+02,1.11899357e-01,4.60043206e+02,2.08589488e-01
5.86148308e+02,4.67336392e+02,1.82115031e-01,8.91868995e+02,1.11547019e-01,4.61496321e+02,2.07932701e-01
5.87999746e+02,4.68812544e+02,1.81541605e-01,8.94686098e+02,1.11195791e-01,4.62954027e+02,2.07277983e-01
5.89857032e+02,4.70293360e+02,1.80969984e-01,8.97512099e+02,1.10845668e-01,4.64416337e+02,2.06625325e-01
5.91720184e+02,4.71778852e+02,1.80400163e-01,9.00347026e+02,1.10496648e-01,4.65883266e+02,2.05974723e-01
5.93589222e+02,4.73269037e+02,1.79832136e-01,9.03190908e+02,1.10148726e-01,4.67354829e+02,2.05326169e-01
5.95464163e+02,4.74763928e+02,1.79265897e-01,9.06043773e+02,1.09801900e-01,4.68831040e+02,2.04679658e-01
5.97345027e+02,4.76263542e+02,1.78701442e-01,9.08905649e+02,1.09456166e-01,4.70311913e+02,2.04035182e-01
5.99231831e+02,4.77767892e+02,1.78138764e-01,9.11776564e+02,1.09111521e-01,4.71797465e+02,2.03392735e-01
6.01124595e+02,4.79276994e+02,1.77577857e-01,9.14656548e+02,1.08767961e-01,4.73287708e+02,2.02752311e-01
6.03023338e+02,4.80790863e+02,1.77018717e-01,9.17545629e+02,1.08425483e-01,4.74782659e+02,2.02113904e-01
6.04928078e+02,4.82309513e+02,1.76461337e-01,9.20443835e+02,1.08084083e-01,4.76282331e+02,2.01477507e-01
6.06838835e+02,4.83832961e+02,1.75905712e-01,9.23351196e+02,1.07743758e-01,4.77786741e+02,2.00843114e-01
6.08755627e+02,4.85361220e+02,1.75351837e-01,9.26267740e+02,1.07404505e-01,4.79295903e+02,2.00210718e-01
6.10678473e+02,4.86894307e+02,1.74799706e-01,9.29193497e+02,1.07066320e-01,4.80809831e+02,1.99580313e-01
6.12607393e+02,4.89633128e+02,1.80144772e-01,9.28019069e+02,1.07201814e-01,4.91954226e+02,2.03886978e-01
6.14542406e+02,4.91573078e+02,1.81377696e-01,9.29591061e+02,1.07020530e-01,4.96769458e+02,2.03077948e-01
6.16483531e+02,4.93289148e+02,1.81901534e-01,9.31960817e+02,1.09168847e-01,4.99709360e+02,2.02465767e-01
6.18430788e+02,4.93500261e+02,1.81946710e-01,9.39341165e+02,1.12027364e-01,4.91909370e+02,2.03892876e-01
6.20384194e+02,4.95162557e+02,1.82203063e-01,9.41944868e+02,1.12320411e-01,4.94367992e+02,2.03519514e-01
6.22343772e+02,4.96823215e+02,1.82328876e-01,9.44586743e+02,1.12520124e-01,4.96726860e+02,2.03086299e-01
6.24309538e+02,4.98479784e+02,1.82364886e-01,9.47264014e+02,1.12654625e-01,4.99058509e+02,2.02606815e-01
6.26281514e+02,5.00136326e+02,1.82335217e-01,9.49974578e+02,1.12740384e-01,5.01299210e+02,2.02110217e-01
6.28259719e+02,5.01793301e+02,1.82255137e-01,9.52711784e+02,1.12787948e-01,5.03494960e+02,2.01597367e-01
6.30244172e+02,5.03451160e+02,1.82135098e-01,9.55473487e+02,1.12804754e-01,5.05654830e+02,2.01072953e-01
6.32234893e+02,5.05112457e+02,1.81982375e-01,9.58259932e+02,1.12796168e-01,5.07726136e+02,2.00555157e-01
6.34231903e+02,5.06773744e+02,1.81802884e-01,9.61064797e+02,1.12766257e-01,5.09830574e+02,2.00017000e-01
6.36235220e+02,5.08437293e+02,1.81600715e-01,9.63888926e+02,1.12718159e-01,5.11916195e+02,1.99473879e-01
6.38244865e+02,5.10103425e+02,1.81379194e-01,9.66731211e+02,1.12654360e-01,5.13986207e+02,1.98926985e-01
6.40260858e+02,5.11770186e+02,1.81141309e-01,9.69588215e+02,1.12576938e-01,5.16108632e+02,1.98359660e-01
6.42283218e+02,5.13434444e+02,1.80889798e-01,9.72460659e+02,1.12487519e-01,5.18341000e+02,1.97757167e-01
6.44311967e+02,5.15117110e+02,1.80623204e-01,9.75357411e+02,1.12387132e-01,5.20191468e+02,1.97254148e-01
6.46347123e+02,5.16795510e+02,1.80346562e-01,9.78265716e+02,1.12277332e-01,5.22220318e+02,1.96699668e-01
6.48388708e+02,5.18481136e+02,1.80059312e-01,9.81187693e+02,1.12159025e-01,5.24180147e+02,1.96161736e-01
6.50436742e+02,5.20167353e+02,1.79763683e-01,9.84124055e+02,1.12033013e-01,5.26198857e+02,1.95605845e-01
6.52491244e+02,5.21857460e+02,1.79460069e-01,9.87074462e+02,1.11900026e-01,5.28213598e+02,1.95049739e-01
6.54552236e+02,5.23553297e+02,1.79148954e-01,9.90036992e+02,1.11760776e-01,5.30203847e+02,1.94499550e-01
6.56619738e+02,5.25251805e+02,1.78831620e-01,9.93013802e+02,1.11615712e-01,5.32213867e+02,1.93943433e-01
6.58693771e+02,5.26955399e+02,1.78508255e-01,9.96000289e+02,1.11465545e-01,5.34233604e+02,1.93384505e-01
6.60774355e+02,5.28662698e+02,1.78179681e-01,9.99004158e+02,1.11310313e-01,5.36228105e+02,1.92832742e-01
6.62861510e+02,5.30374442e+02,1.77846260e-01,1.00201890e+03,1.11150729e-01,5.38236615e+02,1.92277553e-01
6.64955258e+02,5.32090708e+02,1.77508424e-01,1.00504609e+03,1.10987056e-01,5.40245140e+02,1.91723049e-01
6.67055620e+02,5.33811567e+02,1.77166562e-01,1.00808558e+03,1.10819610e-01,5.42254168e+02,1.91169307e-01
6.69162616e+02,5.35537086e+02,1.76821023e-01,1.01113723e+03,1.10648678e-01,5.44264115e+02,1.90616405e-01
6.71276267e+02,5.37267326e+02,1.76472123e-01,1.01420092e+03,1.10474520e-01,5.46275357e+02,1.90064410e-01
6.73396594e+02,5.39002344e+02,1.76120149e-01,1.01727654e+03,1.10297373e-01,5.48288230e+02,1.89513384e-01
6.75523619e+02,5.40742196e+02,1.75765363e-01,1.02036400e+03,1.10117451e-01,5.50303043e+02,1.88963383e-01
6.77657362e+02,5.42486932e+02,1.75408002e-01,1.02346320e+03,1.09934953e-01,5.52320078e+02,1.88414458e-01
6.79797845e+02,5.44236021e+02,1.75048405e-01,1.02657666e+03,1.09749906e-01,5.54330160e+02,1.87869208e-01
6.81945089e+02,5.45990595e+02,1.74686549e-01,1.02969936e+03,1.09562771e-01,5.56352166e+02,1.87322620e-01
6.84099116e+02,5.47750193e+02,1.74322721e-01,1.03283361e+03,1.09373562e-01,5.58377133e+02,1.86777225e-01
6.86259946e+02,5.49514857e+02,1.73957092e-01,1.03597936e+03,1.09182421e-01,5.60405269e+02,1.86233057e-01
6.88427602e+02,5.51284630e+02,1.73589819e-01,1.03913656e+03,1.08989481e-01,5.62436767e+02,1.85690147e-01
6.90602104e+02,5.53059549e+02,1.73221047e-01,1.04230516e+03,1.08794863e-01,5.64471807e+02,1.85148522e-01
6.92783475e+02,5.54839654e+02,1.72850911e-01,1.04548513e+03,1.08598682e-01,5.66510559e+02,1.84608208e-01
6.94971736e+02,5.56624981e+02,1.72479537e-01,1.04867643e+03,1.08401044e-01,5.68553183e+02,1.84069228e-01
6.97166909e+02,5.58415566e+02,1.72107041e-01,1.05187905e+03,1.08202048e-01,5.70599829e+02,1.83531601e-01
6.99369016e+02,5.60211443e+02,1.71733532e-01,1.05509295e+03,1.08001786e-01,5.72650638e+02,1.82995347e-01
7.01578079e+02,5.62012646e+02,1.71359112e-01,1.05831811e+03,1.07800345e-01,5.74705746e+02,1.82460484e-01
7.03794119e+02,5.63819208e+02,1.70983875e-01,1.06155452e+03,1.07597807e-01,5.76765279e+02,1.81927027e-01
7.06017159e+02,5.65631161e+02,1.70607912e-01,1.06480217e+03,1.07394247e-01,5.78829357e+02,1.81394990e-01
7.08247221e+02,5.67448535e+02,1.70231306e-01,1.06806104e+03,1.07189737e-01,5.80898097e+02,1.80864387e-01
7.10484327e+02,5.69271361e+02,1.69854134e-01,1.07133112e+03,1.06984344e-01,5.82971607e+02,1.80335229e-01
7.12728498e+02,5.71099670e+02,1.69476471e-01,1.07461241e+03,1.06778133e-01,5.85049991e+02,1.79807527e-01
7.14979759e+02,5.72933489e+02,1.69098387e-01,1.07790490e+03,1.06571162e-01,5.87133350e+02,1.79281292e-01
7.17238130e+02,5.74772849e+02,1.68719946e-01,1.08120859e+03,1.06363488e-01,5.89221780e+02,1.78756532e-01
7.19503635e+02,5.76617777e+02,1.68341210e-01,1.08452349e+03,1.06155165e-01,5.91315372e+02,1.78233256e-01
7.21776296e+02,5.78468300e+02,1.67962237e-01,1.08784958e+03,1.05946243e-01,5.93414214e+02,1.77711471e-01
7.24056136e+02,5.80324447e+02,1.67583082e-01,1.09118689e+03,1.05736770e-01,5.95518390e+02,1.77191183e-01
7.26343176e+02,5.82186244e+02,1.67203798e-01,1.09453540e+03,1.05526791e-01,5.97627983e+02,1.76672400e-01
7.28637441e+02,5.84053717e+02,1.66824433e-01,1.09789514e+03,1.05316349e-01,5.99743072e+02,1.76155126e-01
7.30938952e+02,5.85926894e+02,1.66445034e-01,1.10126610e+03,1.05105485e-01,6.01863731e+02,1.75639366e-01
7.33247733e+02,5.87805799e+02,1.66065645e-01,1.10464829e+03,1.04894237e-01,6.03990034e+02,1.75125125e-01
7.35563807e+02,5.89690459e+02,1.65686308e-01,1.10804173e+03,1.04682643e-01,6.06122053e+02,1.74612407e-01
7.37887196e+02,5.91580899e+02,1.65307063e-01,1.11144643e+03,1.04470737e-01,6.08259857e+02,1.74101215e-01
7.40217924e+02,5.93477144e+02,1.64927947e-01,1.11486240e+03,1.04258553e-01,6.10403511e+02,1.73591553e-01
7.42556014e+02,5.95379220e+02,1.64548996e-01,1.11828965e+03,1.04046122e-01,6.12553081e+02,1.73083423e-01
7.44901489e+02,5.97287150e+02,1.64170244e-01,1.12172820e+03,1.03833475e-01,6.14708631e+02,1.72576828e-01
7.47254373e+02,5.99200959e+02,1.63791724e-01,1.12517807e+03,1.03620640e-01,6.16870221e+02,1.72071769e-01
7.49614689e+02,6.01120672e+02,1.63413466e-01,1.12863927e+03,1.03407645e-01,6.19037911e+02,1.71568249e-01
7.51982460e+02,6.03046313e+02,1.63035500e-01,1.13211181e+03,1.03194517e-01,6.21211760e+02,1.71066268e-01
7.54357710e+02,6.04977906e+02,1.62657854e-01,1.13559572e+03,1.02981279e-01,6.23391824e+02,1.70565828e-01
7.56740463e+02,6.06915474e+02,1.62280554e-01,1.13909102e+03,1.02767957e-01,6.25578159e+02,1.70066929e-01
7.59130741e+02,6.08859043e+02,1.61903627e-01,1.14259773e+03,1.02554573e-01,6.27770820e+02,1.69569573e-01
7.61528570e+02,6.10808635e+02,1.61527095e-01,1.14611586e+03,1.02341148e-01,6.29969859e+02,1.69073759e-01
7.63933973e+02,6.12764273e+02,1.61150983e-01,1.14964544e+03,1.02127705e-01,6.32175329e+02,1.68579488e-01
7.66346974e+02,6.14725982e+02,1.60775312e-01,1.15318648e+03,1.01914263e-01,6.34387282e+02,1.68086759e-01
7.68767597e+02,6.16693785e+02,1.60400103e-01,1.15673902e+03,1.01700841e-01,6.36605766e+02,1.67595573e-01
7.71195865e+02,6.18667705e+02,1.60025377e-01,1.16030307e+03,1.01487458e-01,6.38830831e+02,1.67105929e-01
7.73631804e+02,6.20647765e+02,1.59651153e-01,1.16387866e+03,1.01274131e-01,6.41062526e+02,1.66617826e-01
7.76075437e+02,6.22633104e+02,1.59277615e-01,1.16746853e+03,1.01060716e-01,6.43296371e+02,1.66132245e-01
7.78526788e+02,6.24625559e+02,1.58904440e-01,1.17106712e+03,1.00847561e-01,6.45541749e+02,1.65647155e-01
7.80985882e+02,6.26624203e+02,1.58531823e-01,1.17467739e+03,1.00634507e-01,6.47793788e+02,1.65163628e-01
7.83452744e+02,6.28629074e+02,1.58159778e-01,1.17829931e+03,1.00421572e-01,6.50052606e+02,1.64681646e-01
7.85927398e+02,6.30640196e+02,1.57788319e-01,1.18193291e+03,1.00208770e-01,6.52318266e+02,1.64201204e-01
7.88409868e+02,6.32657596e+02,1.57417462e-01,1.18557820e+03,9.99961164e-02,6.54590817e+02,1.63722299e-01
7.90900180e+02,6.34681295e+02,1.57047219e-01,1.18923521e+03,9.97836237e-02,6.56870309e+02,1.63244929e-01
7.93398357e+02,6.36711318e+02,1.56677605e-01,1.19290397e+03,9.95713048e-02,6.59156786e+02,1.62769091e-01
7.95904426e+02,6.38747688e+02,1.56308632e-01,1.19658450e+03,9.93591720e-02,6.61450292e+02,1.62294784e-01
7.98418410e+02,6.40790427e+02,1.55940313e-01,1.20027683e+03,9.91472371e-02,6.63750869e+02,1.61822004e-01
8.00940335e+02,6.42839558e+02,1.55572659e-01,1.20398098e+03,9.89355113e-02,6.66058561e+02,1.61350750e-01
8.03470226e+02,6.44895105e+02,1.55205682e-01,1.20769700e+03,9.87240056e-02,6.68373408e+02,1.60881020e-01
8.06008108e+02,6.46957090e+02,1.54839392e-01,1.21142489e+03,9.85127303e-02,6.70695451e+02,1.60412811e-01
8.08554006e+02,6.49025536e+02,1.54473799e-01,1.21516471e+03,9.83016956e-02,6.73024732e+02,1.59946121e-01
8.11107946e+02,6.51100465e+02,1.54108915e-01,1.21891646e+03,9.80909110e-02,6.75361290e+02,1.59480947e-01
8.13669953e+02,6.53181901e+02,1.53744747e-01,1.22268019e+03,9.78803858e-02,6.77705164e+02,1.59017287e-01
8.16240052e+02,6.55269867e+02,1.53381305e-01,1.22645593e+03,9.76701290e-02,6.80056394e+02,1.58555139e-01
8.18818269e+02,6.57364384e+02,1.53018599e-01,1.23024370e+03,9.74601493e-02,6.82415020e+02,1.58094499e-01
8.21404631e+02,6.59465477e+02,1.52656635e-01,1.23404354e+03,9.72504548e-02,6.84781079e+02,1.57635365e-01
8.23999161e+02,6.61573167e+02,1.52295423e-01,1.23785547e+03,9.70410535e-02,6.87154610e+02,1.57177735e-01
8.26601887e+02,6.63687477e+02,1.51934969e-01,1.24167954e+03,9.68319531e-02,6.89535651e+02,1.56721605e-01
8.29212834e+02,6.65808431e+02,1.51575282e-01,1.24551576e+03,9.66231611e-02,6.91924240e+02,1.56266972e-01
8.31832027e+02,6.67936051e+02,1.51216367e-01,1.24936418e+03,9.64146845e-02,6.94320414e+02,1.55813835e-01
8.34459494e+02,6.70070361e+02,1.50858232e-01,1.25322483e+03,9.62065301e-02,6.96724211e+02,1.55362189e-01
8.37095261e+02,6.72211382e+02,1.50500883e-01,1.25709773e+03,9.59987046e-02,6.99135668e+02,1.54912031e-01
8.39739352e+02,6.74359138e+02,1.50144327e-01,1.26098292e+03,9.57912143e-02,7.01554821e+02,1.54463359e-01
8.42391796e+02,6.76513651e+02,1.49788568e-01,1.26488045e+03,9.55840653e-02,7.03981708e+02,1.54016170e-01
8.45052617e+02,6.78674946e+02,1.49433612e-01,1.26879032e+03,9.53772635e-02,7.06416365e+02,1.53570460e-01
8.47721844e+02,6.80843044e+02,1.49079465e-01,1.27271259e+03,9.51708146e-02,7.08858828e+02,1.53126227e-01
8.50399501e+02,6.83017969e+02,1.48726132e-01,1.27664729e+03,9.49647241e-02,7.11309133e+02,1.52683466e-01
8.53085616e+02,6.85199744e+02,1.48373618e-01,1.28059445e+03,9.47589972e-02,7.13767316e+02,1.52242175e-01
8.55780216e+02,6.87388391e+02,1.48021927e-01,1.28455410e+03,9.45536389e-02,7.16233414e+02,1.51802351e-01
8.58483327e+02,6.89583935e+02,1.47671064e-01,1.28852628e+03,9.43486542e-02,7.18707462e+02,1.51363989e-01
8.61194976e+02,6.91786398e+02,1.47321032e-01,1.29251103e+03,9.41440477e-02,7.21189495e+02,1.50927087e-01
8.63915190e+02,6.93995804e+02,1.46971837e-01,1.29650837e+03,9.39398240e-02,7.23679549e+02,1.50491642e-01
8.66643997e+02,6.96212175e+02,1.46623481e-01,1.30051835e+03,9.37359874e-02,7.26177660e+02,1.50057649e-01
8.69381423e+02,6.98435535e+02,1.46275968e-01,1.30454100e+03,9.35325421e-02,7.28683862e+02,1.49625106e-01
8.72127495e+02,7.00665907e+02,1.45929302e-01,1.30857636e+03,9.33294921e-02,7.31198191e+02,1.49194009e-01
8.74882241e+02,7.02903315e+02,1.45583485e-01,1.31262446e+03,9.31268414e-02,7.33720683e+02,1.48764354e-01
8.77645689e+02,7.05147782e+02,1.45238522e-01,1.31668534e+03,9.29245935e-02,7.36251371e+02,1.48336139e-01
8.80417865e+02,7.07399332e+02,1.44894414e-01,1.32075903e+03,9.27227523e-02,7.38790291e+02,1.47909359e-01
8.83198798e+02,7.09657988e+02,1.44551165e-01,1.32484557e+03,9.25213210e-02,7.41337478e+02,1.47484010e-01
8.85988515e+02,7.11923773e+02,1.44208778e-01,1.32894501e+03,9.23203030e-02,7.43892966e+02,1.47060090e-01
8.88787043e+02,7.14196712e+02,1.43867254e-01,1.33305736e+03,9.21197015e-02,7.46456791e+02,1.46637595e-01
8.91594411e+02,7.16476827e+02,1.43526596e-01,1.33718268e+03,9.19195195e-02,7.49028987e+02,1.46216521e-01
8.94410647e+02,7.18764143e+02,1.43186806e-01,1.34132100e+03,9.17197601e-02,7.51609588e+02,1.45796864e-01
8.97235778e+02,7.21058684e+02,1.42847886e-01,1.34547236e+03,9.15204260e-02,7.54198629e+02,1.45378621e-01
9.00069832e+02,7.23360473e+02,1.42509839e-01,1.34963679e+03,9.13215200e-02,7.56796145e+02,1.44961788e-01
9.02912839e+02,7.25669533e+02,1.42172665e-01,1.35381434e+03,9.11230446e-02,7.59402171e+02,1.44546361e-01
9.05764825e+02,7.27985890e+02,1.41836368e-01,1.35800503e+03,9.09250024e-02,7.62016740e+02,1.44132337e-01
9.08625820e+02,7.30309567e+02,1.41500947e-01,1.36220892e+03,9.07273958e-02,7.64639887e+02,1.43719713e-01
9.11495852e+02,7.32640587e+02,1.41166405e-01,1.36642603e+03,9.05302271e-02,7.67271647e+02,1.43308483e-01
9.14374949e+02,7.34978976e+02,1.40832743e-01,1.37065642e+03,9.03334985e-02,7.69912054e+02,1.42898645e-01
9.17263140e+02,7.37324757e+02,1.40499963e-01,1.37490010e+03,9.01372120e-02,7.72561142e+02,1.42490195e-01
9.20160454e+02,7.39677954e+02,1.40168065e-01,1.37915713e+03,8.99413698e-02,7.75218947e+02,1.42083129e-01
9.23066920e+02,7.42038593e+02,1.39837050e-01,1.38342755e+03,8.97459738e-02,7.77885501e+02,1.41677443e-01
9.25982566e+02,7.44406696e+02,1.39506920e-01,1.38771139e+03,8.95510257e-02,7.80560840e+02,1.41273134e-01
9.28907422e+02,7.46782288e+02,1.39177674e-01,1.39200869e+03,8.93565275e-02,7.83244998e+02,1.40870197e-01
9.31841516e+02,7.49165395e+02,1.38849315e-01,1.39631950e+03,8.91624807e-02,7.85938009e+02,1.40468630e-01
9.34784878e+02,7.51556039e+02,1.38521843e-01,1.40064385e+03,8.89688871e-02,7.88639907e+02,1.40068427e-01
9.37737537e+02,7.53954247e+02,1.38195258e-01,1.40498178e+03,8.87757480e-02,7.91350728e+02,1.39669586e-01
9.40699523e+02,7.56360042e+02,1.37869560e-01,1.40933334e+03,8.85830651e-02,7.94070505e+02,1.39272103e-01
9.43670864e+02,7.58773450e+02,1.37544751e-01,1.41369856e+03,8.83908396e-02,7.96799273e+02,1.38875973e-01
9.46651591e+02,7.61194495e+02,1.37220830e-01,1.41807749e+03,8.81990730e-02,7.99537067e+02,1.38481193e-01
9.49641733e+02,7.63623201e+02,1.36897799e-01,1.42247016e+03,8.80077664e-02,8.02283920e+02,1.38087759e-01
9.52641320e+02,7.66059594e+02,1.36575656e-01,1.42687661e+03,8.78169211e-02,8.05039867e+02,1.37695668e-01
9.55650381e+02,7.68503699e+02,1.36254402e-01,1.43129690e+03,8.76265382e-02,8.07804943e+02,1.37304915e-01
9.58668947e+02,7.70955541e+02,1.35934038e-01,1.43573105e+03,8.74366188e-02,8.10579182e+02,1.36915496e-01
9.61697048e+02,7.73415144e+02,1.35614563e-01,1.44017912e+03,8.72471639e-02,8.13362619e+02,1.36527409e-01
9.64734713e+02,7.75882535e+02,1.35295977e-01,1.44464113e+03,8.70581745e-02,8.16155288e+02,1.36140648e-01
9.67781973e+02,7.78357737e+02,1.34978281e-01,1.44911714e+03,8.68696514e-02,8.18957223e+02,1.35755210e-01
9.70838858e+02,7.80840777e+02,1.34661473e-01,1.45360719e+03,8.66815954e-02,8.21768461e+02,1.35371091e-01
9.73905399e+02,7.83331680e+02,1.34345554e-01,1.45811132e+03,8.64940075e-02,8.24589034e+02,1.34988288e-01
9.76981627e+02,7.85830471e+02,1.34030523e-01,1.46262956e+03,8.63068883e-02,8.27418979e+02,1.34606797e-01
9.80067571e+02,7.88337176e+02,1.33716381e-01,1.46716197e+03,8.61202385e-02,8.30258329e+02,1.34226613e-01
9.83163262e+02,7.90851821e+02,1.33403126e-01,1.47170859e+03,8.59340588e-02,8.33107119e+02,1.33847733e-01
9.86268731e+02,7.93374430e+02,1.33090758e-01,1.47626946e+03,8.57483497e-02,8.35965385e+02,1.33470152e-01
9.89384010e+02,7.95905030e+02,1.32779277e-01,1.48084461e+03,8.55631118e-02,8.38833161e+02,1.33093868e-01
9.92509129e+02,7.98443647e+02,1.32468682e-01,1.48543411e+03,8.53783457e-02,8.41710481e+02,1.32718877e-01
9.95644119e+02,8.00990306e+02,1.32158973e-01,1.49003798e+03,8.51940517e-02,8.44597382e+02,1.32345173e-01
9.98789011e+02,8.03545033e+02,1.31850148e-01,1.49465627e+03,8.50102304e-02,8.47493898e+02,1.31972755e-01
1.00194384e+03,8.06107855e+02,1.31542208e-01,1.49928903e+03,8.48268820e-02,8.50400064e+02,1.31601617e-01
1.00510863e+03,8.08678797e+02,1.31235151e-01,1.50393630e+03,8.46440069e-02,8.53315916e+02,1.31231756e-01
1.00828341e+03,8.11257885e+02,1.30928977e-01,1.50859812e+03,8.44616054e-02,8.56241487e+02,1.30863168e-01
1.01146823e+03,8.13845146e+02,1.30623685e-01,1.51327454e+03,8.42796779e-02,8.59176815e+02,1.30495849e-01
1.01466311e+03,8.16440607e+02,1.30319274e-01,1.51796560e+03,8.40982244e-02,8.62121933e+02,1.30129795e-01
1.01786807e+03,8.19044292e+02,1.30015743e-01,1.52267135e+03,8.39172452e-02,8.65076878e+02,1.29765003e-01
1.02108316e+03,8.21656230e+02,1.29713091e-01,1.52739184e+03,8.37367405e-02,8.68041684e+02,1.29401469e-01
1.02430841e+03,8.24276446e+02,1.29411318e-01,1.53212709e+03,8.35567104e-02,8.71016388e+02,1.29039189e-01
1.02754384e+03,8.26904967e+02,1.29110421e-01,1.53687717e+03,8.33771549e-02,8.74001024e+02,1.28678159e-01
1.03078949e+03,8.29541819e+02,1.28810401e-01,1.54164212e+03,8.31980742e-02,8.76995629e+02,1.28318374e-01
1.03404540e+03,8.32187031e+02,1.28511257e-01,1.54642198e+03,8.30194682e-02,8.80000238e+02,1.27959833e-01
1.03731158e+03,8.34840627e+02,1.28212986e-01,1.55121679e+03,8.28413369e-02,8.83014886e+02,1.27602530e-01
1.04058809e+03,8.37502636e+02,1.27915588e-01,1.55602661e+03,8.26636804e-02,8.86039611e+02,1.27246461e-01
1.04387494e+03,8.40173083e+02,1.27619062e-01,1.56085148e+03,8.24864985e-02,8.89074446e+02,1.26891624e-01
1.04717218e+03,8.42851997e+02,1.27323406e-01,1.56569145e+03,8.23097911e-02,8.92119429e+02,1.26538013e-01
1.05047983e+03,8.45539405e+02,1.27028620e-01,1.57054655e+03,8.21335582e-02,8.95174596e+02,1.26185626e-01
1.05379793e+03,8.48235333e+02,1.26734701e-01,1.57541684e+03,8.19577996e-02,8.98239982e+02,1.25834459e-01
1.05712651e+03,8.50939809e+02,1.26441650e-01,1.58030237e+03,8.17825151e-02,9.01315624e+02,1.25484507e-01
1.06046560e+03,8.53652861e+02,1.26149464e-01,1.58520318e+03,8.16077046e-02,9.04401557e+02,1.25135767e-01
1.06381525e+03,8.56374515e+02,1.25858143e-01,1.59011932e+03,8.14333678e-02,9.07497819e+02,1.24788235e-01
1.06717547e+03,8.59104800e+02,1.25567684e-01,1.59505083e+03,8.12595044e-02,9.10604446e+02,1.24441908e-01
1.07054630e+03,8.61843742e+02,1.25278086e-01,1.59999776e+03,8.10861142e-02,9.13721474e+02,1.24096781e-01
1.07392778e+03,8.64591371e+02,1.24989349e-01,1.60496016e+03,8.09131969e-02,9.16848939e+02,1.23752851e-01
1.07731995e+03,8.67347712e+02,1.24701471e-01,1.60993808e+03,8.07407522e-02,9.19986878e+02,1.23410114e-01
1.08072282e+03,8.70112796e+02,1.24414449e-01,1.61493157e+03,8.05687798e-02,9.23135329e+02,1.23068567e-01
1.08413645e+03,8.72886648e+02,1.24128283e-01,1.61994067e+03,8.03972793e-02,9.26294327e+02,1.22728205e-01
1.08756086e+03,8.75669298e+02,1.23842972e-01,1.62496542e+03,8.02262503e-02,9.29463910e+02,1.22389024e-01
1.09099608e+03,8.78460774e+02,1.23558513e-01,1.63000589e+03,8.00556925e-02,9.32644115e+02,1.22051022e-01
1.09444216e+03,8.81261103e+02,1.23274906e-01,1.63506211e+03,7.98856054e-02,9.35834978e+02,1.21714194e-01
1.09789912e+03,8.84070315e+02,1.22992148e-01,1.64013414e+03,7.97159885e-02,9.39036537e+02,1.21378537e-01
1.10136700e+03,8.86888437e+02,1.22710238e-01,1.64522203e+03,7.95468415e-02,9.42248829e+02,1.21044046e-01
1.10484583e+03,8.89715498e+02,1.22429175e-01,1.65032581e+03,7.93781639e-02,9.45471892e+02,1.20710719e-01
1.10833566e+03,8.92551526e+02,1.22148957e-01,1.65544555e+03,7.92099552e-02,9.48705761e+02,1.20378551e-01
1.11183650e+03,8.95396550e+02,1.21869582e-01,1.66058129e+03,7.90422148e-02,9.51950477e+02,1.20047538e-01
1.11534841e+03,8.98250600e+02,1.21591049e-01,1.66573309e+03,7.88749423e-02,9.55206074e+02,1.19717678e-01
1.11887140e+03,9.01113702e+02,1.21313356e-01,1.67090098e+03,7.87081371e-02,9.58472592e+02,1.19388966e-01
1.12240553e+03,9.03985888e+02,1.21036501e-01,1.67608502e+03,7.85417987e-02,9.61750069e+02,1.19061398e-01
1.12595081e+03,9.06867185e+02,1.20760483e-01,1.68128526e+03,7.83759265e-02,9.65038541e+02,1.18734972e-01
1.12950730e+03,9.09757623e+02,1.20485300e-01,1.68650175e+03,7.82105199e-02,9.68338047e+02,1.18409683e-01
1.13307502e+03,9.12657230e+02,1.20210950e-01,1.69173455e+03,7.80455783e-02,9.71648625e+02,1.18085527e-01
1.13665401e+03,9.15566036e+02,1.19937432e-01,1.69698369e+03,7.78811012e-02,9.74970313e+02,1.17762501e-01
1.14024430e+03,9.18484071e+02,1.19664744e-01,1.70224923e+03,7.77170878e-02,9.78303149e+02,1.17440602e-01
1.14384593e+03,9.21411364e+02,1.19392884e-01,1.70753123e+03,7.75535376e-02,9.81647171e+02,1.17119825e-01
1.14745894e+03,9.24347944e+02,1.19121850e-01,1.71282973e+03,7.73904499e-02,9.85002419e+02,1.16800167e-01
1.15108337e+03,9.27293841e+02,1.18851641e-01,1.71814478e+03,7.72278240e-02,9.88368930e+02,1.16481624e-01
1.15471924e+03,9.30249084e+02,1.18582255e-01,1.72347644e+03,7.70656593e-02,9.91746743e+02,1.16164193e-01
1.15836659e+03,9.33213704e+02,1.18313690e-01,1.72882476e+03,7.69039551e-02,9.95135896e+02,1.15847870e-01
1.16202547e+03,9.36187731e+02,1.18045944e-01,1.73418978e+03,7.67427106e-02,9.98536430e+02,1.15532652e-01
1.16569590e+03,9.39171193e+02,1.17779015e-01,1.73957157e+03,7.65819252e-02,1.00194838e+03,1.15218534e-01
1.16937793e+03,9.42164122e+02,1.17512902e-01,1.74497016e+03,7.64215981e-02,1.00537179e+03,1.14905514e-01
1.17307158e+03,9.45166547e+02,1.17247603e-01,1.75038562e+03,7.62617286e-02,1.00880670e+03,1.14593587e-01
1.17677691e+03,9.48178500e+02,1.16983116e-01,1.75581800e+03,7.61023160e-02,1.01225314e+03,1.14282750e-01
1.18049393e+03,9.51200009e+02,1.16719438e-01,1.76126735e+03,7.59433595e-02,1.01571115e+03,1.13973000e-01
1.18422270e+03,9.54231106e+02,1.16456570e-01,1.76673371e+03,7.57848584e-02,1.01918078e+03,1.13664333e-01
1.18796325e+03,9.57271820e+02,1.16194507e-01,1.77221716e+03,7.56268118e-02,1.02266207e+03,1.13356745e-01
1.19171561e+03,9.60322184e+02,1.15933249e-01,1.77771773e+03,7.54692190e-02,1.02615504e+03,1.13050233e-01
1.19547982e+03,9.63382227e+02,1.15672793e-01,1.78323548e+03,7.53120792e-02,1.02965975e+03,1.12744793e-01
1.19925593e+03,9.66451980e+02,1.15413138e-01,1.78877046e+03,7.51553916e-02,1.03317624e+03,1.12440422e-01
1.20304396e+03,9.69531474e+02,1.15154282e-01,1.79432273e+03,7.49991554e-02,1.03670453e+03,1.12137116e-01
1.20684395e+03,9.72620740e+02,1.14896223e-01,1.79989234e+03,7.48433697e-02,1.04024468e+03,1.11834872e-01
1.21065595e+03,9.75719809e+02,1.14638959e-01,1.80547935e+03,7.46880338e-02,1.04379673e+03,1.11533686e-01
1.21447999e+03,9.78828713e+02,1.14382488e-01,1.81108381e+03,7.45331468e-02,1.04736070e+03,1.11233555e-01
1.21831611e+03,9.81947482e+02,1.14126808e-01,1.81670577e+03,7.43787078e-02,1.05093665e+03,1.10934474e-01
1.22216434e+03,9.85076148e+02,1.13871918e-01,1.82234529e+03,7.42247161e-02,1.05452462e+03,1.10636441e-01
1.22602474e+03,9.88214743e+02,1.13617815e-01,1.82800242e+03,7.40711707e-02,1.05812463e+03,1.10339453e-01
1.22989732e+03,9.91363298e+02,1.13364497e-01,1.83367722e+03,7.39180708e-02,1.06173675e+03,1.10043505e-01
1.23378214e+03,9.94521845e+02,1.13111962e-01,1.83936974e+03,7.37654155e-02,1.06536100e+03,1.09748594e-01
1.23767922e+03,9.97690415e+02,1.12860209e-01,1.84508004e+03,7.36132040e-02,1.06899742e+03,1.09454717e-01
1.24158862e+03,1.00086904e+03,1.12609235e-01,1.85080817e+03,7.34614353e-02,1.07264607e+03,1.09161870e-01
1.24551036e+03,1.00405775e+03,1.12359039e-01,1.85655419e+03,7.33101086e-02,1.07630697e+03,1.08870050e-01
1.24944450e+03,1.00725659e+03,1.12109619e-01,1.86231815e+03,7.31592230e-02,1.07998018e+03,1.08579254e-01
1.25339106e+03,1.01046557e+03,1.11860972e-01,1.86810012e+03,7.30087775e-02,1.08366572e+03,1.08289477e-01
1.25735008e+03,1.01368474e+03,1.11613097e-01,1.87390014e+03,7.28587713e-02,1.08736365e+03,1.08000717e-01
1.26132161e+03,1.01691597e+03,1.11365850e-01,1.87971313e+03,7.27093351e-02,1.09107896e+03,1.07712587e-01
1.26530569e+03,1.02015560e+03,1.11119513e-01,1.88554946e+03,7.25602031e-02,1.09480175e+03,1.07425855e-01
1.26930234e+03,1.02340550e+03,1.10873943e-01,1.89140401e+03,7.24115076e-02,1.09853705e+03,1.07140129e-01
1.27331163e+03,1.02666572e+03,1.10629136e-01,1.89727685e+03,7.22632478e-02,1.10228490e+03,1.06855406e-01
1.27733357e+03,1.02993628e+03,1.10385091e-01,1.90316803e+03,7.21154225e-02,1.10604534e+03,1.06571683e-01
1.28136822e+03,1.03321723e+03,1.10141805e-01,1.90907760e+03,7.19680310e-02,1.10981841e+03,1.06288955e-01
1.28541562e+03,1.03650858e+03,1.09899277e-01,1.91500562e+03,7.18210722e-02,1.11360416e+03,1.06007221e-01
1.28947580e+03,1.03981038e+03,1.09657505e-01,1.92095216e+03,7.16745452e-02,1.11740263e+03,1.05726475e-01
1.29354880e+03,1.04312266e+03,1.09416487e-01,1.92691727e+03,7.15284491e-02,1.12121386e+03,1.05446716e-01
1.29763467e+03,1.04644546e+03,1.09176220e-01,1.93290100e+03,7.13827828e-02,1.12503790e+03,1.05167940e-01
1.30173345e+03,1.04977879e+03,1.08936703e-01,1.93890342e+03,7.12375455e-02,1.12887478e+03,1.04890142e-01
1.30584517e+03,1.05312271e+03,1.08697934e-01,1.94492458e+03,7.10927362e-02,1.13272456e+03,1.04613321e-01
1.30996988e+03,1.05647724e+03,1.08459910e-01,1.95096454e+03,7.09483538e-02,1.13658726e+03,1.04337473e-01
1.31410762e+03,1.05984242e+03,1.08222630e-01,1.95702337e+03,7.08043975e-02,1.14046295e+03,1.04062593e-01
1.31825842e+03,1.06321827e+03,1.07986092e-01,1.96310111e+03,7.06608662e-02,1.14435165e+03,1.03788680e-01
1.32242234e+03,1.06660484e+03,1.07750293e-01,1.96919783e+03,7.05177589e-02,1.14825341e+03,1.03515730e-01
1.32659941e+03,1.07000216e+03,1.07515232e-01,1.97531359e+03,7.03750748e-02,1.15216829e+03,1.03243740e-01
1.33078968e+03,1.07341025e+03,1.07280906e-01,1.98144845e+03,7.02328127e-02,1.15609631e+03,1.02972705e-01
1.33499318e+03,1.07682917e+03,1.07047314e-01,1.98760246e+03,7.00909717e-02,1.16003752e+03,1.02702624e-01
1.33920995e+03,1.08025893e+03,1.06814454e-01,1.99377569e+03,6.99495508e-02,1.16399198e+03,1.02433492e-01
1.34344005e+03,1.08369958e+03,1.06582323e-01,1.99996820e+03,6.98085490e-02,1.16795971e+03,1.02165307e-01
1.34768351e+03,1.08715115e+03,1.06350920e-01,2.00618005e+03,6.96679653e-02,1.17194077e+03,1.01898065e-01
1.35194037e+03,1.09061368e+03,1.06120242e-01,2.01241129e+03,6.95277987e-02,1.17593520e+03,1.01631763e-01
1.35621068e+03,1.09408719e+03,1.05890288e-01,2.01866199e+03,6.93880482e-02,1.17994304e+03,1.01366397e-01
1.36049447e+03,1.09757173e+03,1.05661055e-01,2.02493221e+03,6.92487128e-02,1.18396435e+03,1.01101965e-01
1.36479180e+03,1.10106732e+03,1.05432542e-01,2.03122201e+03,6.91097915e-02,1.18799915e+03,1.00838464e-01
1.36910270e+03,1.10457401e+03,1.05204746e-01,2.03753145e+03,6.89712832e-02,1.19204751e+03,1.00575890e-01
1.37342722e+03,1.10809183e+03,1.04977665e-01,2.04386059e+03,6.88331870e-02,1.19610946e+03,1.00314239e-01
1.37776540e+03,1.11162081e+03,1.04751298e-01,2.05020950e+03,6.86955018e-02,1.20018504e+03,1.00053510e-01
1.38211728e+03,1.11516099e+03,1.04525642e-01,2.05657824e+03,6.85582267e-02,1.20427431e+03,9.97936976e-02
1.38648290e+03,1.11871240e+03,1.04300696e-01,2.06296686e+03,6.84213605e-02,1.20837731e+03,9.95348000e-02
1.39086232e+03,1.12227509e+03,1.04076456e-01,2.06937543e+03,6.82849023e-02,1.21249408e+03,9.92768135e-02
1.39525557e+03,1.12584909e+03,1.03852922e-01,2.07580402e+03,6.81488510e-02,1.21662467e+03,9.90197352e-02
1.39966269e+03,1.12943442e+03,1.03630092e-01,2.08225268e+03,6.80132057e-02,1.22076913e+03,9.87635618e-02
1.40408374e+03,1.13303114e+03,1.03407962e-01,2.08872148e+03,6.78779652e-02,1.22492750e+03,9.85082902e-02
1.40851875e+03,1.13663927e+03,1.03186532e-01,2.09521048e+03,6.77431286e-02,1.22909982e+03,9.82539173e-02
1.41296777e+03,1.14025884e+03,1.02965799e-01,2.10171974e+03,6.76086948e-02,1.23328615e+03,9.80004400e-02
1.41743084e+03,1.14388991e+03,1.02745761e-01,2.10824934e+03,6.74746628e-02,1.23748653e+03,9.77478551e-02
1.42190801e+03,1.14753250e+03,1.02526417e-01,2.11479932e+03,6.73410316e-02,1.24170100e+03,9.74961596e-02
1.42639932e+03,1.15118665e+03,1.02307763e-01,2.12136976e+03,6.72078002e-02,1.24592962e+03,9.72453503e-02
1.43090482e+03,1.15485240e+03,1.02089799e-01,2.12796072e+03,6.70749674e-02,1.25017242e+03,9.69954241e-02
1.43542454e+03,1.15852978e+03,1.01872522e-01,2.13457226e+03,6.69425322e-02,1.25442946e+03,9.67463781e-02
1.43995855e+03,1.16221883e+03,1.01655930e-01,2.14120446e+03,6.68104937e-02,1.25870078e+03,9.64982091e-02
1.44450688e+03,1.16591958e+03,1.01440021e-01,2.14785736e+03,6.66788508e-02,1.26298644e+03,9.62509140e-02
1.44906957e+03,1.16963208e+03,1.01224793e-01,2.15453104e+03,6.65476024e-02,1.26728646e+03,9.60044899e-02
1.45364667e+03,1.17335637e+03,1.01010244e-01,2.16122557e+03,6.64167475e-02,1.27160092e+03,9.57589336e-02
1.45823824e+03,1.17709247e+03,1.00796372e-01,2.16794100e+03,6.62862851e-02,1.27592984e+03,9.55142421e-02
1.46284430e+03,1.18084042e+03,1.00583176e-01,2.17467741e+03,6.61562140e-02,1.28027328e+03,9.52704125e-02
1.46746492e+03,1.18460027e+03,1.00370652e-01,2.18143485e+03,6.60265334e-02,1.28463129e+03,9.50274416e-02
1.47210013e+03,1.18837206e+03,1.00158800e-01,2.18821341e+03,6.58972421e-02,1.28900392e+03,9.47853264e-02
1.47674998e+03,1.19215581e+03,9.99476165e-02,2.19501313e+03,6.57683390e-02,1.29339120e+03,9.45440641e-02
1.48141451e+03,1.19595157e+03,9.97371002e-02,2.20183409e+03,6.56398232e-02,1.29779320e+03,9.43036514e-02
1.48609379e+03,1.19975937e+03,9.95272491e-02,2.20867636e+03,6.55116936e-02,1.30220996e+03,9.40640856e-02
1.49078784e+03,1.20357926e+03,9.93180611e-02,2.21553999e+03,6.53839492e-02,1.30664152e+03,9.38253636e-02
1.49549672e+03,1.20741127e+03,9.91095341e-02,2.22242507e+03,6.52565889e-02,1.31108794e+03,9.35874823e-02
1.50022047e+03,1.21125544e+03,9.89016663e-02,2.22933165e+03,6.51296116e-02,1.31554927e+03,9.33504390e-02
1.50495914e+03,1.21511181e+03,9.86944556e-02,2.23625980e+03,6.50030163e-02,1.32002555e+03,9.31142306e-02
1.50971278e+03,1.21898041e+03,9.84879001e-02,2.24320960e+03,6.48768020e-02,1.32451683e+03,9.28788541e-02
1.51448144e+03,1.22286129e+03,9.82819977e-02,2.25018110e+03,6.47509677e-02,1.32902317e+03,9.26443066e-02
1.51926515e+03,1.22675449e+03,9.80767466e-02,2.25717438e+03,6.46255122e-02,1.33354460e+03,9.24105853e-02
1.52406398e+03,1.23066004e+03,9.78721446e-02,2.26418950e+03,6.45004345e-02,1.33808119e+03,9.21776871e-02
1.52887797e+03,1.23457799e+03,9.76681899e-02,2.27122654e+03,6.43757337e-02,1.34263298e+03,9.19456091e-02
1.53370716e+03,1.23850836e+03,9.74648804e-02,2.27828556e+03,6.42514085e-02,1.34720002e+03,9.17143486e-02
1.53855161e+03,1.24245121e+03,9.72622143e-02,2.28536663e+03,6.41274581e-02,1.35178235e+03,9.14839024e-02
1.54341135e+03,1.24640657e+03,9.70601894e-02,2.29246982e+03,6.40038813e-02,1.35638004e+03,9.12542679e-02
1.54828645e+03,1.25037448e+03,9.68588040e-02,2.29959520e+03,6.38806771e-02,1.36099313e+03,9.10254420e-02
1.55317695e+03,1.25435498e+03,9.66580559e-02,2.30674284e+03,6.37578445e-02,1.36562167e+03,9.07974219e-02
1.55808289e+03,1.25834811e+03,9.64579433e-02,2.31391281e+03,6.36353824e-02,1.37026571e+03,9.05702048e-02
1.56300433e+03,1.26235391e+03,9.62584641e-02,2.32110518e+03,6.35132898e-02,1.37492530e+03,9.03437878e-02
1.56794132e+03,1.26637242e+03,9.60596165e-02,2.32832001e+03,6.33915656e-02,1.37960050e+03,9.01181680e-02
1.57289390e+03,1.27040368e+03,9.58613985e-02,2.33555739e+03,6.32702087e-02,1.38429135e+03,8.98933427e-02
1.57786212e+03,1.27444774e+03,9.56638081e-02,2.34281738e+03,6.31492182e-02,1.38899790e+03,8.96693088e-02
1.58284603e+03,1.27850462e+03,9.54668434e-02,2.35010005e+03,6.30285931e-02,1.39372021e+03,8.94460638e-02
1.58784569e+03,1.28257438e+03,9.52705024e-02,2.35740547e+03,6.29083321e-02,1.39845833e+03,8.92236046e-02
1.59286114e+03,1.28665705e+03,9.50747833e-02,2.36473372e+03,6.27884344e-02,1.40321231e+03,8.90019286e-02
1.59789243e+03,1.29075267e+03,9.48796840e-02,2.37208486e+03,6.26688989e-02,1.40798220e+03,8.87810329e-02
1.60293962e+03,1.29486129e+03,9.46852026e-02,2.37945897e+03,6.25497245e-02,1.41276805e+03,8.85609147e-02
1.60800275e+03,1.29898295e+03,9.44913373e-02,2.38685612e+03,6.24309102e-02,1.41756992e+03,8.83415712e-02
1.61308187e+03,1.30311768e+03,9.42980860e-02,2.39427639e+03,6.23124549e-02,1.42238785e+03,8.81229998e-02
1.61817703e+03,1.30726553e+03,9.41054469e-02,2.40171983e+03,6.21943577e-02,1.42722190e+03,8.79051975e-02
1.62328828e+03,1.31142654e+03,9.39134180e-02,2.40918654e+03,6.20766174e-02,1.43207213e+03,8.76881616e-02
1.62841569e+03,1.31560076e+03,9.37219975e-02,2.41667658e+03,6.19592331e-02,1.43693858e+03,8.74718894e-02
1.63355928e+03,1.31978822e+03,9.35311833e-02,2.42419002e+03,6.18422037e-02,1.44182130e+03,8.72563782e-02
1.63871913e+03,1.32398896e+03,9.33409736e-02,2.43172693e+03,6.17255282e-02,1.44672036e+03,8.70416252e-02
1.64389527e+03,1.32820303e+03,9.31513665e-02,2.43928740e+03,6.16092055e-02,1.45163581e+03,8.68276276e-02
1.64908776e+03,1.33243047e+03,9.29623601e-02,2.44687150e+03,6.14932347e-02,1.45656768e+03,8.66143828e-02
1.65429665e+03,1.33667132e+03,9.27739525e-02,2.45447929e+03,6.13776146e-02,1.46151605e+03,8.64018880e-02
1.65952200e+03,1.34092563e+03,9.25861417e-02,2.46211086e+03,6.12623442e-02,1.46648097e+03,8.61901405e-02
1.66476385e+03,1.34519344e+03,9.23989259e-02,2.46976628e+03,6.11474226e-02,1.47146248e+03,8.59791377e-02
1.67002225e+03,1.34947478e+03,9.22123032e-02,2.47744562e+03,6.10328487e-02,1.47646065e+03,8.57688769e-02
1.67529727e+03,1.35376971e+03,9.20262717e-02,2.48514896e+03,6.09186214e-02,1.48147552e+03,8.55593552e-02
1.68058895e+03,1.35807826e+03,9.18408296e-02,2.49287637e+03,6.08047397e-02,1.48650715e+03,8.53505702e-02
1.68589735e+03,1.36240049e+03,9.16559748e-02,2.50062793e+03,6.06912027e-02,1.49155560e+03,8.51425191e-02
1.69122251e+03,1.36673642e+03,9.14717057e-02,2.50840372e+03,6.05780093e-02,1.49662091e+03,8.49351993e-02
1.69656449e+03,1.37108611e+03,9.12880202e-02,2.51620381e+03,6.04651584e-02,1.50170315e+03,8.47286081e-02
1.70192334e+03,1.37544960e+03,9.11049165e-02,2.52402828e+03,6.03526490e-02,1.50680237e+03,8.45227428e-02
1.70729912e+03,1.37982693e+03,9.09223928e-02,2.53187720e+03,6.02404802e-02,1.51191863e+03,8.43176009e-02
1.71269189e+03,1.38421815e+03,9.07404472e-02,2.53975066e+03,6.01286508e-02,1.51705197e+03,8.41131797e-02
1.71810168e+03,1.38862330e+03,9.05590778e-02,2.54764872e+03,6.00171600e-02,1.52220246e+03,8.39094766e-02
1.72352857e+03,1.39304243e+03,9.03782827e-02,2.55557147e+03,5.99060066e-02,1.52737016e+03,8.37064890e-02
1.72897259e+03,1.39747557e+03,9.01980602e-02,2.56351898e+03,5.97951897e-02,1.53255511e+03,8.35042142e-02
1.73443381e+03,1.40192278e+03,9.00184084e-02,2.57149134e+03,5.96847081e-02,1.53775737e+03,8.33026497e-02
1.73991228e+03,1.40638409e+03,8.98393253e-02,2.57948861e+03,5.95745611e-02,1.54297700e+03,8.31017930e-02
1.74540806e+03,1.41085956e+03,8.96608093e-02,2.58751088e+03,5.94647474e-02,1.54821406e+03,8.29016413e-02
1.75092119e+03,1.41534922e+03,8.94828584e-02,2.59555823e+03,5.93552661e-02,1.55346859e+03,8.27021921e-02
1.75645174e+03,1.41985313e+03,8.93054708e-02,2.60363074e+03,5.92461162e-02,1.55874067e+03,8.25034430e-02
1.76199976e+03,1.42437132e+03,8.91286447e-02,2.61172848e+03,5.91372967e-02,1.56403034e+03,8.23053912e-02
1.76756530e+03,1.42890385e+03,8.89523782e-02,2.61985153e+03,5.90288065e-02,1.56933767e+03,8.21080343e-02
1.77314842e+03,1.43345075e+03,8.87766696e-02,2.62799997e+03,5.89206448e-02,1.57466271e+03,8.19113698e-02
1.77874918e+03,1.43801208e+03,8.86015170e-02,2.63617389e+03,5.88128104e-02,1.58000551e+03,8.17153950e-02
1.78436763e+03,1.44258787e+03,8.84269186e-02,2.64437336e+03,5.87053023e-02,1.58536614e+03,8.15201075e-02
1.79000382e+03,1.44717818e+03,8.82528726e-02,2.65259847e+03,5.85981196e-02,1.59074465e+03,8.13255047e-02
1.79565782e+03,1.45178305e+03,8.80793771e-02,2.66084929e+03,5.84912613e-02,1.59614110e+03,8.11315842e-02
1.80132968e+03,1.45640253e+03,8.79064304e-02,2.66912591e+03,5.83847264e-02,1.60155555e+03,8.09383433e-02
1.80701945e+03,1.46103666e+03,8.77340307e-02,2.67742840e+03,5.82785138e-02,1.60698805e+03,8.07457797e-02
1.81272719e+03,1.46568549e+03,8.75621762e-02,2.68575685e+03,5.81726226e-02,1.61243867e+03,8.05538909e-02
1.81845296e+03,1.47034906e+03,8.73908650e-02,2.69411134e+03,5.80670518e-02,1.61790747e+03,8.03626743e-02
1.82419682e+03,1.47502743e+03,8.72200954e-02,2.70249195e+03,5.79618004e-02,1.62339450e+03,8.01721274e-02
1.82995882e+03,1.47972064e+03,8.70498657e-02,2.71089876e+03,5.78568674e-02,1.62889981e+03,7.99822479e-02
1.83573902e+03,1.48442873e+03,8.68801740e-02,2.71933186e+03,5.77522518e-02,1.63442349e+03,7.97930333e-02
1.84153748e+03,1.48915175e+03,8.67110185e-02,2.72779133e+03,5.76479526e-02,1.63996557e+03,7.96044810e-02
1.84735426e+03,1.49388976e+03,8.65423975e-02,2.73627724e+03,5.75439689e-02,1.64552612e+03,7.94165888e-02
1.85318940e+03,1.49864279e+03,8.63743093e-02,2.74478970e+03,5.74402996e-02,1.65110520e+03,7.92293540e-02
1.85904298e+03,1.50341090e+03,8.62067519e-02,2.75332877e+03,5.73369438e-02,1.65670287e+03,7.90427743e-02
1.86491505e+03,1.50819413e+03,8.60397238e-02,2.76189454e+03,5.72339005e-02,1.66231918e+03,7.88568473e-02
1.87080567e+03,1.51299253e+03,8.58732231e-02,2.77048710e+03,5.71311687e-02,1.66795421e+03,7.86715706e-02
1.87671489e+03,1.51780616e+03,8.57072481e-02,2.77910653e+03,5.70287475e-02,1.67360801e+03,7.84869417e-02
1.88264278e+03,1.52263504e+03,8.55417970e-02,2.78775291e+03,5.69266359e-02,1.67928064e+03,7.83029582e-02
1.88858939e+03,1.52748174e+03,8.53767833e-02,2.79641965e+03,5.68249111e-02,1.68497697e+03,7.81194635e-02
1.89455478e+03,1.53234129e+03,8.52123760e-02,2.80512025e+03,5.67234146e-02,1.69068740e+03,7.79367662e-02
1.90053902e+03,1.53721625e+03,8.50484873e-02,2.81384805e+03,5.66222248e-02,1.69641685e+03,7.77547073e-02
1.90654216e+03,1.54210668e+03,8.48851157e-02,2.82260316e+03,5.65213406e-02,1.70216536e+03,7.75732842e-02
1.91256426e+03,1.54701261e+03,8.47222592e-02,2.83138564e+03,5.64207612e-02,1.70793302e+03,7.73924946e-02
1.91860538e+03,1.55193410e+03,8.45599163e-02,2.84019559e+03,5.63204856e-02,1.71371988e+03,7.72123362e-02
1.92466559e+03,1.55687120e+03,8.43980851e-02,2.84903310e+03,5.62205128e-02,1.71952599e+03,7.70328067e-02
1.93074493e+03,1.56182396e+03,8.42367640e-02,2.85789825e+03,5.61208418e-02,1.72535144e+03,7.68539036e-02
1.93684348e+03,1.56679242e+03,8.40759512e-02,2.86679112e+03,5.60214717e-02,1.73119626e+03,7.66756246e-02
1.94296129e+03,1.57177664e+03,8.39156451e-02,2.87571181e+03,5.59224015e-02,1.73706054e+03,7.64979675e-02
1.94909843e+03,1.57677667e+03,8.37558440e-02,2.88466040e+03,5.58236303e-02,1.74294432e+03,7.63209299e-02
1.95525495e+03,1.58179256e+03,8.35965460e-02,2.89363698e+03,5.57251572e-02,1.74884768e+03,7.61445094e-02
1.96143092e+03,1.58682435e+03,8.34377496e-02,2.90264164e+03,5.56269811e-02,1.75477068e+03,7.59687039e-02
1.96762640e+03,1.59187210e+03,8.32794530e-02,2.91167446e+03,5.55291011e-02,1.76071337e+03,7.57935109e-02
1.97384144e+03,1.59693585e+03,8.31216546e-02,2.92073554e+03,5.54315163e-02,1.76667584e+03,7.56189282e-02
1.98007612e+03,1.60201567e+03,8.29643527e-02,2.92982496e+03,5.53342257e-02,1.77265813e+03,7.54449536e-02
1.98633049e+03,1.60711159e+03,8.28075456e-02,2.93894282e+03,5.52372284e-02,1.77866031e+03,7.52715846e-02
1.99260461e+03,1.61222368e+03,8.26512315e-02,2.94808920e+03,5.51405234e-02,1.78468244e+03,7.50988192e-02
1.99889855e+03,1.61735197e+03,8.24954089e-02,2.95726419e+03,5.50441099e-02,1.79072460e+03,7.49266549e-02
2.00521238e+03,1.62249653e+03,8.23400761e-02,2.96646788e+03,5.49479868e-02,1.79678684e+03,7.47550896e-02
2.01154614e+03,1.62765740e+03,8.21852314e-02,2.97570037e+03,5.48521532e-02,1.80286923e+03,7.45841210e-02
2.01789991e+03,1.63283464e+03,8.20308731e-02,2.98496174e+03,5.47566081e-02,1.80897184e+03,7.44137468e-02
2.02427376e+03,1.63802830e+03,8.18769997e-02,2.99425208e+03,5.46613508e-02,1.81509472e+03,7.42439649e-02
2.03066773e+03,1.64323842e+03,8.17236094e-02,3.00357149e+03,5.45663801e-02,1.82123795e+03,7.40747729e-02
2.03708190e+03,1.64846506e+03,8.15707005e-02,3.01292006e+03,5.44716953e-02,1.82740159e+03,7.39061688e-02
2.04351633e+03,1.65370828e+03,8.14182715e-02,3.02229787e+03,5.43772953e-02,1.83358571e+03,7.37381502e-02
2.04997109e+03,1.65896813e+03,8.12663207e-02,3.03170503e+03,5.42831792e-02,1.83979037e+03,7.35707150e-02
2.05644623e+03,1.66424465e+03,8.11148465e-02,3.04114162e+03,5.41893462e-02,1.84601564e+03,7.34038609e-02
2.06294182e+03,1.66953790e+03,8.09638473e-02,3.05060773e+03,5.40957952e-02,1.85226158e+03,7.32375858e-02
2.06945794e+03,1.67484794e+03,8.08133213e-02,3.06010346e+03,5.40025254e-02,1.85852826e+03,7.30718875e-02
2.07599463e+03,1.68017482e+03,8.06632671e-02,3.06962891e+03,5.39095359e-02,1.86481575e+03,7.29067638e-02
2.08255197e+03,1.68551858e+03,8.05136829e-02,3.07918416e+03,5.38168257e-02,1.87112412e+03,7.27422126e-02
2.08913003e+03,1.69087929e+03,8.03645671e-02,3.08876931e+03,5.37243939e-02,1.87745343e+03,7.25782316e-02
2.09572886e+03,1.69625700e+03,8.02159182e-02,3.09838446e+03,5.36322397e-02,1.88380375e+03,7.24148188e-02
2.10234854e+03,1.70165176e+03,8.00677346e-02,3.10802969e+03,5.35403620e-02,1.89017514e+03,7.22519719e-02
2.10898912e+03,1.70706362e+03,7.99200145e-02,3.11770511e+03,5.34487600e-02,1.89656769e+03,7.20896888e-02
2.11565068e+03,1.71249264e+03,7.97727565e-02,3.12741080e+03,5.33574328e-02,1.90298144e+03,7.19279674e-02
2.12233329e+03,1.71793888e+03,7.96259590e-02,3.13714687e+03,5.32663795e-02,1.90941648e+03,7.17668056e-02
2.12903700e+03,1.72340238e+03,7.94796203e-02,3.14691340e+03,5.31755992e-02,1.91587286e+03,7.16062012e-02
2.13576188e+03,1.72888321e+03,7.93337388e-02,3.15671050e+03,5.30850909e-02,1.92235067e+03,7.14461521e-02
2.14250801e+03,1.73438141e+03,7.91883131e-02,3.16653826e+03,5.29948538e-02,1.92884996e+03,7.12866563e-02
2.14927544e+03,1.73989705e+03,7.90433414e-02,3.17639678e+03,5.29048870e-02,1.93537081e+03,7.11277115e-02
2.15606425e+03,1.74543017e+03,7.88988223e-02,3.18628615e+03,5.28151896e-02,1.94191329e+03,7.09693158e-02
2.16287451e+03,1.75098084e+03,7.87547541e-02,3.19620648e+03,5.27257607e-02,1.94847746e+03,7.08114670e-02
2.16970627e+03,1.75654910e+03,7.86111353e-02,3.20615785e+03,5.26365994e-02,1.95506339e+03,7.06541630e-02
2.17655962e+03,1.76213502e+03,7.84679643e-02,3.21614037e+03,5.25477048e-02,1.96167117e+03,7.04974018e-02
2.18343461e+03,1.76773865e+03,7.83252396e-02,3.22615413e+03,5.24590760e-02,1.96830084e+03,7.03411813e-02
2.19033132e+03,1.77336004e+03,7.81829597e-02,3.23619924e+03,5.23707122e-02,1.97495250e+03,7.01854994e-02
2.19724981e+03,1.77899926e+03,7.80411228e-02,3.24627579e+03,5.22826124e-02,1.98162620e+03,7.00303542e-02
2.20419015e+03,1.78465635e+03,7.78997276e-02,3.25638388e+03,5.21947759e-02,1.98832202e+03,6.98757434e-02
2.21115242e+03,1.79033138e+03,7.77587725e-02,3.26652361e+03,5.21072016e-02,1.99504002e+03,6.97216651e-02
2.21813668e+03,1.79602440e+03,7.76182560e-02,3.27669508e+03,5.20198887e-02,2.00178029e+03,6.95681173e-02
2.22514300e+03,1.80173547e+03,7.74781764e-02,3.28689839e+03,5.19328364e-02,2.00854289e+03,6.94150980e-02
2.23217145e+03,1.80746464e+03,7.73385323e-02,3.29713363e+03,5.18460438e-02,2.01532789e+03,6.92626050e-02
2.23922210e+03,1.81321198e+03,7.71993222e-02,3.30740092e+03,5.17595100e-02,2.02213537e+03,6.91106364e-02
2.24629502e+03,1.81897753e+03,7.70605445e-02,3.31770036e+03,5.16732341e-02,2.02896540e+03,6.89591902e-02
2.25339028e+03,1.82476137e+03,7.69221977e-02,3.32803203e+03,5.15872153e-02,2.03581804e+03,6.88082644e-02
2.26050796e+03,1.83056354e+03,7.67842803e-02,3.33839605e+03,5.15014528e-02,2.04269338e+03,6.86578570e-02
2.26764811e+03,1.83638410e+03,7.66467908e-02,3.34879251e+03,5.14159455e-02,2.04959149e+03,6.85079659e-02
2.27481082e+03,1.84222311e+03,7.65097277e-02,3.35922153e+03,5.13306928e-02,2.05651243e+03,6.83585893e-02
2.28199615e+03,1.84808064e+03,7.63730895e-02,3.36968319e+03,5.12456936e-02,2.06345628e+03,6.82097251e-02
2.28920418e+03,1.85395673e+03,7.62368746e-02,3.38017761e+03,5.11609473e-02,2.07042313e+03,6.80613714e-02
2.29643498e+03,1.85985145e+03,7.61010817e-02,3.39070488e+03,5.10764528e-02,2.07741303e+03,6.79135262e-02
2.30368862e+03,1.86576485e+03,7.59657092e-02,3.40126511e+03,5.09922095e-02,2.08442606e+03,6.77661875e-02
2.31096516e+03,1.87169701e+03,7.58307556e-02,3.41185841e+03,5.09082163e-02,2.09146231e+03,6.76193535e-02
2.31826470e+03,1.87764796e+03,7.56962194e-02,3.42248488e+03,5.08244725e-02,2.09852183e+03,6.74730221e-02
2.32558728e+03,1.88361778e+03,7.55620992e-02,3.43314462e+03,5.07409773e-02,2.10560471e+03,6.73271914e-02
2.33293300e+03,1.88960652e+03,7.54283935e-02,3.44383773e+03,5.06577297e-02,2.11271103e+03,6.71818595e-02
2.34030192e+03,1.89561425e+03,7.52951009e-02,3.45456433e+03,5.05747289e-02,2.11984085e+03,6.70370244e-02
2.34769412e+03,1.90164102e+03,7.51622198e-02,3.46532452e+03,5.04919741e-02,2.12699426e+03,6.68926844e-02
2.35510967e+03,1.90768689e+03,7.50297487e-02,3.47611840e+03,5.04094645e-02,2.13417133e+03,6.67488373e-02
2.36254864e+03,1.91375193e+03,7.48976864e-02,3.48694608e+03,5.03271992e-02,2.14137213e+03,6.66054814e-02
2.37001110e+03,1.91983619e+03,7.47660312e-02,3.49780767e+03,5.02451774e-02,2.14859674e+03,6.64626147e-02
2.37749714e+03,1.92593974e+03,7.46347818e-02,3.50870327e+03,5.01633983e-02,2.15584524e+03,6.63202353e-02
2.38500682e+03,1.93206263e+03,7.45039366e-02,3.51963299e+03,5.00818610e-02,2.16311770e+03,6.61783414e-02
2.39254023e+03,1.93820493e+03,7.43734944e-02,3.53059694e+03,5.00005646e-02,2.17041421e+03,6.60369311e-02
2.40009743e+03,1.94436670e+03,7.42434535e-02,3.54159522e+03,4.99195085e-02,2.17773483e+03,6.58960024e-02
2.40767850e+03,1.95054801e+03,7.41138127e-02,3.55262795e+03,4.98386917e-02,2.18507965e+03,6.57555536e-02
2.41528351e+03,1.95674890e+03,7.39845704e-02,3.56369523e+03,4.97581134e-02,2.19244874e+03,6.56155828e-02
2.42291255e+03,1.96296945e+03,7.38557252e-02,3.57479717e+03,4.96777728e-02,2.19984218e+03,6.54760881e-02
2.43056569e+03,1.96920971e+03,7.37272758e-02,3.58593388e+03,4.95976691e-02,2.20726006e+03,6.53370677e-02
2.43824299e+03,1.97546975e+03,7.35992206e-02,3.59710547e+03,4.95178015e-02,2.21470244e+03,6.51985197e-02
2.44594455e+03,1.98174964e+03,7.34715584e-02,3.60831205e+03,4.94381691e-02,2.22216940e+03,6.50604422e-02
2.45367044e+03,1.98804942e+03,7.33442876e-02,3.61955373e+03,4.93587712e-02,2.22966104e+03,6.49228336e-02
2.46142073e+03,1.99436918e+03,7.32174069e-02,3.63083062e+03,4.92796070e-02,2.23717742e+03,6.47856919e-02
2.46919549e+03,2.00070896e+03,7.30909149e-02,3.64214283e+03,4.92006755e-02,2.24471862e+03,6.46490153e-02
2.47699482e+03,2.00706884e+03,7.29648102e-02,3.65349047e+03,4.91219761e-02,2.25228472e+03,6.45128020e-02
2.48481878e+03,2.01344887e+03,7.28390914e-02,3.66487366e+03,4.90435079e-02,2.25987581e+03,6.43770502e-02
2.49266746e+03,2.01984913e+03,7.27137570e-02,3.67629251e+03,4.89652701e-02,2.26749196e+03,6.42417581e-02
2.50054092e+03,2.02626967e+03,7.25888058e-02,3.68774712e+03,4.88872620e-02,2.27513326e+03,6.41069240e-02
2.50843926e+03,2.03271056e+03,7.24642363e-02,3.69923761e+03,4.88094826e-02,2.28279978e+03,6.39725459e-02
2.51636254e+03,2.03917186e+03,7.23400472e-02,3.71076410e+03,4.87319313e-02,2.29049161e+03,6.38386223e-02
2.52431086e+03,2.04565364e+03,7.22162371e-02,3.72232669e+03,4.86546073e-02,2.29820882e+03,6.37051512e-02
2.53228427e+03,2.05215596e+03,7.20928046e-02,3.73392551e+03,4.85775096e-02,2.30595150e+03,6.35721308e-02
2.54028287e+03,2.05867889e+03,7.19697483e-02,3.74556066e+03,4.85006377e-02,2.31371974e+03,6.34395596e-02
2.54830674e+03,2.06522249e+03,7.18470669e-02,3.75723226e+03,4.84239906e-02,2.32151360e+03,6.33074356e-02
2.55635595e+03,2.07178683e+03,7.17247591e-02,3.76894043e+03,4.83475676e-02,2.32933318e+03,6.31757572e-02
2.56443059e+03,2.07837197e+03,7.16028235e-02,3.78068528e+03,4.82713679e-02,2.33717856e+03,6.30445225e-02
2.57253073e+03,2.08497799e+03,7.14812586e-02,3.79246692e+03,4.81953907e-02,2.34504981e+03,6.29137299e-02
2.58065646e+03,2.09160493e+03,7.13600633e-02,3.80428547e+03,4.81196352e-02,2.35294703e+03,6.27833777e-02
2.58880785e+03,2.09825288e+03,7.12392362e-02,3.81614105e+03,4.80441007e-02,2.36087029e+03,6.26534640e-02
2.59698499e+03,2.10492190e+03,7.11187758e-02,3.82803377e+03,4.79687865e-02,2.36881968e+03,6.25239872e-02
2.60518796e+03,2.11161205e+03,7.09986809e-02,3.83996376e+03,4.78936916e-02,2.37679529e+03,6.23949456e-02
2.61341684e+03,2.11832340e+03,7.08789502e-02,3.85193112e+03,4.78188153e-02,2.38479719e+03,6.22663374e-02
2.62167171e+03,2.12505602e+03,7.07595823e-02,3.86393598e+03,4.77441570e-02,2.39282547e+03,6.21381610e-02
2.62995265e+03,2.13180997e+03,7.06405759e-02,3.87597845e+03,4.76697158e-02,2.40088022e+03,6.20104146e-02
2.63825976e+03,2.13858533e+03,7.05219297e-02,3.88805866e+03,4.75954909e-02,2.40896152e+03,6.18830966e-02
2.64659310e+03,2.14538216e+03,7.04036424e-02,3.90017672e+03,4.75214816e-02,2.41706946e+03,6.17562053e-02
2.65495276e+03,2.15220053e+03,7.02857126e-02,3.91233275e+03,4.74476871e-02,2.42520412e+03,6.16297390e-02
2.66333883e+03,2.15904050e+03,7.01681391e-02,3.92452686e+03,4.73741067e-02,2.43336558e+03,6.15036960e-02
2.67175139e+03,2.16590215e+03,7.00509205e-02,3.93675920e+03,4.73007396e-02,2.44155394e+03,6.13780746e-02
2.68019052e+03,2.17278554e+03,6.99340556e-02,3.94902986e+03,4.72275850e-02,2.44976927e+03,6.12528733e-02
2.68865631e+03,2.17969075e+03,6.98175431e-02,3.96133897e+03,4.71546422e-02,2.45801168e+03,6.11280903e-02
2.69714883e+03,2.18661784e+03,6.97013816e-02,3.97368665e+03,4.70819105e-02,2.46628123e+03,6.10037240e-02
2.70566818e+03,2.19356687e+03,6.95855699e-02,3.98607303e+03,4.70093892e-02,2.47457803e+03,6.08797728e-02
2.71421444e+03,2.20053793e+03,6.94701068e-02,3.99849823e+03,4.69370773e-02,2.48290215e+03,6.07562350e-02
2.72278770e+03,2.20753107e+03,6.93549908e-02,4.01096236e+03,4.68649743e-02,2.49125368e+03,6.06331089e-02
2.73138804e+03,2.21454638e+03,6.92402208e-02,4.02346556e+03,4.67930793e-02,2.49963272e+03,6.05103931e-02
2.74001554e+03,2.22158391e+03,6.91257955e-02,4.03600794e+03,4.67213917e-02,2.50803935e+03,6.03880857e-02
2.74867029e+03,2.22864374e+03,6.90117136e-02,4.04858963e+03,4.66499107e-02,2.51647366e+03,6.02661853e-02
2.75735238e+03,2.23572595e+03,6.88979738e-02,4.06121074e+03,4.65786355e-02,2.52493573e+03,6.01446902e-02
2.76606189e+03,2.24283059e+03,6.87845749e-02,4.07387142e+03,4.65075655e-02,2.53342566e+03,6.00235988e-02
2.77479892e+03,2.24995775e+03,6.86715157e-02,4.08657177e+03,4.64366998e-02,2.54194354e+03,5.99029095e-02
2.78356354e+03,2.25710749e+03,6.85587948e-02,4.09931193e+03,4.63660378e-02,2.55048945e+03,5.97826207e-02
2.79235584e+03,2.26427988e+03,6.84464111e-02,4.11209202e+03,4.62955787e-02,2.55906349e+03,5.96627308e-02
2.80117592e+03,2.27147500e+03,6.83343632e-02,4.12491217e+03,4.62253219e-02,2.56766574e+03,5.95432383e-02
2.81002386e+03,2.27869292e+03,6.82226500e-02,4.13777250e+03,4.61552665e-02,2.57629630e+03,5.94241416e-02
2.81889974e+03,2.28593370e+03,6.81112702e-02,4.15067314e+03,4.60854119e-02,2.58495526e+03,5.93054391e-02
2.82780366e+03,2.29319743e+03,6.80002226e-02,4.16361421e+03,4.60157573e-02,2.59364270e+03,5.91871292e-02
2.83673571e+03,2.30048418e+03,6.78895059e-02,4.17659585e+03,4.59463021e-02,2.60235872e+03,5.90692104e-02
2.84569597e+03,2.30779401e+03,6.77791190e-02,4.18961818e+03,4.58770454e-02,2.61110342e+03,5.89516811e-02
2.85468453e+03,2.31512700e+03,6.76690605e-02,4.20268133e+03,4.58079866e-02,2.61987687e+03,5.88345398e-02
2.86370148e+03,2.32248322e+03,6.75593294e-02,4.21578543e+03,4.57391251e-02,2.62867918e+03,5.87177850e-02
2.87274691e+03,2.32986276e+03,6.74499242e-02,4.22893060e+03,4.56704600e-02,2.63751044e+03,5.86014151e-02
2.88182092e+03,2.33726567e+03,6.73408440e-02,4.24211698e+03,4.56019906e-02,2.64637073e+03,5.84854285e-02
2.89092358e+03,2.34469536e+03,6.72320390e-02,4.25533615e+03,4.55337603e-02,2.65526381e+03,5.83697764e-02
2.90005500e+03,2.35214523e+03,6.71236055e-02,4.26860540e+03,4.54656798e-02,2.66418243e+03,5.82545529e-02
2.90921526e+03,2.35961871e+03,6.70154932e-02,4.28191624e+03,4.53977929e-02,2.67313036e+03,5.81397082e-02
2.91840446e+03,2.36711586e+03,6.69077010e-02,4.29526882e+03,4.53300990e-02,2.68210770e+03,5.80252407e-02
2.92762268e+03,2.37463677e+03,6.68002276e-02,4.30866325e+03,4.52625973e-02,2.69111456e+03,5.79111491e-02
2.93687002e+03,2.38218151e+03,6.66930719e-02,4.32209967e+03,4.51952873e-02,2.70015101e+03,5.77974317e-02
2.94614656e+03,2.38975015e+03,6.65862327e-02,4.33557822e+03,4.51281680e-02,2.70921717e+03,5.76840872e-02
2.95545241e+03,2.39734277e+03,6.64797087e-02,4.34909902e+03,4.50612390e-02,2.71831312e+03,5.75711140e-02
2.96478765e+03,2.40495944e+03,6.63734989e-02,4.36266221e+03,4.49944994e-02,2.72743895e+03,5.74585105e-02
2.97415238e+03,2.41260025e+03,6.62676020e-02,4.37626793e+03,4.49279487e-02,2.73659477e+03,5.73462755e-02
2.98354669e+03,2.42026526e+03,6.61620169e-02,4.38991630e+03,4.48615860e-02,2.74578067e+03,5.72344073e-02
2.99297068e+03,2.42795456e+03,6.60567425e-02,4.40360746e+03,4.47954108e-02,2.75499675e+03,5.71229046e-02
3.00242443e+03,2.43566821e+03,6.59517774e-02,4.41734155e+03,4.47294223e-02,2.76424309e+03,5.70117658e-02
3.01190804e+03,2.44340631e+03,6.58471207e-02,4.43111870e+03,4.46636199e-02,2.77351981e+03,5.69009895e-02
3.02142160e+03,2.45116892e+03,6.57427711e-02,4.44493905e+03,4.45980029e-02,2.78282700e+03,5.67905743e-02
3.03096522e+03,2.45895612e+03,6.56387275e-02,4.45880273e+03,4.45325706e-02,2.79216475e+03,5.66805187e-02
3.04053898e+03,2.46676799e+03,6.55349887e-02,4.47270987e+03,4.44673223e-02,2.80153316e+03,5.65708213e-02
3.05014298e+03,2.47460461e+03,6.54315536e-02,4.48666063e+03,4.44022574e-02,2.81093234e+03,5.64614806e-02
3.05977732e+03,2.48246606e+03,6.53284210e-02,4.50065513e+03,4.43373752e-02,2.82036237e+03,5.63524952e-02
3.06944209e+03,2.49035241e+03,6.52255899e-02,4.51469351e+03,4.42726750e-02,2.82982337e+03,5.62438637e-02
3.07913738e+03,2.49826374e+03,6.51230591e-02,4.52877591e+03,4.42081562e-02,2.83931542e+03,5.61355847e-02
3.08886330e+03,2.50620014e+03,6.50208274e-02,4.54290247e+03,4.41438181e-02,2.84883862e+03,5.60276568e-02
3.09861994e+03,2.51416168e+03,6.49188937e-02,4.55707332e+03,4.40796600e-02,2.85839309e+03,5.59200785e-02
3.10840740e+03,2.52214844e+03,6.48172570e-02,4.57128862e+03,4.40156812e-02,2.86797891e+03,5.58128484e-02
3.11822578e+03,2.53016050e+03,6.47159160e-02,4.58554849e+03,4.39518812e-02,2.87759618e+03,5.57059652e-02
3.12807516e+03,2.53819795e+03,6.46148697e-02,4.59985308e+03,4.38882593e-02,2.88724502e+03,5.55994275e-02
3.13795566e+03,2.54626085e+03,6.45141170e-02,4.61420252e+03,4.38248147e-02,2.89692551e+03,5.54932339e-02
3.14786737e+03,2.55434930e+03,6.44136567e-02,4.62859697e+03,4.37615469e-02,2.90663777e+03,5.53873830e-02
3.15781038e+03,2.56246337e+03,6.43134878e-02,4.64303656e+03,4.36984552e-02,2.91638189e+03,5.52818734e-02
3.16778480e+03,2.57060314e+03,6.42136091e-02,4.65752143e+03,4.36355389e-02,2.92615797e+03,5.51767037e-02
3.17779073e+03,2.57876870e+03,6.41140196e-02,4.67205173e+03,4.35727975e-02,2.93596612e+03,5.50718727e-02
3.18782826e+03,2.58696012e+03,6.40147181e-02,4.68662760e+03,4.35102302e-02,2.94580643e+03,5.49673788e-02
3.19789750e+03,2.59517750e+03,6.39157036e-02,4.70124918e+03,4.34478364e-02,2.95567902e+03,5.48632209e-02
3.20799854e+03,2.60342090e+03,6.38169750e-02,4.71591662e+03,4.33856155e-02,2.96558399e+03,5.47593974e-02
3.21813148e+03,2.61169041e+03,6.37185312e-02,4.73063006e+03,4.33235668e-02,2.97552143e+03,5.46559072e-02
3.22829644e+03,2.61998612e+03,6.36203711e-02,4.74538965e+03,4.32616897e-02,2.98549146e+03,5.45527488e-02
3.23849350e+03,2.62830811e+03,6.35224936e-02,4.76019552e+03,4.31999836e-02,2.99549417e+03,5.44499208e-02
3.24872277e+03,2.63665646e+03,6.34248977e-02,4.77504784e+03,4.31384478e-02,3.00552968e+03,5.43474221e-02
3.25898435e+03,2.64503126e+03,6.33275824e-02,4.78994674e+03,4.30770817e-02,3.01559808e+03,5.42452512e-02
3.26927835e+03,2.65343258e+03,6.32305464e-02,4.80489237e+03,4.30158847e-02,3.02569949e+03,5.41434069e-02
3.27960485e+03,2.66186051e+03,6.31337889e-02,4.81988488e+03,4.29548561e-02,3.03583401e+03,5.40418877e-02
3.28996398e+03,2.67031514e+03,6.30373086e-02,4.83492442e+03,4.28939954e-02,3.04600173e+03,5.39406925e-02
3.30035583e+03,2.67879655e+03,6.29411047e-02,4.85001113e+03,4.28333018e-02,3.05620278e+03,5.38398199e-02
3.31078050e+03,2.68730483e+03,6.28451759e-02,4.86514516e+03,4.27727748e-02,3.06643726e+03,5.37392685e-02
3.32123810e+03,2.69584005e+03,6.27495213e-02,4.88032667e+03,4.27124138e-02,3.07670527e+03,5.36390372e-02
3.33172873e+03,2.70440231e+03,6.26541399e-02,4.89555579e+03,4.26522180e-02,3.08700692e+03,5.35391246e-02
3.34225250e+03,2.71299170e+03,6.25590305e-02,4.91083269e+03,4.25921870e-02,3.09734232e+03,5.34395294e-02
3.35280951e+03,2.72160828e+03,6.24641921e-02,4.92615751e+03,4.25323201e-02,3.10771158e+03,5.33402504e-02
3.36339986e+03,2.73025216e+03,6.23696238e-02,4.94153040e+03,4.24726167e-02,3.11811481e+03,5.32412863e-02
3.37402367e+03,2.73892342e+03,6.22753245e-02,4.95695151e+03,4.24130762e-02,3.12855210e+03,5.31426357e-02
3.38468103e+03,2.74762215e+03,6.21812931e-02,4.97242100e+03,4.23536980e-02,3.13902359e+03,5.30442975e-02
3.39537206e+03,2.75634843e+03,6.20875286e-02,4.98793902e+03,4.22944814e-02,3.14952936e+03,5.29462704e-02
3.40609685e+03,2.76510234e+03,6.19940301e-02,5.00350573e+03,4.22354258e-02,3.16006954e+03,5.28485532e-02
3.41685553e+03,2.77388399e+03,6.19007965e-02,5.01912126e+03,4.21765308e-02,3.17064423e+03,5.27511445e-02
3.42764818e+03,2.78269344e+03,6.18078267e-02,5.03478579e+03,4.21177956e-02,3.18125354e+03,5.26540431e-02
3.43847492e+03,2.79153080e+03,6.17151198e-02,5.05049946e+03,4.20592196e-02,3.19189759e+03,5.25572478e-02
3.44933587e+03,2.80039615e+03,6.16226748e-02,5.06626242e+03,4.20008023e-02,3.20257648e+03,5.24607574e-02
3.46023111e+03,2.80928958e+03,6.15304907e-02,5.08207484e+03,4.19425431e-02,3.21329033e+03,5.23645706e-02
3.47116078e+03,2.81821118e+03,6.14385664e-02,5.09793687e+03,4.18844414e-02,3.22403924e+03,5.22686862e-02
3.48212496e+03,2.82716103e+03,6.13469010e-02,5.11384867e+03,4.18264965e-02,3.23482334e+03,5.21731030e-02
3.49312378e+03,2.83613923e+03,6.12554935e-02,5.12981038e+03,4.17687080e-02,3.24564273e+03,5.20778197e-02
3.50415734e+03,2.84514587e+03,6.11643429e-02,5.14582218e+03,4.17110751e-02,3.25649753e+03,5.19828352e-02
3.51522575e+03,2.85418103e+03,6.10734482e-02,5.16188421e+03,4.16535974e-02,3.26738785e+03,5.18881482e-02
3.52632912e+03,2.86324481e+03,6.09828084e-02,5.17799664e+03,4.15962742e-02,3.27831380e+03,5.17937575e-02
3.53746756e+03,2.87233730e+03,6.08924225e-02,5.19415962e+03,4.15391049e-02,3.28927549e+03,5.16996620e-02
3.54864118e+03,2.88145858e+03,6.08022897e-02,5.21037332e+03,4.14820891e-02,3.30027305e+03,5.16058605e-02
3.55985010e+03,2.89060875e+03,6.07124088e-02,5.22663789e+03,4.14252260e-02,3.31130659e+03,5.15123517e-02
3.57109443e+03,2.89978790e+03,6.06227790e-02,5.24295349e+03,4.13685152e-02,3.32237621e+03,5.14191345e-02
3.58237427e+03,2.90899612e+03,6.05333992e-02,5.25932029e+03,4.13119560e-02,3.33348205e+03,5.13262076e-02
3.59368974e+03,2.91823350e+03,6.04442686e-02,5.27573844e+03,4.12555479e-02,3.34462420e+03,5.12335700e-02
3.60504095e+03,2.92750014e+03,6.03553861e-02,5.29220812e+03,4.11992903e-02,3.35580280e+03,5.11412205e-02
3.61642802e+03,2.93679613e+03,6.02667507e-02,5.30872947e+03,4.11431826e-02,3.36701795e+03,5.10491578e-02
3.62785105e+03,2.94612155e+03,6.01783617e-02,5.32530266e+03,4.10872243e-02,3.37826977e+03,5.09573809e-02
3.63931016e+03,2.95547652e+03,6.00902179e-02,5.34192786e+03,4.10314148e-02,3.38955838e+03,5.08658885e-02
3.65080547e+03,2.96486110e+03,6.00023185e-02,5.35860523e+03,4.09757536e-02,3.40088390e+03,5.07746796e-02
3.66233709e+03,2.97427541e+03,5.99146625e-02,5.37533494e+03,4.09202400e-02,3.41224645e+03,5.06837529e-02
3.67390514e+03,2.98371954e+03,5.98272489e-02,5.39211714e+03,4.08648736e-02,3.42364614e+03,5.05931073e-02
3.68550972e+03,2.99319357e+03,5.97400769e-02,5.40895201e+03,4.08096537e-02,3.43508309e+03,5.05027418e-02
3.69715096e+03,3.00269761e+03,5.96531455e-02,5.42583971e+03,4.07545799e-02,3.44655743e+03,5.04126551e-02
3.70882897e+03,3.01223174e+03,5.95664538e-02,5.44278041e+03,4.06996515e-02,3.45806926e+03,5.03228462e-02
3.72054387e+03,3.02179607e+03,5.94800008e-02,5.45977427e+03,4.06448680e-02,3.46961872e+03,5.02333138e-02
3.73229577e+03,3.03139069e+03,5.93937856e-02,5.47682146e+03,4.05902288e-02,3.48120592e+03,5.01440570e-02
3.74408479e+03,3.04101569e+03,5.93078074e-02,5.49392215e+03,4.05357335e-02,3.49283098e+03,5.00550745e-02
3.75591104e+03,3.05067117e+03,5.92220652e-02,5.51107651e+03,4.04813814e-02,3.50449403e+03,4.99663653e-02
3.76777465e+03,3.06035724e+03,5.91365580e-02,5.52828471e+03,4.04271721e-02,3.51619518e+03,4.98779282e-02
3.77967574e+03,3.07007397e+03,5.90512851e-02,5.54554691e+03,4.03731049e-02,3.52793456e+03,4.97897623e-02
3.79161441e+03,3.07982148e+03,5.89662454e-02,5.56286329e+03,4.03191794e-02,3.53971229e+03,4.97018662e-02
3.80359080e+03,3.08959985e+03,5.88814380e-02,5.58023402e+03,4.02653949e-02,3.55152849e+03,4.96142391e-02
3.81560502e+03,3.09940919e+03,5.87968622e-02,5.59765927e+03,4.02117510e-02,3.56338328e+03,4.95268797e-02
3.82765718e+03,3.10924959e+03,5.87125169e-02,5.61513921e+03,4.01582472e-02,3.57527679e+03,4.94397870e-02
3.83974741e+03,3.11912116e+03,5.86284013e-02,5.63267401e+03,4.01048828e-02,3.58720915e+03,4.93529600e-02
3.85187584e+03,3.12902398e+03,5.85445146e-02,5.65026385e+03,4.00516574e-02,3.59918047e+03,4.92663975e-02
3.86404257e+03,3.13895817e+03,5.84608557e-02,5.66790890e+03,3.99985704e-02,3.61119088e+03,4.91800985e-02
3.87624773e+03,3.14892381e+03,5.83774238e-02,5.68560933e+03,3.99456214e-02,3.62324050e+03,4.90940619e-02
3.88849144e+03,3.15892101e+03,5.82942182e-02,5.70336533e+03,3.98928097e-02,3.63532947e+03,4.90082866e-02
3.90077383e+03,3.16894987e+03,5.82112378e-02,5.72117705e+03,3.98401348e-02,3.64745791e+03,4.89227717e-02
3.91309501e+03,3.17901049e+03,5.81284817e-02,5.73904468e+03,3.97875963e-02,3.65962594e+03,4.88375160e-02
3.92545511e+03,3.18910296e+03,5.80459493e-02,5.75696840e+03,3.97351936e-02,3.67183368e+03,4.87525185e-02
3.93785426e+03,3.19922739e+03,5.79636395e-02,5.77494838e+03,3.96829262e-02,3.68408128e+03,4.86677781e-02
3.95029256e+03,3.20938389e+03,5.78815515e-02,5.79298480e+03,3.96307935e-02,3.69636885e+03,4.85832939e-02
3.96277016e+03,3.21957254e+03,5.77996845e-02,5.81107783e+03,3.95787952e-02,3.70869652e+03,4.84990647e-02
3.97528716e+03,3.22979346e+03,5.77180375e-02,5.82922766e+03,3.95269305e-02,3.72106442e+03,4.84150896e-02
3.98784371e+03,3.24004674e+03,5.76366098e-02,5.84743447e+03,3.94751991e-02,3.73347268e+03,4.83313675e-02
4.00043992e+03,3.25033249e+03,5.75554005e-02,5.86569843e+03,3.94236005e-02,3.74592142e+03,4.82478974e-02
4.01307591e+03,3.26065081e+03,5.74744087e-02,5.88401972e+03,3.93721340e-02,3.75841079e+03,4.81646782e-02
4.02575181e+03,3.27100180e+03,5.73936336e-02,5.90239853e+03,3.93207993e-02,3.77094090e+03,4.80817091e-02
4.03846776e+03,3.28138557e+03,5.73130744e-02,5.92083503e+03,3.92695958e-02,3.78351188e+03,4.79989889e-02
4.05122387e+03,3.29180222e+03,5.72327302e-02,5.93932941e+03,3.92185230e-02,3.79612388e+03,4.79165167e-02
4.06402027e+03,3.30225185e+03,5.71526002e-02,5.95788185e+03,3.91675803e-02,3.80877701e+03,4.78342914e-02
4.07685709e+03,3.31273457e+03,5.70726836e-02,5.97649254e+03,3.91167674e-02,3.82147141e+03,4.77523121e-02
4.08973446e+03,3.32325048e+03,5.69929795e-02,5.99516165e+03,3.90660837e-02,3.83420721e+03,4.76705777e-02
4.10265250e+03,3.33379969e+03,5.69134871e-02,6.01388937e+03,3.90155288e-02,3.84698455e+03,4.75890873e-02
4.11561135e+03,3.34438231e+03,5.68342056e-02,6.03267589e+03,3.89651020e-02,3.85980356e+03,4.75078399e-02
4.12861113e+03,3.35499843e+03,5.67551341e-02,6.05152139e+03,3.89148030e-02,3.87266436e+03,4.74268346e-02
4.14165197e+03,3.36564816e+03,5.66762720e-02,6.07042605e+03,3.88646312e-02,3.88556710e+03,4.73460702e-02
4.15473401e+03,3.37633162e+03,5.65976182e-02,6.08939007e+03,3.88145862e-02,3.89851190e+03,4.72655460e-02
4.16785736e+03,3.38704890e+03,5.65191721e-02,6.10841363e+03,3.87646675e-02,3.91149891e+03,4.71852608e-02
4.18102217e+03,3.39780012e+03,5.64409328e-02,6.12749692e+03,3.87148745e-02,3.92452825e+03,4.71052138e-02
4.19422856e+03,3.40858538e+03,5.63628996e-02,6.14664012e+03,3.86652068e-02,3.93760007e+03,4.70254040e-02
4.20747666e+03,3.41940479e+03,5.62850715e-02,6.16584343e+03,3.86156640e-02,3.95071449e+03,4.69458304e-02
4.22076661e+03,3.43025846e+03,5.62074479e-02,6.18510703e+03,3.85662455e-02,3.96387166e+03,4.68664920e-02
4.23409854e+03,3.44114649e+03,5.61300280e-02,6.20443112e+03,3.85169508e-02,3.97707170e+03,4.67873880e-02
4.24747258e+03,3.45206899e+03,5.60528109e-02,6.22381588e+03,3.84677796e-02,3.99031476e+03,4.67085174e-02
4.26088886e+03,3.46302608e+03,5.59757958e-02,6.24326151e+03,3.84187313e-02,4.00360098e+03,4.66298792e-02
4.27434752e+03,3.47401786e+03,5.58989821e-02,6.26276820e+03,3.83698054e-02,4.01693049e+03,4.65514726e-02
4.28784869e+03,3.48504444e+03,5.58223688e-02,6.28233614e+03,3.83210015e-02,4.03030342e+03,4.64732965e-02
4.30139251e+03,3.49610593e+03,5.57459553e-02,6.30196552e+03,3.82723191e-02,4.04371993e+03,4.63953501e-02
4.31497911e+03,3.50720245e+03,5.56697407e-02,6.32165654e+03,3.82237578e-02,4.05718014e+03,4.63176325e-02
4.32860862e+03,3.51833410e+03,5.55937243e-02,6.34140939e+03,3.81753170e-02,4.07068421e+03,4.62401426e-02
4.34228118e+03,3.52950099e+03,5.55179053e-02,6.36122427e+03,3.81269963e-02,4.08423225e+03,4.61628797e-02
4.35599693e+03,3.54070324e+03,5.54422829e-02,6.38110137e+03,3.80787953e-02,4.09782443e+03,4.60858428e-02
4.36975601e+03,3.55194096e+03,5.53668565e-02,6.40104089e+03,3.80307135e-02,4.11146087e+03,4.60090309e-02
4.38355854e+03,3.56321425e+03,5.52916251e-02,6.42104302e+03,3.79827505e-02,4.12514173e+03,4.59324433e-02
4.39740467e+03,3.57452324e+03,5.52165882e-02,6.44110797e+03,3.79349057e-02,4.13886713e+03,4.58560789e-02
4.41129454e+03,3.58586803e+03,5.51417448e-02,6.46123593e+03,3.78871787e-02,4.15263723e+03,4.57799370e-02
4.42522828e+03,3.59724874e+03,5.50670943e-02,6.48142709e+03,3.78395691e-02,4.16645217e+03,4.57040165e-02
4.43920603e+03,3.60866549e+03,5.49926360e-02,6.50168167e+03,3.77920765e-02,4.18031208e+03,4.56283167e-02
4.45322793e+03,3.62011837e+03,5.49183690e-02,6.52199985e+03,3.77447003e-02,4.19421712e+03,4.55528367e-02
4.46729412e+03,3.63160752e+03,5.48442926e-02,6.54238184e+03,3.76974402e-02,4.20816742e+03,4.54775754e-02
4.48140475e+03,3.64313304e+03,5.47704062e-02,6.56282784e+03,3.76502956e-02,4.22216313e+03,4.54025322e-02
4.49555994e+03,3.65469505e+03,5.46967089e-02,6.58333806e+03,3.76032662e-02,4.23620440e+03,4.53277061e-02
4.50975984e+03,3.66629366e+03,5.46232001e-02,6.60391269e+03,3.75563515e-02,4.25029137e+03,4.52530963e-02
4.52400460e+03,3.67792900e+03,5.45498789e-02,6.62455193e+03,3.75095510e-02,4.26442419e+03,4.51787019e-02
4.53829435e+03,3.68960117e+03,5.44767448e-02,6.64525600e+03,3.74628644e-02,4.27860300e+03,4.51045220e-02
4.55262924e+03,3.70131029e+03,5.44037969e-02,6.66602509e+03,3.74162912e-02,4.29282795e+03,4.50305558e-02
4.56700941e+03,3.71305649e+03,5.43310346e-02,6.68685941e+03,3.73698309e-02,4.30709919e+03,4.49568024e-02
4.58143500e+03,3.72483987e+03,5.42584570e-02,6.70775917e+03,3.73234831e-02,4.32141686e+03,4.48832610e-02
4.59590615e+03,3.73666055e+03,5.41860636e-02,6.72872458e+03,3.72772474e-02,4.33578112e+03,4.48099307e-02
4.61042301e+03,3.74851866e+03,5.41138536e-02,6.74975583e+03,3.72311234e-02,4.35019210e+03,4.47368108e-02
4.62498573e+03,3.76041431e+03,5.40418263e-02,6.77085313e+03,3.71851106e-02,4.36464996e+03,4.46639003e-02
4.63959444e+03,3.77234761e+03,5.39699810e-02,6.79201671e+03,3.71392087e-02,4.37915486e+03,4.45911985e-02
4.65424930e+03,3.78431870e+03,5.38983170e-02,6.81324675e+03,3.70934171e-02,4.39370693e+03,4.45187044e-02
4.66895045e+03,3.79632768e+03,5.38268336e-02,6.83454349e+03,3.70477354e-02,4.40830633e+03,4.44464174e-02
4.68369804e+03,3.80837468e+03,5.37555301e-02,6.85590711e+03,3.70021633e-02,4.42295322e+03,4.43743365e-02
4.69849220e+03,3.82045981e+03,5.36844058e-02,6.87733784e+03,3.69567004e-02,4.43764773e+03,4.43024610e-02
4.71333310e+03,3.83258321e+03,5.36134600e-02,6.89883589e+03,3.69113461e-02,4.45239003e+03,4.42307901e-02
4.72822087e+03,3.84474498e+03,5.35426920e-02,6.92040147e+03,3.68661002e-02,4.46718026e+03,4.41593228e-02
4.74315567e+03,3.85694526e+03,5.34721012e-02,6.94203478e+03,3.68209621e-02,4.48201858e+03,4.40880585e-02
4.75813765e+03,3.86918416e+03,5.34016869e-02,6.96373606e+03,3.67759314e-02,4.49690514e+03,4.40169964e-02
4.77316694e+03,3.88146180e+03,5.33314483e-02,6.98550550e+03,3.67310079e-02,4.51184010e+03,4.39461355e-02
4.78824371e+03,3.89377830e+03,5.32613849e-02,7.00734333e+03,3.66861909e-02,4.52682361e+03,4.38754752e-02
4.80336810e+03,3.90613380e+03,5.31914959e-02,7.02924976e+03,3.66414803e-02,4.54185582e+03,4.38050147e-02
4.81854026e+03,3.91852841e+03,5.31217808e-02,7.05122500e+03,3.65968754e-02,4.55693689e+03,4.37347531e-02
4.83376035e+03,3.93096225e+03,5.30522387e-02,7.07326928e+03,3.65523760e-02,4.57206697e+03,4.36646897e-02
4.84902851e+03,3.94343546e+03,5.29828691e-02,7.09538281e+03,3.65079816e-02,4.58724623e+03,4.35948237e-02
4.86434490e+03,3.95594815e+03,5.29136712e-02,7.11756582e+03,3.64636919e-02,4.60247481e+03,4.35251544e-02
4.87970967e+03,3.96850045e+03,5.28446445e-02,7.13981851e+03,3.64195063e-02,4.61775288e+03,4.34556809e-02
4.89512297e+03,3.98109248e+03,5.27757883e-02,7.16214110e+03,3.63754247e-02,4.63308058e+03,4.33864025e-02
4.91058495e+03,3.99372438e+03,5.27071020e-02,7.18453383e+03,3.63314464e-02,4.64845809e+03,4.33173184e-02
4.92609578e+03,4.00639626e+03,5.26385848e-02,7.20699691e+03,3.62875712e-02,4.66388556e+03,4.32484279e-02
4.94165559e+03,4.01910825e+03,5.25702362e-02,7.22953056e+03,3.62437987e-02,4.67936314e+03,4.31797302e-02
4.95726456e+03,4.03186049e+03,5.25020554e-02,7.25213501e+03,3.62001285e-02,4.69489100e+03,4.31112246e-02
4.97292283e+03,4.04465308e+03,5.24340420e-02,7.27481047e+03,3.61565601e-02,4.71046929e+03,4.30429103e-02
4.98863055e+03,4.05748618e+03,5.23661951e-02,7.29755718e+03,3.61130932e-02,4.72609818e+03,4.29747866e-02
5.00438790e+03,4.07035989e+03,5.22985143e-02,7.32037536e+03,3.60697275e-02,4.74177783e+03,4.29068527e-02
5.02019501e+03,4.08327436e+03,5.22309988e-02,7.34326522e+03,3.60264625e-02,4.75750840e+03,4.28391079e-02
5.03605205e+03,4.09622970e+03,5.21636481e-02,7.36622701e+03,3.59832978e-02,4.77329005e+03,4.27715514e-02
5.05195918e+03,4.10922606e+03,5.20964614e-02,7.38926094e+03,3.59402331e-02,4.78912294e+03,4.27041826e-02
5.06791656e+03,4.12226355e+03,5.20294383e-02,7.41236724e+03,3.58972680e-02,4.80500724e+03,4.26370007e-02
5.08392434e+03,4.13534231e+03,5.19625781e-02,7.43554615e+03,3.58544021e-02,4.82094311e+03,4.25700049e-02
5.09998268e+03,4.14846247e+03,5.18958801e-02,7.45879788e+03,3.58116351e-02,4.83693071e+03,4.25031946e-02
5.11609175e+03,4.16162415e+03,5.18293437e-02,7.48212268e+03,3.57689665e-02,4.85297021e+03,4.24365691e-02
5.13225169e+03,4.17482750e+03,5.17629684e-02,7.50552077e+03,3.57263961e-02,4.86906178e+03,4.23701276e-02
5.14846269e+03,4.18807264e+03,5.16967535e-02,7.52899238e+03,3.56839233e-02,4.88520557e+03,4.23038693e-02
5.16472488e+03,4.20135971e+03,5.16306985e-02,7.55253774e+03,3.56415480e-02,4.90140176e+03,4.22377938e-02
5.18103844e+03,4.21469377e+03,5.15647783e-02,7.57614496e+03,3.55992913e-02,4.91765087e+03,4.21718986e-02
5.19740354e+03,4.22806506e+03,5.14990414e-02,7.59983859e+03,3.55571093e-02,4.93395232e+03,4.21061863e-02
5.21382032e+03,4.24147867e+03,5.14334625e-02,7.62360667e+03,3.55150237e-02,4.95030667e+03,4.20406544e-02
5.23028896e+03,4.25493474e+03,5.13680410e-02,7.64744944e+03,3.54730340e-02,4.96671408e+03,4.19753024e-02
5.24680962e+03,4.26843340e+03,5.13027764e-02,7.67136713e+03,3.54311398e-02,4.98317472e+03,4.19101296e-02
5.26338246e+03,4.28197478e+03,5.12376680e-02,7.69535999e+03,3.53893409e-02,4.99968877e+03,4.18451352e-02
5.28000764e+03,4.29555903e+03,5.11727154e-02,7.71942824e+03,3.53476368e-02,5.01625638e+03,4.17803185e-02
5.29668534e+03,4.30918627e+03,5.11079178e-02,7.74357213e+03,3.53060272e-02,5.03287774e+03,4.17156790e-02
5.31341572e+03,4.32285664e+03,5.10432748e-02,7.76779189e+03,3.52645117e-02,5.04955301e+03,4.16512159e-02
5.33019895e+03,4.33657028e+03,5.09787857e-02,7.79208777e+03,3.52230901e-02,5.06628236e+03,4.15869285e-02
5.34703519e+03,4.35032733e+03,5.09144499e-02,7.81646000e+03,3.51817618e-02,5.08306596e+03,4.15228162e-02
5.36392461e+03,4.36412792e+03,5.08502670e-02,7.84090883e+03,3.51405267e-02,5.09990399e+03,4.14588784e-02
5.38086737e+03,4.37797218e+03,5.07862364e-02,7.86543449e+03,3.50993844e-02,5.11679662e+03,4.13951143e-02
5.39786365e+03,4.39186027e+03,5.07223574e-02,7.89003723e+03,3.50583345e-02,5.13374402e+03,4.13315233e-02
5.41491362e+03,4.40579231e+03,5.06586295e-02,7.91471730e+03,3.50173766e-02,5.15074637e+03,4.12681048e-02
5.43201744e+03,4.41976845e+03,5.05950522e-02,7.93947493e+03,3.49765105e-02,5.16780384e+03,4.12048581e-02
5.44917529e+03,4.43378882e+03,5.05316249e-02,7.96431038e+03,3.49357358e-02,5.18491660e+03,4.11417825e-02
5.46638733e+03,4.44785356e+03,5.04683471e-02,7.98922388e+03,3.48950521e-02,5.20208484e+03,4.10788775e-02
5.48365374e+03,4.46196282e+03,5.04052181e-02,8.01421569e+03,3.48544592e-02,5.21930872e+03,4.10161423e-02
5.50097469e+03,4.47611674e+03,5.03422375e-02,8.03928604e+03,3.48139566e-02,5.23658842e+03,4.09535764e-02
5.51835035e+03,4.49031545e+03,5.02794048e-02,8.06443520e+03,3.47735442e-02,5.25392412e+03,4.08911791e-02
5.53578089e+03,4.50455909e+03,5.02167193e-02,8.08966340e+03,3.47332214e-02,5.27131600e+03,4.08289497e-02
5.55326649e+03,4.51884782e+03,5.01541805e-02,8.11497090e+03,3.46929881e-02,5.28876424e+03,4.07668878e-02
5.57080732e+03,4.53318177e+03,5.00917880e-02,8.14035795e+03,3.46528438e-02,5.30626901e+03,4.07049925e-02
5.58840355e+03,4.54756108e+03,5.00295411e-02,8.16582479e+03,3.46127884e-02,5.32383049e+03,4.06432634e-02
5.60605537e+03,4.56198590e+03,4.99674393e-02,8.19137169e+03,3.45728213e-02,5.34144886e+03,4.05816998e-02
5.62376294e+03,4.57645638e+03,4.99054822e-02,8.21699889e+03,3.45329423e-02,5.35912431e+03,4.05203010e-02
5.64152645e+03,4.59097265e+03,4.98436692e-02,8.24270665e+03,3.44931512e-02,5.37685701e+03,4.04590666e-02
5.65934606e+03,4.60553486e+03,4.97819997e-02,8.26849521e+03,3.44534475e-02,5.39464714e+03,4.03979958e-02
5.67722196e+03,4.62014315e+03,4.97204733e-02,8.29436485e+03,3.44138310e-02,5.41249489e+03,4.03370881e-02
5.69515432e+03,4.63479768e+03,4.96590894e-02,8.32031580e+03,3.43743013e-02,5.43040044e+03,4.02763428e-02
5.71314332e+03,4.64949858e+03,4.95978476e-02,8.34634834e+03,3.43348582e-02,5.44836397e+03,4.02157594e-02
5.73118915e+03,4.66424601e+03,4.95367472e-02,8.37246271e+03,3.42955013e-02,5.46638566e+03,4.01553374e-02
5.74929198e+03,4.67904011e+03,4.94757879e-02,8.39865918e+03,3.42562303e-02,5.48446571e+03,4.00950760e-02
5.76745198e+03,4.69388103e+03,4.94149691e-02,8.42493800e+03,3.42170450e-02,5.50260429e+03,4.00349747e-02
5.78566935e+03,4.70876891e+03,4.93542903e-02,8.45129943e+03,3.41779449e-02,5.52080158e+03,3.99750330e-02
5.80394426e+03,4.72370391e+03,4.92937510e-02,8.47774374e+03,3.41389298e-02,5.53905778e+03,3.99152502e-02
5.82227689e+03,4.73868618e+03,4.92333507e-02,8.50427119e+03,3.40999994e-02,5.55737308e+03,3.98556258e-02
5.84066743e+03,4.75371585e+03,4.91730889e-02,8.53088204e+03,3.40611535e-02,5.57574764e+03,3.97961592e-02
5.85911606e+03,4.76879309e+03,4.91129652e-02,8.55757654e+03,3.40223916e-02,5.59418168e+03,3.97368498e-02
5.87762296e+03,4.78391804e+03,4.90529790e-02,8.58435498e+03,3.39837135e-02,5.61267537e+03,3.96776971e-02
5.89618832e+03,4.79909085e+03,4.89931298e-02,8.61121761e+03,3.39451189e-02,5.63122890e+03,3.96187005e-02
5.91481232e+03,4.81431168e+03,4.89334173e-02,8.63816470e+03,3.39066076e-02,5.64984245e+03,3.95598594e-02
5.93349515e+03,4.82958068e+03,4.88738408e-02,8.66519651e+03,3.38681792e-02,5.66851623e+03,3.95011734e-02
5.95223699e+03,4.84489799e+03,4.88143999e-02,8.69231332e+03,3.38298334e-02,5.68725042e+03,3.94426418e-02
5.97103803e+03,4.86026377e+03,4.87550942e-02,8.71951538e+03,3.37915699e-02,5.70604521e+03,3.93842640e-02
5.98989846e+03,4.87567818e+03,4.86959232e-02,8.74680298e+03,3.37533885e-02,5.72490080e+03,3.93260396e-02
6.00881845e+03,4.89114137e+03,4.86368864e-02,8.77417638e+03,3.37152889e-02,5.74381736e+03,3.92679681e-02
6.02779821e+03,4.90665348e+03,4.85779833e-02,8.80163585e+03,3.36772708e-02,5.76279511e+03,3.92100488e-02
6.04683792e+03,4.92221469e+03,4.85192136e-02,8.82918166e+03,3.36393338e-02,5.78183422e+03,3.91522812e-02
6.06593777e+03,4.93782513e+03,4.84605766e-02,8.85681409e+03,3.36014779e-02,5.80093490e+03,3.90946648e-02
6.08509795e+03,4.95348498e+03,4.84020720e-02,8.88453341e+03,3.35637025e-02,5.82009733e+03,3.90371990e-02
6.10431865e+03,4.96919437e+03,4.83436994e-02,8.91233989e+03,3.35260075e-02,5.83932172e+03,3.89798834e-02
6.12360007e+03,4.98495348e+03,4.82854582e-02,8.94023382e+03,3.34883927e-02,5.85860825e+03,3.89227174e-02
6.14294238e+03,5.00076245e+03,4.82273480e-02,8.96821546e+03,3.34508576e-02,5.87795713e+03,3.88657005e-02
6.16234579e+03,5.01662144e+03,4.81693684e-02,8.99628509e+03,3.34134021e-02,5.89736855e+03,3.88088322e-02
6.18181049e+03,5.03253062e+03,4.81115189e-02,9.02444300e+03,3.33760259e-02,5.91684271e+03,3.87521120e-02
6.20133667e+03,5.04849013e+03,4.80537992e-02,9.05268945e+03,3.33387287e-02,5.93637980e+03,3.86955393e-02
6.22092453e+03,5.06450015e+03,4.79962087e-02,9.08102474e+03,3.33015103e-02,5.95598002e+03,3.86391136e-02
6.24057426e+03,5.08056082e+03,4.79387470e-02,9.10944914e+03,3.32643703e-02,5.97564358e+03,3.85828345e-02
6.26028605e+03,5.09667232e+03,4.78814137e-02,9.13796293e+03,3.32273086e-02,5.99537067e+03,3.85267014e-02
6.28006011e+03,5.11283479e+03,4.78242083e-02,9.16656640e+03,3.31903248e-02,6.01516149e+03,3.84707139e-02
6.29989663e+03,5.12904840e+03,4.77671305e-02,9.19525983e+03,3.31534187e-02,6.03501624e+03,3.84148714e-02
6.31979580e+03,5.14531331e+03,4.77101798e-02,9.22404350e+03,3.31165901e-02,6.05493513e+03,3.83591735e-02
6.33975783e+03,5.16162969e+03,4.76533558e-02,9.25291769e+03,3.30798387e-02,6.07491835e+03,3.83036196e-02
6.35978291e+03,5.17799769e+03,4.75966581e-02,9.28188271e+03,3.30431642e-02,6.09496611e+03,3.82482093e-02
6.37987125e+03,5.19441749e+03,4.75400863e-02,9.31093882e+03,3.30065664e-02,6.11507862e+03,3.81929421e-02
6.40002303e+03,5.21088923e+03,4.74836399e-02,9.34008633e+03,3.29700450e-02,6.13525606e+03,3.81378175e-02
6.42023847e+03,5.22741309e+03,4.74273185e-02,9.36932551e+03,3.29335998e-02,6.15549866e+03,3.80828351e-02
6.44051777e+03,5.24398924e+03,4.73711218e-02,9.39865666e+03,3.28972305e-02,6.17580661e+03,3.80279944e-02
6.46086111e+03,5.26061783e+03,4.73150493e-02,9.42808007e+03,3.28609370e-02,6.19618011e+03,3.79732948e-02
6.48126872e+03,5.27729903e+03,4.72591007e-02,9.45759603e+03,3.28247188e-02,6.21661939e+03,3.79187360e-02
6.50174078e+03,5.29403301e+03,4.72032755e-02,9.48720484e+03,3.27885759e-02,6.23712463e+03,3.78643175e-02
6.52227751e+03,5.31081993e+03,4.71475733e-02,9.51690678e+03,3.27525080e-02,6.25769606e+03,3.78100387e-02
6.54287911e+03,5.32765996e+03,4.70919938e-02,9.54670216e+03,3.27165147e-02,6.27833387e+03,3.77558993e-02
6.56354578e+03,5.34455328e+03,4.70365366e-02,9.57659126e+03,3.26805960e-02,6.29903828e+03,3.77018989e-02
6.58427773e+03,5.36150004e+03,4.69812012e-02,9.60657439e+03,3.26447515e-02,6.31980949e+03,3.76480369e-02
6.60507517e+03,5.37850042e+03,4.69259873e-02,9.63665184e+03,3.26089811e-02,6.34064771e+03,3.75943128e-02
6.62593829e+03,5.39555458e+03,4.68708946e-02,9.66682391e+03,3.25732844e-02,6.36155316e+03,3.75407264e-02
6.64686732e+03,5.41266270e+03,4.68159225e-02,9.69709089e+03,3.25376613e-02,6.38252605e+03,3.74872770e-02
6.66786245e+03,5.42982495e+03,4.67610708e-02,9.72745310e+03,3.25021115e-02,6.40356658e+03,3.74339644e-02
6.68892390e+03,5.44704149e+03,4.67063392e-02,9.75791083e+03,3.24666348e-02,6.42467497e+03,3.73807879e-02
6.71005188e+03,5.46431250e+03,4.66517271e-02,9.78846437e+03,3.24312310e-02,6.44585143e+03,3.73277473e-02
6.73124659e+03,5.48163815e+03,4.65972343e-02,9.81911405e+03,3.23958999e-02,6.46709618e+03,3.72748421e-02
6.75250825e+03,5.49901861e+03,4.65428603e-02,9.84986015e+03,3.23606412e-02,6.48840943e+03,3.72220718e-02
6.77383706e+03,5.51645406e+03,4.64886049e-02,9.88070299e+03,3.23254547e-02,6.50979139e+03,3.71694361e-02
6.79523325e+03,5.53394466e+03,4.64344677e-02,9.91164287e+03,3.22903402e-02,6.53124228e+03,3.71169345e-02
6.81669702e+03,5.55149060e+03,4.63804483e-02,9.94268010e+03,3.22552975e-02,6.55276231e+03,3.70645665e-02
6.83822859e+03,5.56909205e+03,4.63265463e-02,9.97381498e+03,3.22203263e-02,6.57435171e+03,3.70123319e-02
6.85982816e+03,5.58674918e+03,4.62727614e-02,1.00050478e+04,3.21854266e-02,6.59601068e+03,3.69602301e-02
6.88149597e+03,5.60446217e+03,4.62190934e-02,1.00363790e+04,3.21505979e-02,6.61773946e+03,3.69082608e-02
6.90323221e+03,5.62223119e+03,4.61655417e-02,1.00678087e+04,3.21158402e-02,6.63953824e+03,3.68564236e-02
6.92503711e+03,5.64005643e+03,4.61121061e-02,1.00993373e+04,3.20811532e-02,6.66140726e+03,3.68047180e-02
6.94691089e+03,5.65793805e+03,4.60587862e-02,1.01309651e+04,3.20465368e-02,6.68334673e+03,3.67531436e-02
6.96885375e+03,5.67587624e+03,4.60055818e-02,1.01626924e+04,3.20119907e-02,6.70535688e+03,3.67017002e-02
6.99086593e+03,5.69387118e+03,4.59524924e-02,1.01945196e+04,3.19775147e-02,6.72743792e+03,3.66503872e-02
7.01294763e+03,5.71192304e+03,4.58995178e-02,1.02264470e+04,3.19431086e-02,6.74959008e+03,3.65992043e-02
7.03509909e+03,5.73003201e+03,4.58466575e-02,1.02584748e+04,3.19087722e-02,6.77181357e+03,3.65481511e-02
7.05732051e+03,5.74819826e+03,4.57939114e-02,1.02906034e+04,3.18745053e-02,6.79410863e+03,3.64972272e-02
7.07961212e+03,5.76642197e+03,4.57412790e-02,1.03228331e+04,3.18403078e-02,6.81647547e+03,3.64464323e-02
7.10197414e+03,5.78470333e+03,4.56887601e-02,1.03551643e+04,3.18061794e-02,6.83891432e+03,3.63957659e-02
7.12440680e+03,5.80304253e+03,4.56363543e-02,1.03875971e+04,3.17721200e-02,6.86142540e+03,3.63452277e-02
7.14691032e+03,5.82143973e+03,4.55840614e-02,1.04201321e+04,3.17381293e-02,6.88400894e+03,3.62948173e-02
7.16948491e+03,5.83989512e+03,4.55318809e-02,1.04527695e+04,3.17042072e-02,6.90666517e+03,3.62445344e-02
7.19213081e+03,5.85840890e+03,4.54798127e-02,1.04855096e+04,3.16703535e-02,6.92939430e+03,3.61943785e-02
7.21484824e+03,5.87698123e+03,4.54278563e-02,1.05183527e+04,3.16365679e-02,6.95219658e+03,3.61443494e-02
7.23763743e+03,5.89561232e+03,4.53760116e-02,1.05512992e+04,3.16028504e-02,6.97507222e+03,3.60944466e-02
7.26049860e+03,5.91430233e+03,4.53242781e-02,1.05843494e+04,3.15692008e-02,6.99802146e+03,3.60446698e-02
7.28343198e+03,5.93305146e+03,4.52726557e-02,1.06175037e+04,3.15356187e-02,7.02104452e+03,3.59950187e-02
7.30643780e+03,5.95185990e+03,4.52211440e-02,1.06507623e+04,3.15021042e-02,7.04414163e+03,3.59454929e-02
7.32951628e+03,5.97072783e+03,4.51697427e-02,1.06841256e+04,3.14686570e-02,7.06731303e+03,3.58960921e-02
7.35266767e+03,5.98965543e+03,4.51184515e-02,1.07175939e+04,3.14352769e-02,7.09055895e+03,3.58468159e-02
7.37589218e+03,6.00864291e+03,4.50672702e-02,1.07511676e+04,3.14019637e-02,7.11387961e+03,3.57976639e-02
7.39919005e+03,6.02769044e+03,4.50161984e-02,1.07848469e+04,3.13687174e-02,7.13727526e+03,3.57486359e-02
7.42256150e+03,6.04679822e+03,4.49652360e-02,1.08186323e+04,3.13355377e-02,7.16074612e+03,3.56997316e-02
7.44600679e+03,6.06596643e+03,4.49143826e-02,1.08525240e+04,3.13024244e-02,7.18429242e+03,3.56509504e-02
7.46952612e+03,6.08519527e+03,4.48636379e-02,1.08865224e+04,3.12693775e-02,7.20791441e+03,3.56022923e-02
7.49311975e+03,6.10448493e+03,4.48130017e-02,1.09206279e+04,3.12363966e-02,7.23161231e+03,3.55537567e-02
7.51678790e+03,6.12383559e+03,4.47624737e-02,1.09548407e+04,3.12034818e-02,7.25538637e+03,3.55053435e-02
7.54053081e+03,6.14324746e+03,4.47120536e-02,1.09891613e+04,3.11706328e-02,7.27923681e+03,3.54570522e-02
7.56434871e+03,6.16272073e+03,4.46617412e-02,1.10235899e+04,3.11378494e-02,7.30316388e+03,3.54088826e-02
7.58824185e+03,6.18225558e+03,4.46115363e-02,1.10581269e+04,3.11051315e-02,7.32716782e+03,3.53608344e-02
7.61221045e+03,6.20185221e+03,4.45614385e-02,1.10927726e+04,3.10724790e-02,7.35124886e+03,3.53129072e-02
7.63625477e+03,6.22151083e+03,4.45114477e-02,1.11275274e+04,3.10398917e-02,7.37540724e+03,3.52651008e-02
7.66037503e+03,6.24123161e+03,4.44615635e-02,1.11623917e+04,3.10073695e-02,7.39964320e+03,3.52174148e-02
7.68457148e+03,6.26101477e+03,4.44117858e-02,1.11973657e+04,3.09749121e-02,7.42395698e+03,3.51698489e-02
7.70884436e+03,6.28086049e+03,4.43621142e-02,1.12324499e+04,3.09425196e-02,7.44834883e+03,3.51224029e-02
7.73319391e+03,6.30076898e+03,4.43125486e-02,1.12676445e+04,3.09101916e-02,7.47281898e+03,3.50750764e-02
7.75762037e+03,6.32074042e+03,4.42630887e-02,1.13029500e+04,3.08779281e-02,7.49736767e+03,3.50278692e-02
7.78212398e+03,6.34077503e+03,4.42137342e-02,1.13383666e+04,3.08457290e-02,7.52199516e+03,3.49807809e-02
7.80670500e+03,6.36087299e+03,4.41644851e-02,1.13738948e+04,3.08135941e-02,7.54670168e+03,3.49338114e-02
7.83136365e+03,6.38103452e+03,4.41153409e-02,1.14095348e+04,3.07815232e-02,7.57148748e+03,3.48869602e-02
7.85610020e+03,6.40125980e+03,4.40663015e-02,1.14452871e+04,3.07495163e-02,7.59635281e+03,3.48402272e-02
7.88091488e+03,6.42154904e+03,4.40173667e-02,1.14811520e+04,3.07175731e-02,7.62129790e+03,3.47936120e-02
7.90580793e+03,6.44190245e+03,4.39685362e-02,1.15171298e+04,3.06856937e-02,7.64632301e+03,3.47471144e-02
7.93077962e+03,6.46232022e+03,4.39198099e-02,1.15532210e+04,3.06538778e-02,7.67142838e+03,3.47007341e-02
7.95583019e+03,6.48280255e+03,4.38711875e-02,1.15894258e+04,3.06221253e-02,7.69661426e+03,3.46544708e-02
7.98095988e+03,6.50334966e+03,4.38226689e-02,1.16257446e+04,3.05904361e-02,7.72188090e+03,3.46083243e-02
8.00616894e+03,6.52396174e+03,4.37742537e-02,1.16621779e+04,3.05588101e-02,7.74722855e+03,3.45622944e-02
8.03145764e+03,6.54463900e+03,4.37259418e-02,1.16987259e+04,3.05272471e-02,7.77265745e+03,3.45163807e-02
8.05682621e+03,6.56538165e+03,4.36777331e-02,1.17353890e+04,3.04957471e-02,7.79816787e+03,3.44705830e-02
8.08227491e+03,6.58618988e+03,4.36296272e-02,1.17721676e+04,3.04643099e-02,7.82376005e+03,3.44249011e-02
8.10780399e+03,6.60706392e+03,4.35816241e-02,1.18090620e+04,3.04329355e-02,7.84943423e+03,3.43793347e-02
8.13341372e+03,6.62800396e+03,4.35337235e-02,1.18460727e+04,3.04016236e-02,7.87519069e+03,3.43338835e-02
8.15910433e+03,6.64901021e+03,4.34859252e-02,1.18832000e+04,3.03703742e-02,7.90102966e+03,3.42885474e-02
8.18487609e+03,6.67008289e+03,4.34382291e-02,1.19204442e+04,3.03391872e-02,7.92695140e+03,3.42433261e-02
8.21072926e+03,6.69122220e+03,4.33906350e-02,1.19578057e+04,3.03080625e-02,7.95295617e+03,3.41982194e-02
8.23666409e+03,6.71242835e+03,4.33431427e-02,1.19952850e+04,3.02769999e-02,7.97904422e+03,3.41532270e-02
8.26268083e+03,6.73370155e+03,4.32957520e-02,1.20328823e+04,3.02459995e-02,8.00521580e+03,3.41083487e-02
8.28877976e+03,6.75504201e+03,4.32484627e-02,1.20705981e+04,3.02150610e-02,8.03147118e+03,3.40635842e-02
8.31496112e+03,6.77644995e+03,4.32012747e-02,1.21084327e+04,3.01841843e-02,8.05781062e+03,3.40189334e-02
8.34122518e+03,6.79792558e+03,4.31541879e-02,1.21463865e+04,3.01533695e-02,8.08423436e+03,3.39743961e-02
8.36757220e+03,6.81946911e+03,4.31072020e-02,1.21844599e+04,3.01226164e-02,8.11074267e+03,3.39299720e-02
8.39400244e+03,6.84108076e+03,4.30603169e-02,1.22226532e+04,3.00919248e-02,8.13733581e+03,3.38856609e-02
8.42051616e+03,6.86276073e+03,4.30135324e-02,1.22609669e+04,3.00612948e-02,8.16401404e+03,3.38414626e-02
8.44711363e+03,6.88450926e+03,4.29668484e-02,1.22994013e+04,3.00307262e-02,8.19077761e+03,3.37973768e-02
8.47379511e+03,6.90632654e+03,4.29202648e-02,1.23379569e+04,3.00002189e-02,8.21762680e+03,3.37534035e-02
8.50056088e+03,6.92821280e+03,4.28737814e-02,1.23766339e+04,2.99697729e-02,8.24456186e+03,3.37095424e-02
8.52741118e+03,6.95016825e+03,4.28273980e-02,1.24154328e+04,2.99393881e-02,8.27158305e+03,3.36657933e-02
8.55434629e+03,6.97219312e+03,4.27811146e-02,1.24543540e+04,2.99090644e-02,8.29869064e+03,3.36221560e-02
8.58136649e+03,6.99428762e+03,4.27349310e-02,1.24933978e+04,2.98788017e-02,8.32588490e+03,3.35786304e-02
8.60847203e+03,7.01645198e+03,4.26888470e-02,1.25325647e+04,2.98486000e-02,8.35316608e+03,3.35352161e-02
8.63566319e+03,7.03868640e+03,4.26428625e-02,1.25718550e+04,2.98184591e-02,8.38053446e+03,3.34919132e-02
8.66294023e+03,7.06099112e+03,4.25969774e-02,1.26112692e+04,2.97883791e-02,8.40799030e+03,3.34487213e-02
8.69030344e+03,7.08336634e+03,4.25511917e-02,1.26508075e+04,2.97583598e-02,8.43553386e+03,3.34056403e-02
8.71775307e+03,7.10581231e+03,4.25055050e-02,1.26904705e+04,2.97284012e-02,8.46316542e+03,3.33626700e-02
8.74528941e+03,7.12832923e+03,4.24599175e-02,1.27302585e+04,2.96985032e-02,8.49088525e+03,3.33198103e-02
8.77291273e+03,7.15091734e+03,4.24144289e-02,1.27701720e+04,2.96686658e-02,8.51869360e+03,3.32770611e-02
8.80062330e+03,7.17357685e+03,4.23690391e-02,1.28102112e+04,2.96388889e-02,8.54659076e+03,3.32344220e-02
8.82842139e+03,7.19630799e+03,4.23237480e-02,1.28503767e+04,2.96091725e-02,8.57457699e+03,3.31918931e-02
8.85630729e+03,7.21911099e+03,4.22785556e-02,1.28906687e+04,2.95795165e-02,8.60265257e+03,3.31494740e-02
8.88428128e+03,7.24198608e+03,4.22334617e-02,1.29310878e+04,2.95499208e-02,8.63081776e+03,3.31071648e-02
8.91234362e+03,7.26493347e+03,4.21884663e-02,1.29716343e+04,2.95203854e-02,8.65907284e+03,3.30649651e-02
8.94049460e+03,7.28795340e+03,4.21435692e-02,1.30123086e+04,2.94909103e-02,8.68741808e+03,3.30228750e-02
8.96873450e+03,7.31104610e+03,4.20987704e-02,1.30531112e+04,2.94614954e-02,8.71585376e+03,3.29808942e-02
8.99706361e+03,7.33421179e+03,4.20540698e-02,1.30940424e+04,2.94321407e-02,8.74438015e+03,3.29390226e-02
9.02548219e+03,7.35745070e+03,4.20094673e-02,1.31351027e+04,2.94028461e-02,8.77299752e+03,3.28972601e-02
9.05399054e+03,7.38076308e+03,4.19649628e-02,1.31762924e+04,2.93736116e-02,8.80170616e+03,3.28556066e-02
9.08258893e+03,7.40414914e+03,4.19205564e-02,1.32176120e+04,2.93444372e-02,8.83050633e+03,3.28140619e-02
9.11127766e+03,7.42760911e+03,4.18762478e-02,1.32590619e+04,2.93153228e-02,8.85939832e+03,3.27726258e-02
9.14005701e+03,7.45114324e+03,4.18320370e-02,1.33006424e+04,2.92862685e-02,8.88838241e+03,3.27312984e-02
9.16892725e+03,7.47475176e+03,4.17879241e-02,1.33423541e+04,2.92572741e-02,8.91745886e+03,3.26900794e-02
9.19788870e+03,7.49843489e+03,4.17439089e-02,1.33841974e+04,2.92283397e-02,8.94662798e+03,3.26489688e-02
9.22694161e+03,7.52219288e+03,4.16999913e-02,1.34261726e+04,2.91994653e-02,8.97589002e+03,3.26079665e-02
9.25608630e+03,7.54602596e+03,4.16561714e-02,1.34682801e+04,2.91706508e-02,9.00524528e+03,3.25670722e-02
9.28532305e+03,7.56993436e+03,4.16124491e-02,1.35105205e+04,2.91418962e-02,9.03469403e+03,3.25262861e-02
9.31465214e+03,7.59391833e+03,4.15688244e-02,1.35528941e+04,2.91132015e-02,9.06423656e+03,3.24856079e-02
9.34407388e+03,7.61797809e+03,4.15252972e-02,1.35954013e+04,2.90845667e-02,9.09387316e+03,3.24450375e-02
9.37358854e+03,7.64211390e+03,4.14818674e-02,1.36380426e+04,2.90559918e-02,9.12360409e+03,3.24045749e-02
9.40319644e+03,7.66632599e+03,4.14385352e-02,1.36808184e+04,2.90274767e-02,9.15342966e+03,3.23642200e-02
9.43289785e+03,7.69061459e+03,4.13953003e-02,1.37237292e+04,2.89990216e-02,9.18335014e+03,3.23239728e-02
9.46269308e+03,7.71497995e+03,4.13521629e-02,1.37667752e+04,2.89706263e-02,9.21336582e+03,3.22838330e-02
9.49258243e+03,7.73942232e+03,4.13091230e-02,1.38099571e+04,2.89422909e-02,9.24347699e+03,3.22438007e-02
9.52256618e+03,7.76394193e+03,4.12661804e-02,1.38532752e+04,2.89140155e-02,9.27368393e+03,3.22038758e-02
9.55264465e+03,7.78853902e+03,4.12233352e-02,1.38967300e+04,2.88857999e-02,9.30398693e+03,3.21640583e-02
9.58281812e+03,7.81321385e+03,4.11805875e-02,1.39403218e+04,2.88576443e-02,9.33438628e+03,3.21243480e-02
9.61308689e+03,7.83796665e+03,4.11379371e-02,1.39840512e+04,2.88295486e-02,9.36488228e+03,3.20847449e-02
9.64345128e+03,7.86279767e+03,4.10953842e-02,1.40279185e+04,2.88015128e-02,9.39547520e+03,3.20452490e-02
9.67391157e+03,7.88770715e+03,4.10529287e-02,1.40719243e+04,2.87735370e-02,9.42616534e+03,3.20058602e-02
9.70446808e+03,7.91269535e+03,4.10105707e-02,1.41160689e+04,2.87456213e-02,9.45695299e+03,3.19665784e-02
9.73512111e+03,7.93776251e+03,4.09683101e-02,1.41603528e+04,2.87177655e-02,9.48783845e+03,3.19274037e-02
9.76587096e+03,7.96290888e+03,4.09261470e-02,1.42047764e+04,2.86899699e-02,9.51882200e+03,3.18883360e-02
9.79671794e+03,7.98813470e+03,4.08840815e-02,1.42493402e+04,2.86622343e-02,9.54990394e+03,3.18493753e-02
9.82766235e+03,8.01344024e+03,4.08421135e-02,1.42940446e+04,2.86345589e-02,9.58108456e+03,3.18105215e-02
9.85870450e+03,8.03882573e+03,4.08002431e-02,1.43388902e+04,2.86069436e-02,9.61236416e+03,3.17717746e-02
9.88984471e+03,8.06429143e+03,4.07584705e-02,1.43838772e+04,2.85793886e-02,9.64374304e+03,3.17331347e-02
9.92108328e+03,8.08983759e+03,4.07167955e-02,1.44290062e+04,2.85518939e-02,9.67522148e+03,3.16946016e-02
9.95242052e+03,8.11546447e+03,4.06752183e-02,1.44742777e+04,2.85244594e-02,9.70679979e+03,3.16561754e-02
9.98385674e+03,8.14117232e+03,4.06337389e-02,1.45196921e+04,2.84970854e-02,9.73847827e+03,3.16178561e-02
1.00153923e+04,8.16696139e+03,4.05923574e-02,1.45652498e+04,2.84697718e-02,9.77025720e+03,3.15796437e-02
1.00470274e+04,8.19283194e+03,4.05510739e-02,1.46109513e+04,2.84425186e-02,9.80213690e+03,3.15415381e-02
1.00787624e+04,8.21878422e+03,4.05098884e-02,1.46567971e+04,2.84153261e-02,9.83411765e+03,3.15035395e-02
1.01105977e+04,8.24481850e+03,4.04688011e-02,1.47027876e+04,2.83881942e-02,9.86619977e+03,3.14656478e-02
1.01425336e+04,8.27093503e+03,4.04278119e-02,1.47489233e+04,2.83611229e-02,9.89838355e+03,3.14278630e-02
1.01745703e+04,8.29713406e+03,4.03869211e-02,1.47952046e+04,2.83341125e-02,9.93066929e+03,3.13901852e-02
1.02067082e+04,8.32341586e+03,4.03461288e-02,1.48416321e+04,2.83071629e-02,9.96305729e+03,3.13526143e-02
1.02389476e+04,8.34978069e+03,4.03054349e-02,1.48882061e+04,2.82802742e-02,9.99554786e+03,3.13151506e-02
1.02712889e+04,8.37622881e+03,4.02648396e-02,1.49349272e+04,2.82534466e-02,1.00281413e+04,3.12777938e-02
1.03037323e+04,8.40276047e+03,4.02243431e-02,1.49817959e+04,2.82266801e-02,1.00608379e+04,3.12405442e-02
1.03362782e+04,8.42937595e+03,4.01839455e-02,1.50288125e+04,2.81999748e-02,1.00936380e+04,3.12034018e-02
1.03689269e+04,8.45607551e+03,4.01436469e-02,1.50759776e+04,2.81733308e-02,1.01265419e+04,3.11663666e-02
1.04016787e+04,8.48285941e+03,4.01034474e-02,1.51232916e+04,2.81467482e-02,1.01595499e+04,3.11294386e-02
1.04345340e+04,8.50972791e+03,4.00633471e-02,1.51707551e+04,2.81202271e-02,1.01926622e+04,3.10926181e-02
1.04674931e+04,8.53668128e+03,4.00233463e-02,1.52183685e+04,2.80937677e-02,1.02258793e+04,3.10559049e-02
1.05005562e+04,8.56371979e+03,3.99834450e-02,1.52661322e+04,2.80673700e-02,1.02592014e+04,3.10192993e-02
1.05337238e+04,8.59084370e+03,3.99436435e-02,1.53140468e+04,2.80410342e-02,1.02926288e+04,3.09828012e-02
1.05669962e+04,8.61805328e+03,3.99039419e-02,1.53621128e+04,2.80147603e-02,1.03261618e+04,3.09464109e-02
1.06003736e+04,8.64534881e+03,3.98643403e-02,1.54103305e+04,2.79885486e-02,1.03598008e+04,3.09101283e-02
1.06338565e+04,8.67273055e+03,3.98248390e-02,1.54587006e+04,2.79623991e-02,1.03935460e+04,3.08739536e-02
1.06674451e+04,8.70019878e+03,3.97854381e-02,1.55072235e+04,2.79363120e-02,1.04273978e+04,3.08378869e-02
1.07011399e+04,8.72775375e+03,3.97461378e-02,1.55558997e+04,2.79102875e-02,1.04613564e+04,3.08019283e-02
1.07349410e+04,8.75539576e+03,3.97069384e-02,1.56047297e+04,2.78843256e-02,1.04954223e+04,3.07660779e-02
1.07688490e+04,8.78312506e+03,3.96678400e-02,1.56537140e+04,2.78584265e-02,1.05295956e+04,3.07303359e-02
1.08028640e+04,8.81094193e+03,3.96288428e-02,1.57028530e+04,2.78325904e-02,1.05638768e+04,3.06947024e-02
1.08369865e+04,8.83884666e+03,3.95899471e-02,1.57521473e+04,2.78068175e-02,1.05982660e+04,3.06591775e-02
1.08712167e+04,8.86683951e+03,3.95511531e-02,1.58015974e+04,2.77811079e-02,1.06327638e+04,3.06237614e-02
1.09055551e+04,8.89492076e+03,3.95124610e-02,1.58512037e+04,2.77554617e-02,1.06673702e+04,3.05884542e-02
1.09400019e+04,8.92309069e+03,3.94738711e-02,1.59009668e+04,2.77298792e-02,1.07020858e+04,3.05532561e-02
1.09745576e+04,8.95134957e+03,3.94353836e-02,1.59508872e+04,2.77043605e-02,1.07369107e+04,3.05181672e-02
1.10092224e+04,8.97969769e+03,3.93969988e-02,1.60009654e+04,2.76789059e-02,1.07718453e+04,3.04831878e-02
1.10439967e+04,9.00813533e+03,3.93587170e-02,1.60512018e+04,2.76535155e-02,1.08068900e+04,3.04483180e-02
1.10788808e+04,9.03666276e+03,3.93205384e-02,1.61015970e+04,2.76281895e-02,1.08420450e+04,3.04135580e-02
1.11138751e+04,9.06528027e+03,3.92824633e-02,1.61521516e+04,2.76029281e-02,1.08773106e+04,3.03789080e-02
1.11489800e+04,9.09398815e+03,3.92444920e-02,1.62028659e+04,2.75777316e-02,1.09126873e+04,3.03443682e-02
1.11841957e+04,9.12278666e+03,3.92066249e-02,1.62537406e+04,2.75526000e-02,1.09481752e+04,3.03099389e-02
1.12195227e+04,9.15167610e+03,3.91688622e-02,1.63047761e+04,2.75275338e-02,1.09837748e+04,3.02756202e-02
1.12549612e+04,9.18065676e+03,3.91312042e-02,1.63559729e+04,2.75025331e-02,1.10194862e+04,3.02414123e-02
1.12905117e+04,9.20972892e+03,3.90936513e-02,1.64073317e+04,2.74775981e-02,1.10553100e+04,3.02073156e-02
1.13261745e+04,9.23889286e+03,3.90562039e-02,1.64588528e+04,2.74527290e-02,1.10912463e+04,3.01733302e-02
1.13619500e+04,9.26814888e+03,3.90188622e-02,1.65105369e+04,2.74279262e-02,1.11272956e+04,3.01394564e-02
1.13978384e+04,9.29749726e+03,3.89816266e-02,1.65623844e+04,2.74031899e-02,1.11634580e+04,3.01056945e-02
1.14338402e+04,9.32693829e+03,3.89444976e-02,1.66143959e+04,2.73785203e-02,1.11997340e+04,3.00720447e-02
1.14699557e+04,9.35647226e+03,3.89074754e-02,1.66665719e+04,2.73539177e-02,1.12361239e+04,3.00385074e-02
1.15061853e+04,9.38609947e+03,3.88705606e-02,1.67189129e+04,2.73293824e-02,1.12726280e+04,3.00050827e-02
1.15425293e+04,9.41582020e+03,3.88337534e-02,1.67714195e+04,2.73049147e-02,1.13092466e+04,2.99717711e-02
1.15789881e+04,9.44563475e+03,3.87970543e-02,1.68240921e+04,2.72805148e-02,1.13459800e+04,2.99385729e-02
1.16155621e+04,9.47554342e+03,3.87604637e-02,1.68769314e+04,2.72561831e-02,1.13828287e+04,2.99054883e-02
1.16522516e+04,9.50554649e+03,3.87239821e-02,1.69299379e+04,2.72319198e-02,1.14197928e+04,2.98725176e-02
1.16890570e+04,9.53564427e+03,3.86876100e-02,1.69831120e+04,2.72077253e-02,1.14568727e+04,2.98396613e-02
1.17259787e+04,9.56583704e+03,3.86513477e-02,1.70364544e+04,2.71836000e-02,1.14940688e+04,2.98069197e-02
1.17630169e+04,9.59612511e+03,3.86151957e-02,1.70899656e+04,2.71595440e-02,1.15313814e+04,2.97742931e-02
1.18001722e+04,9.62650878e+03,3.85791546e-02,1.71436461e+04,2.71355579e-02,1.15688108e+04,2.97417819e-02
1.18374448e+04,9.65698834e+03,3.85432249e-02,1.71974965e+04,2.71116418e-02,1.16063573e+04,2.97093866e-02
1.18748352e+04,9.68756410e+03,3.85074070e-02,1.72515174e+04,2.70877963e-02,1.16440213e+04,2.96771074e-02
1.19123436e+04,9.71823635e+03,3.84717015e-02,1.73057092e+04,2.70640216e-02,1.16818031e+04,2.96449449e-02
1.19499706e+04,9.74900540e+03,3.84361089e-02,1.73600725e+04,2.70403182e-02,1.17197030e+04,2.96128994e-02
1.19877164e+04,9.77987155e+03,3.84006299e-02,1.74146079e+04,2.70166864e-02,1.17577213e+04,2.95809714e-02
1.20255814e+04,9.81083511e+03,3.83652649e-02,1.74693160e+04,2.69931266e-02,1.17958585e+04,2.95491614e-02
1.20635660e+04,9.84189637e+03,3.83300146e-02,1.75241973e+04,2.69696392e-02,1.18341147e+04,2.95174697e-02
1.21016706e+04,9.87305565e+03,3.82948796e-02,1.75792523e+04,2.69462247e-02,1.18724904e+04,2.94858969e-02
1.21398955e+04,9.90431325e+03,3.82598604e-02,1.76344816e+04,2.69228835e-02,1.19109858e+04,2.94544435e-02
1.21782412e+04,9.93566948e+03,3.82249578e-02,1.76898858e+04,2.68996160e-02,1.19496013e+04,2.94231100e-02
1.22167080e+04,9.96712464e+03,3.81901724e-02,1.77454655e+04,2.68764227e-02,1.19883373e+04,2.93918969e-02
1.22552963e+04,9.99868765e+03,3.81554955e-02,1.78012007e+04,2.68533126e-02,1.20271896e+04,2.93608082e-02
1.22940065e+04,1.00303415e+04,3.81209467e-02,1.78571332e+04,2.68302689e-02,1.20661675e+04,2.93298375e-02
1.23328390e+04,1.00620953e+04,3.80865172e-02,1.79132429e+04,2.68073009e-02,1.21052668e+04,2.92989888e-02
1.23717942e+04,1.00939492e+04,3.80522077e-02,1.79695303e+04,2.67844091e-02,1.21444878e+04,2.92682628e-02
1.24108723e+04,1.01259036e+04,3.80180190e-02,1.80259961e+04,2.67615939e-02,1.21838310e+04,2.92376601e-02
1.24500739e+04,1.01579588e+04,3.79839519e-02,1.80826407e+04,2.67388559e-02,1.22232965e+04,2.92071813e-02
1.24893994e+04,1.01901151e+04,3.79500072e-02,1.81394648e+04,2.67161956e-02,1.22628848e+04,2.91768271e-02
1.25288490e+04,1.02223729e+04,3.79161856e-02,1.81964690e+04,2.66936137e-02,1.23025962e+04,2.91465981e-02
1.25684233e+04,1.02547324e+04,3.78824880e-02,1.82536538e+04,2.66711107e-02,1.23424310e+04,2.91164950e-02
1.26081226e+04,1.02871940e+04,3.78489154e-02,1.83110198e+04,2.66486872e-02,1.23823895e+04,2.90865185e-02
1.26479472e+04,1.03197580e+04,3.78154686e-02,1.83685677e+04,2.66263438e-02,1.24224721e+04,2.90566694e-02
1.26878977e+04,1.03524247e+04,3.77821485e-02,1.84262979e+04,2.66040812e-02,1.24626791e+04,2.90269484e-02
1.27279743e+04,1.03851944e+04,3.77489561e-02,1.84842112e+04,2.65819000e-02,1.25030108e+04,2.89973563e-02
1.27681775e+04,1.04180674e+04,3.77158923e-02,1.85423081e+04,2.65598008e-02,1.25434676e+04,2.89678939e-02
1.28085077e+04,1.04510441e+04,3.76829582e-02,1.86005891e+04,2.65377845e-02,1.25840498e+04,2.89385620e-02
1.28489654e+04,1.04841249e+04,3.76501549e-02,1.86590550e+04,2.65158516e-02,1.26247577e+04,2.89093615e-02
1.28895508e+04,1.05173099e+04,3.76174833e-02,1.87177063e+04,2.64940030e-02,1.26655916e+04,2.88802932e-02
1.29302643e+04,1.05505996e+04,3.75849446e-02,1.87765436e+04,2.64722393e-02,1.27065520e+04,2.88513582e-02
1.29711065e+04,1.05839942e+04,3.75525399e-02,1.88355675e+04,2.64505614e-02,1.27476390e+04,2.88225572e-02
1.30120777e+04,1.06174942e+04,3.75202704e-02,1.88947787e+04,2.64289701e-02,1.27888530e+04,2.87938914e-02
1.30531783e+04,1.06510998e+04,3.74881374e-02,1.89541776e+04,2.64074662e-02,1.28301944e+04,2.87653616e-02
1.30944088e+04,1.06848113e+04,3.74561420e-02,1.90137651e+04,2.63860505e-02,1.28716635e+04,2.87369691e-02
1.31357694e+04,1.07186291e+04,3.74242856e-02,1.90735416e+04,2.63647240e-02,1.29132606e+04,2.87087147e-02
1.31772608e+04,1.07525535e+04,3.73925694e-02,1.91335078e+04,2.63434875e-02,1.29549861e+04,2.86805997e-02
1.32188831e+04,1.07865848e+04,3.73609950e-02,1.91936643e+04,2.63223420e-02,1.29968402e+04,2.86526251e-02
1.32606370e+04,1.08207235e+04,3.73295637e-02,1.92540118e+04,2.63012885e-02,1.30388232e+04,2.86247922e-02
1.33025227e+04,1.08549697e+04,3.72982770e-02,1.93145508e+04,2.62803280e-02,1.30809356e+04,2.85971023e-02
1.33445407e+04,1.08893239e+04,3.72671363e-02,1.93752820e+04,2.62594615e-02,1.31231776e+04,2.85695566e-02
1.33866914e+04,1.09237863e+04,3.72361434e-02,1.94362061e+04,2.62386901e-02,1.31655496e+04,2.85421564e-02
1.34289753e+04,1.09583574e+04,3.72052999e-02,1.94973236e+04,2.62180149e-02,1.32080517e+04,2.85149031e-02
1.34713928e+04,1.09930374e+04,3.71746073e-02,1.95586353e+04,2.61974371e-02,1.32506845e+04,2.84877981e-02
1.35139442e+04,1.10278267e+04,3.71440676e-02,1.96201417e+04,2.61769579e-02,1.32934482e+04,2.84608429e-02
1.35566300e+04,1.10627256e+04,3.71136825e-02,1.96818435e+04,2.61565785e-02,1.33363430e+04,2.84340392e-02
1.35994507e+04,1.10977345e+04,3.70834539e-02,1.97437413e+04,2.61363003e-02,1.33793694e+04,2.84073884e-02
1.36424066e+04,1.11328537e+04,3.70533838e-02,1.98058358e+04,2.61161245e-02,1.34225276e+04,2.83808922e-02
1.36854982e+04,1.11680835e+04,3.70234743e-02,1.98681276e+04,2.60960526e-02,1.34658179e+04,2.83545524e-02
1.37287259e+04,1.12034243e+04,3.69937275e-02,1.99306175e+04,2.60760859e-02,1.35092406e+04,2.83283707e-02
1.37720902e+04,1.12388765e+04,3.69641455e-02,1.99933060e+04,2.60562261e-02,1.35527961e+04,2.83023492e-02
1.38155914e+04,1.12744403e+04,3.69347308e-02,2.00561938e+04,2.60364747e-02,1.35964846e+04,2.82764896e-02
1.38592300e+04,1.13101162e+04,3.69054857e-02,2.01192816e+04,2.60168333e-02,1.36403064e+04,2.82507942e-02
1.39030065e+04,1.13459044e+04,3.68764128e-02,2.01825701e+04,2.59973037e-02,1.36842618e+04,2.82252649e-02
1.39469213e+04,1.13818053e+04,3.68475147e-02,2.02460599e+04,2.59778876e-02,1.37283511e+04,2.81999041e-02
1.39909747e+04,1.14178192e+04,3.68187941e-02,2.03097517e+04,2.59585869e-02,1.37725746e+04,2.81747142e-02
1.40351673e+04,1.14539466e+04,3.67902539e-02,2.03736462e+04,2.59394036e-02,1.38169326e+04,2.81496975e-02
1.40794995e+04,1.14901877e+04,3.67618971e-02,2.04377440e+04,2.59203397e-02,1.38614253e+04,2.81248567e-02
1.41239717e+04,1.15265429e+04,3.67337269e-02,2.05020459e+04,2.59013974e-02,1.39060530e+04,2.81001944e-02
1.41685844e+04,1.15630126e+04,3.67057467e-02,2.05665525e+04,2.58825788e-02,1.39508159e+04,2.80757135e-02
1.42133380e+04,1.15995971e+04,3.66779599e-02,2.06312645e+04,2.58638865e-02,1.39957144e+04,2.80514171e-02
1.42582330e+04,1.16362967e+04,3.66503702e-02,2.06961827e+04,2.58453228e-02,1.40407487e+04,2.80273082e-02
1.43032698e+04,1.16731118e+04,3.66229816e-02,2.07613078e+04,2.58268905e-02,1.40859190e+04,2.80033902e-02
1.43484488e+04,1.17100428e+04,3.65957980e-02,2.08266403e+04,2.58085922e-02,1.41312256e+04,2.79796667e-02
1.43937706e+04,1.17470900e+04,3.65688239e-02,2.08921812e+04,2.57904311e-02,1.41766686e+04,2.79561413e-02
1.44392355e+04,1.17842537e+04,3.65420639e-02,2.09579310e+04,2.57724101e-02,1.42222484e+04,2.79328181e-02
1.44848440e+04,1.18215343e+04,3.65155229e-02,2.10238906e+04,2.57545326e-02,1.42679651e+04,2.79097012e-02
1.45305965e+04,1.18589322e+04,3.64892060e-02,2.10900605e+04,2.57368021e-02,1.43138189e+04,2.78867952e-02
1.45764936e+04,1.18964478e+04,3.64631189e-02,2.11564417e+04,2.57192224e-02,1.43598100e+04,2.78641048e-02
1.46225357e+04,1.19340812e+04,3.64372675e-02,2.12230347e+04,2.57017975e-02,1.44059386e+04,2.78416352e-02
1.46687232e+04,1.19718331e+04,3.64116581e-02,2.12898405e+04,2.56845317e-02,1.44522048e+04,2.78193920e-02
1.47150565e+04,1.20097036e+04,3.63862977e-02,2.13568596e+04,2.56674297e-02,1.44986088e+04,2.77973809e-02
1.47615363e+04,1.20476931e+04,3.63611937e-02,2.14240930e+04,2.56504965e-02,1.45451506e+04,2.77756085e-02
1.48081628e+04,1.20858020e+04,3.63363539e-02,2.14915413e+04,2.56337374e-02,1.45918305e+04,2.77540816e-02
1.48549366e+04,1.21240306e+04,3.63117872e-02,2.15592054e+04,2.56171584e-02,1.46386484e+04,2.77328079e-02
1.49018582e+04,1.21623793e+04,3.62875030e-02,2.16270860e+04,2.56007658e-02,1.46856043e+04,2.77117955e-02
1.49489279e+04,1.22008485e+04,3.62635118e-02,2.16951840e+04,2.55845668e-02,1.47326984e+04,2.76910534e-02
1.49961464e+04,1.22394384e+04,3.62398249e-02,2.17635002e+04,2.55685689e-02,1.47799305e+04,2.76705916e-02
1.50435140e+04,1.22781495e+04,3.62164552e-02,2.18320354e+04,2.55527809e-02,1.48273006e+04,2.76504212e-02
1.50910312e+04,1.23169820e+04,3.61934167e-02,2.19007905e+04,2.55372123e-02,1.48748086e+04,2.76305545e-02
1.51386985e+04,1.23559363e+04,3.61707254e-02,2.19697663e+04,2.55218737e-02,1.49224542e+04,2.76110053e-02
1.51865164e+04,1.23950128e+04,3.61483993e-02,2.20389638e+04,2.55067775e-02,1.49702371e+04,2.75917892e-02
1.52344853e+04,1.24342118e+04,3.61264590e-02,2.21083839e+04,2.54919374e-02,1.50181571e+04,2.75729244e-02
1.52826057e+04,1.24735335e+04,3.61049285e-02,2.21780276e+04,2.54773697e-02,1.50662136e+04,2.75544316e-02
1.53308781e+04,1.25129784e+04,3.60838359e-02,2.22478959e+04,2.54630932e-02,1.51144060e+04,2.75363352e-02
1.53793030e+04,1.25525467e+04,3.60632147e-02,2.23179898e+04,2.54491307e-02,1.51627334e+04,2.75186647e-02
1.54278808e+04,1.25922387e+04,3.60431058e-02,2.23883106e+04,2.54355097e-02,1.52111947e+04,2.75014557e-02
1.54766121e+04,1.26320546e+04,3.60235606e-02,2.24588594e+04,2.54222648e-02,1.52597885e+04,2.74847529e-02
1.55254973e+04,1.26719947e+04,3.60046459e-02,2.25296379e+04,2.54094409e-02,1.53085128e+04,2.74686148e-02
1.55745370e+04,1.27120647e+04,3.59864501e-02,2.26006339e+04,2.53971018e-02,1.53573644e+04,2.74531208e-02
1.56237315e+04,1.27522527e+04,3.59691128e-02,2.26718789e+04,2.53853328e-02,1.54063390e+04,2.74383881e-02
1.56730814e+04,1.27925648e+04,3.59528541e-02,2.27433607e+04,2.53742867e-02,1.54554292e+04,2.74246115e-02
1.57225872e+04,1.28330000e+04,3.59381598e-02,2.28150855e+04,2.53642910e-02,1.55046187e+04,2.74122152e-02
1.57722494e+04,1.28735442e+04,3.59218228e-02,2.28871099e+04,2.53529106e-02,1.55537395e+04,2.73992876e-02
1.58220684e+04,1.29142073e+04,3.59014372e-02,2.29594022e+04,2.53385228e-02,1.56028683e+04,2.73837386e-02
1.58720448e+04,1.29549987e+04,3.58810631e-02,2.30319230e+04,2.53241432e-02,1.56521523e+04,2.73681983e-02
1.59221790e+04,1.29959191e+04,3.58607006e-02,2.31046728e+04,2.53097717e-02,1.57015920e+04,2.73526668e-02
1.59724716e+04,1.30369686e+04,3.58403496e-02,2.31776524e+04,2.52954084e-02,1.57511879e+04,2.73371442e-02
1.60229231e+04,1.30781479e+04,3.58200102e-02,2.32508625e+04,2.52810533e-02,1.58009404e+04,2.73216304e-02
1.60735339e+04,1.31194572e+04,3.57996824e-02,2.33243039e+04,2.52667063e-02,1.58508500e+04,2.73061253e-02
1.61243046e+04,1.31608970e+04,3.57793661e-02,2.33979772e+04,2.52523674e-02,1.59009173e+04,2.72906291e-02
1.61752357e+04,1.32024676e+04,3.57590613e-02,2.34718832e+04,2.52380367e-02,1.59511428e+04,2.72751417e-02
1.62263276e+04,1.32441696e+04,3.57387680e-02,2.35460227e+04,2.52237141e-02,1.60015269e+04,2.72596630e-02
1.62775809e+04,1.32860033e+04,3.57184863e-02,2.36203964e+04,2.52093997e-02,1.60520701e+04,2.72441932e-02
1.63289961e+04,1.33279692e+04,3.56982160e-02,2.36950050e+04,2.51950933e-02,1.61027730e+04,2.72287321e-02
1.63805737e+04,1.33700676e+04,3.56779573e-02,2.37698492e+04,2.51807951e-02,1.61536360e+04,2.72132798e-02
1.64323142e+04,1.34122990e+04,3.56577100e-02,2.38449299e+04,2.51665050e-02,1.62046597e+04,2.71978362e-02
1.64842181e+04,1.34546637e+04,3.56374743e-02,2.39202477e+04,2.51522230e-02,1.62558446e+04,2.71824015e-02
1.65362860e+04,1.34971623e+04,3.56172500e-02,2.39958034e+04,2.51379491e-02,1.63071911e+04,2.71669755e-02
1.65885184e+04,1.35397951e+04,3.55970372e-02,2.40715978e+04,2.51236833e-02,1.63586999e+04,2.71515582e-02
1.66409157e+04,1.35825626e+04,3.55768359e-02,2.41476315e+04,2.51094256e-02,1.64103713e+04,2.71361497e-02
1.66934786e+04,1.36254652e+04,3.55566460e-02,2.42239055e+04,2.50951760e-02,1.64622059e+04,2.71207499e-02
1.67462074e+04,1.36685033e+04,3.55364677e-02,2.43004203e+04,2.50809345e-02,1.65142043e+04,2.71053589e-02
1.67991029e+04,1.37116773e+04,3.55163007e-02,2.43771769e+04,2.50667011e-02,1.65663669e+04,2.70899766e-02
1.68521654e+04,1.37549877e+04,3.54961452e-02,2.44541759e+04,2.50524757e-02,1.66186943e+04,2.70746030e-02
1.69053955e+04,1.37984349e+04,3.54760011e-02,2.45314181e+04,2.50382585e-02,1.66711869e+04,2.70592382e-02
1.69587937e+04,1.38420194e+04,3.54558685e-02,2.46089043e+04,2.50240493e-02,1.67238454e+04,2.70438821e-02
1.70123606e+04,1.38857415e+04,3.54357473e-02,2.46866352e+04,2.50098481e-02,1.67766702e+04,2.70285347e-02
1.70660967e+04,1.39296017e+04,3.54156375e-02,2.47646117e+04,2.49956550e-02,1.68296618e+04,2.70131960e-02
1.71200026e+04,1.39736004e+04,3.53955391e-02,2.48428344e+04,2.49814700e-02,1.68828208e+04,2.69978660e-02
1.71740787e+04,1.40177381e+04,3.53754522e-02,2.49213043e+04,2.49672930e-02,1.69361478e+04,2.69825447e-02
1.72283256e+04,1.40620153e+04,3.53553766e-02,2.50000220e+04,2.49531241e-02,1.69896431e+04,2.69672321e-02
1.72827439e+04,1.41064323e+04,3.53353124e-02,2.50789883e+04,2.49389632e-02,1.70433075e+04,2.69519282e-02
1.73373340e+04,1.41509896e+04,3.53152596e-02,2.51582041e+04,2.49248103e-02,1.70971414e+04,2.69366330e-02
1.73920966e+04,1.41956876e+04,3.52952182e-02,2.52376701e+04,2.49106655e-02,1.71511453e+04,2.69213465e-02
1.74470322e+04,1.42405268e+04,3.52751882e-02,2.53173871e+04,2.48965287e-02,1.72053197e+04,2.69060686e-02
1.75021413e+04,1.42855077e+04,3.52551695e-02,2.53973558e+04,2.48823999e-02,1.72596653e+04,2.68907994e-02
1.75574244e+04,1.43306306e+04,3.52351622e-02,2.54775772e+04,2.48682791e-02,1.73141826e+04,2.68755389e-02
1.76128822e+04,1.43758961e+04,3.52151662e-02,2.55580520e+04,2.48541664e-02,1.73688721e+04,2.68602870e-02
1.76685151e+04,1.44213045e+04,3.51951816e-02,2.56387810e+04,2.48400616e-02,1.74237343e+04,2.68450438e-02
1.77243238e+04,1.44668564e+04,3.51752084e-02,2.57197649e+04,2.48259649e-02,1.74787698e+04,2.68298092e-02
1.77803088e+04,1.45125521e+04,3.51552464e-02,2.58010047e+04,2.48118762e-02,1.75339791e+04,2.68145833e-02
1.78364705e+04,1.45583922e+04,3.51352958e-02,2.58825010e+04,2.47977954e-02,1.75893628e+04,2.67993660e-02
1.78928097e+04,1.46043771e+04,3.51153566e-02,2.59642548e+04,2.47837227e-02,1.76449215e+04,2.67841574e-02
1.79493269e+04,1.46505072e+04,3.50954286e-02,2.60462669e+04,2.47696579e-02,1.77006556e+04,2.67689574e-02
1.80060225e+04,1.46967831e+04,3.50755119e-02,2.61285379e+04,2.47556011e-02,1.77565658e+04,2.67537660e-02
1.80628973e+04,1.47432051e+04,3.50556066e-02,2.62110688e+04,2.47415523e-02,1.78126526e+04,2.67385832e-02
1.81199516e+04,1.47897737e+04,3.50357125e-02,2.62938605e+04,2.47275115e-02,1.78689165e+04,2.67234091e-02
1.81771863e+04,1.48364894e+04,3.50158298e-02,2.63769136e+04,2.47134786e-02,1.79253582e+04,2.67082435e-02
1.82346016e+04,1.48833527e+04,3.49959583e-02,2.64602291e+04,2.46994537e-02,1.79819782e+04,2.66930866e-02
1.82921984e+04,1.49303641e+04,3.49760981e-02,2.65438077e+04,2.46854368e-02,1.80387770e+04,2.66779383e-02
1.83499770e+04,1.49775239e+04,3.49562491e-02,2.66276503e+04,2.46714278e-02,1.80957552e+04,2.66627986e-02
1.84079382e+04,1.50248326e+04,3.49364115e-02,2.67117578e+04,2.46574268e-02,1.81529133e+04,2.66476674e-02
1.84660825e+04,1.50722908e+04,3.49165850e-02,2.67961309e+04,2.46434337e-02,1.82102520e+04,2.66325449e-02
1.85244104e+04,1.51198989e+04,3.48967699e-02,2.68807705e+04,2.46294485e-02,1.82677719e+04,2.66174309e-02
1.85829225e+04,1.51676574e+04,3.48769660e-02,2.69656775e+04,2.46154713e-02,1.83254734e+04,2.66023255e-02
1.86416195e+04,1.52155668e+04,3.48571733e-02,2.70508526e+04,2.46015020e-02,1.83833572e+04,2.65872287e-02
1.87005019e+04,1.52636274e+04,3.48373918e-02,2.71362968e+04,2.45875407e-02,1.84414238e+04,2.65721404e-02
1.87595702e+04,1.53118399e+04,3.48176216e-02,2.72220109e+04,2.45735872e-02,1.84996738e+04,2.65570607e-02
1.88188251e+04,1.53602046e+04,3.47978626e-02,2.73079957e+04,2.45596417e-02,1.85581078e+04,2.65419896e-02
1.88782672e+04,1.54087222e+04,3.47781148e-02,2.73942522e+04,2.45457041e-02,1.86167264e+04,2.65269270e-02
1.89378971e+04,1.54573929e+04,3.47583782e-02,2.74807811e+04,2.45317744e-02,1.86755301e+04,2.65118730e-02
1.89977153e+04,1.55062175e+04,3.47386529e-02,2.75675832e+04,2.45178527e-02,1.87345196e+04,2.64968275e-02
1.90577225e+04,1.55551962e+04,3.47189387e-02,2.76546596e+04,2.45039388e-02,1.87936954e+04,2.64817906e-02
1.91179192e+04,1.56043296e+04,3.46992357e-02,2.77420110e+04,2.44900328e-02,1.88530581e+04,2.64667621e-02
1.91783060e+04,1.56536182e+04,3.46795439e-02,2.78296384e+04,2.44761347e-02,1.89126084e+04,2.64517423e-02
1.92388836e+04,1.57030626e+04,3.46598632e-02,2.79175425e+04,2.44622445e-02,1.89723467e+04,2.64367309e-02
1.92996525e+04,1.57526631e+04,3.46401937e-02,2.80057242e+04,2.44483622e-02,1.90322737e+04,2.64217280e-02
1.93606133e+04,1.58024202e+04,3.46205354e-02,2.80941846e+04,2.44344877e-02,1.90923900e+04,2.64067337e-02
1.94217668e+04,1.58523346e+04,3.46008883e-02,2.81829243e+04,2.44206212e-02,1.91526962e+04,2.63917479e-02
1.94831133e+04,1.59024065e+04,3.45812523e-02,2.82719443e+04,2.44067625e-02,1.92131929e+04,2.63767706e-02
1.95446537e+04,1.59526367e+04,3.45616274e-02,2.83612455e+04,2.43929116e-02,1.92738807e+04,2.63618018e-02
1.96063884e+04,1.60030255e+04,3.45420137e-02,2.84508288e+04,2.43790686e-02,1.93347601e+04,2.63468414e-02
1.96683182e+04,1.60535735e+04,3.45224111e-02,2.85406950e+04,2.43652335e-02,1.93958319e+04,2.63318896e-02
1.97304435e+04,1.61042811e+04,3.45028196e-02,2.86308451e+04,2.43514062e-02,1.94570965e+04,2.63169462e-02
1.97927651e+04,1.61551489e+04,3.44832393e-02,2.87212799e+04,2.43375868e-02,1.95185547e+04,2.63020114e-02
1.98552835e+04,1.62061774e+04,3.44636700e-02,2.88120004e+04,2.43237752e-02,1.95802070e+04,2.62870850e-02
1.99179995e+04,1.62573670e+04,3.44441119e-02,2.89030075e+04,2.43099715e-02,1.96420541e+04,2.62721671e-02
1.99809135e+04,1.63087184e+04,3.44245649e-02,2.89943020e+04,2.42961756e-02,1.97040965e+04,2.62572576e-02
2.00440262e+04,1.63602319e+04,3.44050289e-02,2.90858849e+04,2.42823875e-02,1.97663348e+04,2.62423566e-02
2.01073383e+04,1.64119082e+04,3.43855041e-02,2.91777570e+04,2.42686072e-02,1.98287698e+04,2.62274641e-02
2.01708503e+04,1.64637477e+04,3.43659903e-02,2.92699194e+04,2.42548348e-02,1.98914019e+04,2.62125800e-02
2.02345630e+04,1.65157509e+04,3.43464876e-02,2.93623728e+04,2.42410702e-02,1.99542319e+04,2.61977044e-02
2.02984769e+04,1.65679184e+04,3.43269960e-02,2.94551183e+04,2.42273134e-02,2.00172604e+04,2.61828372e-02
2.03625927e+04,1.66202507e+04,3.43075154e-02,2.95481568e+04,2.42135644e-02,2.00804879e+04,2.61679784e-02
2.04269111e+04,1.66727483e+04,3.42880459e-02,2.96414891e+04,2.41998232e-02,2.01439152e+04,2.61531281e-02
2.04914325e+04,1.67254116e+04,3.42685874e-02,2.97351162e+04,2.41860898e-02,2.02075428e+04,2.61382862e-02
2.05561578e+04,1.67782414e+04,3.42491400e-02,2.98290390e+04,2.41723642e-02,2.02713713e+04,2.61234527e-02
2.06210875e+04,1.68312380e+04,3.42297036e-02,2.99232586e+04,2.41586464e-02,2.03354015e+04,2.61086276e-02
2.06862224e+04,1.68844020e+04,3.42102782e-02,3.00177757e+04,2.41449363e-02,2.03996340e+04,2.60938110e-02
2.07515629e+04,1.69377339e+04,3.41908639e-02,3.01125914e+04,2.41312341e-02,2.04640693e+04,2.60790027e-02
2.08171099e+04,1.69912343e+04,3.41714606e-02,3.02077065e+04,2.41175396e-02,2.05287081e+04,2.60642029e-02
2.08828638e+04,1.70449037e+04,3.41520683e-02,3.03031221e+04,2.41038529e-02,2.05935512e+04,2.60494115e-02
2.09488255e+04,1.70987426e+04,3.41326870e-02,3.03988391e+04,2.40901740e-02,2.06585990e+04,2.60346284e-02
2.10149955e+04,1.71527516e+04,3.41133167e-02,3.04948584e+04,2.40765028e-02,2.07238523e+04,2.60198538e-02
2.10813746e+04,1.72069311e+04,3.40939574e-02,3.05911811e+04,2.40628394e-02,2.07893117e+04,2.60050875e-02
2.11479633e+04,1.72612818e+04,3.40746091e-02,3.06878079e+04,2.40491837e-02,2.08549779e+04,2.59903296e-02
2.12147623e+04,1.73158042e+04,3.40552717e-02,3.07847400e+04,2.40355358e-02,2.09208515e+04,2.59755801e-02
2.12817723e+04,1.73704987e+04,3.40359454e-02,3.08819782e+04,2.40218956e-02,2.09869331e+04,2.59608390e-02
2.13489940e+04,1.74253661e+04,3.40166300e-02,3.09795236e+04,2.40082632e-02,2.10532235e+04,2.59461062e-02
2.14164281e+04,1.74804067e+04,3.39973255e-02,3.10773771e+04,2.39946385e-02,2.11197233e+04,2.59313818e-02
2.14840751e+04,1.75356212e+04,3.39780320e-02,3.11755397e+04,2.39810216e-02,2.11864332e+04,2.59166657e-02
2.15519358e+04,1.75910101e+04,3.39587495e-02,3.12740124e+04,2.39674123e-02,2.12533537e+04,2.59019580e-02
2.16200108e+04,1.76465740e+04,3.39394779e-02,3.13727960e+04,2.39538108e-02,2.13204856e+04,2.58872586e-02
2.16883009e+04,1.77023134e+04,3.39202172e-02,3.14718918e+04,2.39402170e-02,2.13878296e+04,2.58725676e-02
2.17568066e+04,1.77582288e+04,3.39009675e-02,3.15713005e+04,2.39266310e-02,2.14553863e+04,2.58578849e-02
2.18255288e+04,1.78143208e+04,3.38817287e-02,3.16710232e+04,2.39130526e-02,2.15231564e+04,2.58432106e-02
2.18944680e+04,1.78705901e+04,3.38625008e-02,3.17710609e+04,2.38994819e-02,2.15911405e+04,2.58285446e-02
2.19636250e+04,1.79270370e+04,3.38432839e-02,3.18714146e+04,2.38859190e-02,2.16593394e+04,2.58138869e-02
2.20330004e+04,1.79836623e+04,3.38240778e-02,3.19720853e+04,2.38723637e-02,2.17277537e+04,2.57992375e-02
2.21025950e+04,1.80404664e+04,3.38048826e-02,3.20730739e+04,2.38588162e-02,2.17963841e+04,2.57845964e-02
2.21724094e+04,1.80974499e+04,3.37856984e-02,3.21743816e+04,2.38452763e-02,2.18652312e+04,2.57699637e-02
2.22424443e+04,1.81546134e+04,3.37665250e-02,3.22760092e+04,2.38317441e-02,2.19342959e+04,2.57553392e-02
2.23127004e+04,1.82119575e+04,3.37473625e-02,3.23779578e+04,2.38182196e-02,2.20035786e+04,2.57407230e-02
2.23831784e+04,1.82694827e+04,3.37282109e-02,3.24802285e+04,2.38047027e-02,2.20730803e+04,2.57261152e-02
2.24538791e+04,1.83271897e+04,3.37090701e-02,3.25828222e+04,2.37911936e-02,2.21428014e+04,2.57115156e-02
2.25248030e+04,1.83850789e+04,3.36899402e-02,3.26857400e+04,2.37776921e-02,2.22127428e+04,2.56969243e-02
2.25959510e+04,1.84431509e+04,3.36708212e-02,3.27889828e+04,2.37641982e-02,2.22829051e+04,2.56823413e-02
2.26673238e+04,1.85014064e+04,3.36517130e-02,3.28925518e+04,2.37507120e-02,2.23532890e+04,2.56677666e-02
2.27389219e+04,1.85598459e+04,3.36326156e-02,3.29964479e+04,2.37372335e-02,2.24238953e+04,2.56532001e-02
2.28107462e+04,1.86184699e+04,3.36135291e-02,3.31006721e+04,2.37237626e-02,2.24947245e+04,2.56386419e-02
2.28827974e+04,1.86772792e+04,3.35944534e-02,3.32052256e+04,2.37102994e-02,2.25657775e+04,2.56240920e-02
2.29550762e+04,1.87362742e+04,3.35753886e-02,3.33101093e+04,2.36968438e-02,2.26370549e+04,2.56095503e-02
2.30275833e+04,1.87954555e+04,3.35563345e-02,3.34153243e+04,2.36833958e-02,2.27085575e+04,2.55950169e-02
2.31003194e+04,1.88548238e+04,3.35372913e-02,3.35208717e+04,2.36699555e-02,2.27802859e+04,2.55804918e-02
2.31732852e+04,1.89143796e+04,3.35182589e-02,3.36267524e+04,2.36565228e-02,2.28522408e+04,2.55659748e-02
2.32464815e+04,1.89741236e+04,3.34992373e-02,3.37329676e+04,2.36430977e-02,2.29244231e+04,2.55514661e-02
2.33199090e+04,1.90340562e+04,3.34802265e-02,3.38395182e+04,2.36296803e-02,2.29968333e+04,2.55369657e-02
2.33935685e+04,1.90941781e+04,3.34612264e-02,3.39464055e+04,2.36162704e-02,2.30694723e+04,2.55224734e-02
2.34674606e+04,1.91544900e+04,3.34422372e-02,3.40536303e+04,2.36028682e-02,2.31423407e+04,2.55079894e-02
2.35415861e+04,1.92149923e+04,3.34232587e-02,3.41611938e+04,2.35894736e-02,2.32154393e+04,2.54935137e-02
2.36159458e+04,1.92756858e+04,3.34042910e-02,3.42690971e+04,2.35760865e-02,2.32887688e+04,2.54790461e-02
2.36905403e+04,1.93365709e+04,3.33853341e-02,3.43773412e+04,2.35627071e-02,2.33623299e+04,2.54645867e-02
2.37653704e+04,1.93976484e+04,3.33663879e-02,3.44859273e+04,2.35493353e-02,2.34361233e+04,2.54501356e-02
2.38404370e+04,1.94589188e+04,3.33474525e-02,3.45948563e+04,2.35359710e-02,2.35101498e+04,2.54356926e-02
2.39157406e+04,1.95203827e+04,3.33285278e-02,3.47041293e+04,2.35226143e-02,2.35844102e+04,2.54212579e-02
2.39912821e+04,1.95820408e+04,3.33096139e-02,3.48137476e+04,2.35092653e-02,2.36589051e+04,2.54068313e-02
2.40670621e+04,1.96438936e+04,3.32907107e-02,3.49237120e+04,2.34959238e-02,2.37336353e+04,2.53924129e-02
2.41430816e+04,1.97059418e+04,3.32718182e-02,3.50340239e+04,2.34825898e-02,2.38086016e+04,2.53780027e-02
2.42193412e+04,1.97681860e+04,3.32529364e-02,3.51446841e+04,2.34692634e-02,2.38838047e+04,2.53636007e-02
2.42958416e+04,1.98306268e+04,3.32340654e-02,3.52556939e+04,2.34559446e-02,2.39592453e+04,2.53492069e-02
2.43725837e+04,1.98932649e+04,3.32152050e-02,3.53670543e+04,2.34426334e-02,2.40349242e+04,2.53348212e-02
2.44495682e+04,1.99561007e+04,3.31963554e-02,3.54787665e+04,2.34293297e-02,2.41108421e+04,2.53204437e-02
2.45267958e+04,2.00191351e+04,3.31775165e-02,3.55908315e+04,2.34160336e-02,2.41869998e+04,2.53060743e-02
2.46042674e+04,2.00823686e+04,3.31586882e-02,3.57032506e+04,2.34027450e-02,2.42633981e+04,2.52917131e-02
2.46819837e+04,2.01458018e+04,3.31398707e-02,3.58160247e+04,2.33894639e-02,2.43400377e+04,2.52773601e-02
2.47599455e+04,2.02094353e+04,3.31210638e-02,3.59291550e+04,2.33761904e-02,2.44169194e+04,2.52630152e-02
2.48381535e+04,2.02732699e+04,3.31022676e-02,3.60426426e+04,2.33629244e-02,2.44940439e+04,2.52486784e-02
2.49166085e+04,2.03373060e+04,3.30834821e-02,3.61564888e+04,2.33496659e-02,2.45714121e+04,2.52343498e-02
2.49953114e+04,2.04015445e+04,3.30647072e-02,3.62706945e+04,2.33364150e-02,2.46490246e+04,2.52200293e-02
2.50742629e+04,2.04659858e+04,3.30459430e-02,3.63852610e+04,2.33231716e-02,2.47268822e+04,2.52057169e-02
2.51534637e+04,2.05306308e+04,3.30271894e-02,3.65001893e+04,2.33099357e-02,2.48049858e+04,2.51914127e-02
2.52329147e+04,2.05954798e+04,3.30084465e-02,3.66154806e+04,2.32967073e-02,2.48833361e+04,2.51771166e-02
2.53126167e+04,2.06605338e+04,3.29897142e-02,3.67311362e+04,2.32834864e-02,2.49619339e+04,2.51628285e-02
2.53925704e+04,2.07257932e+04,3.29709925e-02,3.68471570e+04,2.32702730e-02,2.50407799e+04,2.51485486e-02
2.54727767e+04,2.07912587e+04,3.29522815e-02,3.69635443e+04,2.32570671e-02,2.51198750e+04,2.51342768e-02
2.55532363e+04,2.08569311e+04,3.29335810e-02,3.70802992e+04,2.32438688e-02,2.51992199e+04,2.51200131e-02
2.56339500e+04,2.09228108e+04,3.29148912e-02,3.71974230e+04,2.32306779e-02,2.52788155e+04,2.51057575e-02
2.57149187e+04,2.09888987e+04,3.28962120e-02,3.73149166e+04,2.32174944e-02,2.53586624e+04,2.50915100e-02
2.57961432e+04,2.10551953e+04,3.28775434e-02,3.74327814e+04,2.32043185e-02,2.54387616e+04,2.50772706e-02
2.58776242e+04,2.11217013e+04,3.28588854e-02,3.75510185e+04,2.31911501e-02,2.55191137e+04,2.50630392e-02
2.59593626e+04,2.11884174e+04,3.28402380e-02,3.76696291e+04,2.31779891e-02,2.55997197e+04,2.50488159e-02
2.60413592e+04,2.12553442e+04,3.28216012e-02,3.77886143e+04,2.31648356e-02,2.56805803e+04,2.50346007e-02
2.61236147e+04,2.13224824e+04,3.28029749e-02,3.79079753e+04,2.31516895e-02,2.57616963e+04,2.50203936e-02
2.62061301e+04,2.13898327e+04,3.27843592e-02,3.80277134e+04,2.31385510e-02,2.58430685e+04,2.50061945e-02
2.62889061e+04,2.14573957e+04,3.27657541e-02,3.81478297e+04,2.31254198e-02,2.59246977e+04,2.49920035e-02
2.63719436e+04,2.15251721e+04,3.27471595e-02,3.82683253e+04,2.31122961e-02,2.60065848e+04,2.49778206e-02
2.64552434e+04,2.15931626e+04,3.27285755e-02,3.83892016e+04,2.30991799e-02,2.60887305e+04,2.49636456e-02
2.65388062e+04,2.16613679e+04,3.27100021e-02,3.85104597e+04,2.30860711e-02,2.61711357e+04,2.49494788e-02
2.66226331e+04,2.17297886e+04,3.26914391e-02,3.86321008e+04,2.30729698e-02,2.62538012e+04,2.49353199e-02
2.67067247e+04,2.17984254e+04,3.26728867e-02,3.87541261e+04,2.30598759e-02,2.63367278e+04,2.49211691e-02
2.67910819e+04,2.18672790e+04,3.26543449e-02,3.88765369e+04,2.30467894e-02,2.64199163e+04,2.49070264e-02
2.68757056e+04,2.19363501e+04,3.26358135e-02,3.89993343e+04,2.30337103e-02,2.65033676e+04,2.48928916e-02
2.69605965e+04,2.20056394e+04,3.26172927e-02,3.91225196e+04,2.30206387e-02,2.65870825e+04,2.48787649e-02
2.70457556e+04,2.20751475e+04,3.25987824e-02,3.92460940e+04,2.30075745e-02,2.66710618e+04,2.48646462e-02
2.71311837e+04,2.21448752e+04,3.25802826e-02,3.93700587e+04,2.29945177e-02,2.67553064e+04,2.48505355e-02
2.72168817e+04,2.22148231e+04,3.25617933e-02,3.94944149e+04,2.29814683e-02,2.68398171e+04,2.48364329e-02
2.73028503e+04,2.22849920e+04,3.25433144e-02,3.96191640e+04,2.29684263e-02,2.69245947e+04,2.48223382e-02
2.73890905e+04,2.23553825e+04,3.25248461e-02,3.97443071e+04,2.29553917e-02,2.70096401e+04,2.48082515e-02
2.74756031e+04,2.24259954e+04,3.25063883e-02,3.98698455e+04,2.29423646e-02,2.70949541e+04,2.47941728e-02
2.75623889e+04,2.24968313e+04,3.24879409e-02,3.99957804e+04,2.29293448e-02,2.71805376e+04,2.47801021e-02
2.76494489e+04,2.25678909e+04,3.24695040e-02,4.01221131e+04,2.29163324e-02,2.72663914e+04,2.47660394e-02
2.77367838e+04,2.26391750e+04,3.24510775e-02,4.02488449e+04,2.29033273e-02,2.73525164e+04,2.47519847e-02
2.78243946e+04,2.27106842e+04,3.24326616e-02,4.03759769e+04,2.28903297e-02,2.74389135e+04,2.47379379e-02
2.79122822e+04,2.27824194e+04,3.24142560e-02,4.05035106e+04,2.28773394e-02,2.75255834e+04,2.47238992e-02
2.80004473e+04,2.28543811e+04,3.23958609e-02,4.06314470e+04,2.28643565e-02,2.76125271e+04,2.47098683e-02
2.80888910e+04,2.29265701e+04,3.23774763e-02,4.07597876e+04,2.28513810e-02,2.76997455e+04,2.46958455e-02
2.81776140e+04,2.29989871e+04,3.23591021e-02,4.08885335e+04,2.28384129e-02,2.77872393e+04,2.46818306e-02
2.82666172e+04,2.30716329e+04,3.23407383e-02,4.10176861e+04,2.28254521e-02,2.78750095e+04,2.46678237e-02
2.83559016e+04,2.31445081e+04,3.23223849e-02,4.11472467e+04,2.28124986e-02,2.79630569e+04,2.46538247e-02
2.84454680e+04,2.32176136e+04,3.23040419e-02,4.12772165e+04,2.27995525e-02,2.80513824e+04,2.46398336e-02
2.85353173e+04,2.32909499e+04,3.22857094e-02,4.14075968e+04,2.27866138e-02,2.81399870e+04,2.46258505e-02
2.86254504e+04,2.33645179e+04,3.22673873e-02,4.15383889e+04,2.27736824e-02,2.82288714e+04,2.46118753e-02
2.87158682e+04,2.34383182e+04,3.22490755e-02,4.16695942e+04,2.27607583e-02,2.83180365e+04,2.45979081e-02
2.88065716e+04,2.35123517e+04,3.22307742e-02,4.18012139e+04,2.27478416e-02,2.84074833e+04,2.45839488e-02
2.88975615e+04,2.35866190e+04,3.22124832e-02,4.19332493e+04,2.27349322e-02,2.84972126e+04,2.45699974e-02
2.89888388e+04,2.36611209e+04,3.21942026e-02,4.20657018e+04,2.27220301e-02,2.85872254e+04,2.45560539e-02
2.90804045e+04,2.37358581e+04,3.21759324e-02,4.21985727e+04,2.27091354e-02,2.86775224e+04,2.45421184e-02
2.91722593e+04,2.38108314e+04,3.21576726e-02,4.23318633e+04,2.26962479e-02,2.87681047e+04,2.45281907e-02
2.92644043e+04,2.38860415e+04,3.21394231e-02,4.24655748e+04,2.26833678e-02,2.88589731e+04,2.45142710e-02
2.93568403e+04,2.39614892e+04,3.21211840e-02,4.25997088e+04,2.26704950e-02,2.89501286e+04,2.45003591e-02
2.94495683e+04,2.40371752e+04,3.21029552e-02,4.27342664e+04,2.26576295e-02,2.90415719e+04,2.44864552e-02
2.95425892e+04,2.41131002e+04,3.20847368e-02,4.28692490e+04,2.26447713e-02,2.91333041e+04,2.44725591e-02
2.96359040e+04,2.41892651e+04,3.20665287e-02,4.30046580e+04,2.26319204e-02,2.92253260e+04,2.44586709e-02
2.97295134e+04,2.42656705e+04,3.20483309e-02,4.31404947e+04,2.26190768e-02,2.93176386e+04,2.44447906e-02
2.98234186e+04,2.43423173e+04,3.20301435e-02,4.32767605e+04,2.26062404e-02,2.94102428e+04,2.44309182e-02
2.99176204e+04,2.44192062e+04,3.20119664e-02,4.34134566e+04,2.25934114e-02,2.95031395e+04,2.44170537e-02
3.00121197e+04,2.44963379e+04,3.19937996e-02,4.35505846e+04,2.25805896e-02,2.95963296e+04,2.44031970e-02
3.01069175e+04,2.45737133e+04,3.19756431e-02,4.36881457e+04,2.25677751e-02,2.96898141e+04,2.43893482e-02
3.02020147e+04,2.46513331e+04,3.19574969e-02,4.38261413e+04,2.25549679e-02,2.97835939e+04,2.43755072e-02
3.02974124e+04,2.47291980e+04,3.19393610e-02,4.39645728e+04,2.25421680e-02,2.98776698e+04,2.43616741e-02
3.03931113e+04,2.48073089e+04,3.19212355e-02,4.41034415e+04,2.25293753e-02,2.99720430e+04,2.43478489e-02
3.04891125e+04,2.48856666e+04,3.19031201e-02,4.42427489e+04,2.25165899e-02,3.00667142e+04,2.43340315e-02
3.05854170e+04,2.49642717e+04,3.18850151e-02,4.43824963e+04,2.25038117e-02,3.01616844e+04,2.43202219e-02
3.06820256e+04,2.50431251e+04,3.18669204e-02,4.45226851e+04,2.24910408e-02,3.02569547e+04,2.43064202e-02
3.07789395e+04,2.51222276e+04,3.18488359e-02,4.46633167e+04,2.24782771e-02,3.03525258e+04,2.42926263e-02
3.08761594e+04,2.52015800e+04,3.18307617e-02,4.48043925e+04,2.24655207e-02,3.04483989e+04,2.42788402e-02
3.09736864e+04,2.52811830e+04,3.18126977e-02,4.49459140e+04,2.24527715e-02,3.05445747e+04,2.42650620e-02
3.10715215e+04,2.53610374e+04,3.17946440e-02,4.50878824e+04,2.24400296e-02,3.06410544e+04,2.42512915e-02
3.11696655e+04,2.54411441e+04,3.17766006e-02,4.52302993e+04,2.24272949e-02,3.07378388e+04,2.42375289e-02
3.12681196e+04,2.55215037e+04,3.17585673e-02,4.53731660e+04,2.24145674e-02,3.08349289e+04,2.42237741e-02
3.13668847e+04,2.56021173e+04,3.17405444e-02,4.55164840e+04,2.24018471e-02,3.09323256e+04,2.42100271e-02
3.14659617e+04,2.56829854e+04,3.17225316e-02,4.56602547e+04,2.23891341e-02,3.10300301e+04,2.41962879e-02
3.15653517e+04,2.57641090e+04,3.17045291e-02,4.58044795e+04,2.23764282e-02,3.11280431e+04,2.41825566e-02
3.16650557e+04,2.58454888e+04,3.16865367e-02,4.59491599e+04,2.23637296e-02,3.12263657e+04,2.41688330e-02
3.17650745e+04,2.59271257e+04,3.16685546e-02,4.60942972e+04,2.23510382e-02,3.13249989e+04,2.41551171e-02
3.18654093e+04,2.60090204e+04,3.16505827e-02,4.62398930e+04,2.23383540e-02,3.14239436e+04,2.41414091e-02
3.19660610e+04,2.60911739e+04,3.16326210e-02,4.63859487e+04,2.23256769e-02,3.15232009e+04,2.41277089e-02
3.20670306e+04,2.61735868e+04,3.16146695e-02,4.65324657e+04,2.23130071e-02,3.16227717e+04,2.41140164e-02
3.21683192e+04,2.62562600e+04,3.15967282e-02,4.66794455e+04,2.23003445e-02,3.17226570e+04,2.41003317e-02
3.22699277e+04,2.63391944e+04,3.15787970e-02,4.68268896e+04,2.22876890e-02,3.18228578e+04,2.40866547e-02
3.23718571e+04,2.64223907e+04,3.15608761e-02,4.69747994e+04,2.22750408e-02,3.19233751e+04,2.40729856e-02
3.24741085e+04,2.65058498e+04,3.15429653e-02,4.71231764e+04,2.22623997e-02,3.20242099e+04,2.40593241e-02
3.25766829e+04,2.65895725e+04,3.15250646e-02,4.72720221e+04,2.22497658e-02,3.21253632e+04,2.40456705e-02
3.26795813e+04,2.66735597e+04,3.15071742e-02,4.74213379e+04,2.22371390e-02,3.22268360e+04,2.40320246e-02
3.27828046e+04,2.67578122e+04,3.14892938e-02,4.75711253e+04,2.22245195e-02,3.23286293e+04,2.40183864e-02
3.28863541e+04,2.68423307e+04,3.14714237e-02,4.77213859e+04,2.22119070e-02,3.24307442e+04,2.40047559e-02
3.29902306e+04,2.69271163e+04,3.14535636e-02,4.78721211e+04,2.21993018e-02,3.25331816e+04,2.39911332e-02
3.30944352e+04,2.70121697e+04,3.14357137e-02,4.80233324e+04,2.21867037e-02,3.26359425e+04,2.39775183e-02
3.31989690e+04,2.70974917e+04,3.14178740e-02,4.81750214e+04,2.21741127e-02,3.27390281e+04,2.39639110e-02
3.33038329e+04,2.71830832e+04,3.14000443e-02,4.83271894e+04,2.21615289e-02,3.28424393e+04,2.39503115e-02
3.34090281e+04,2.72689451e+04,3.13822248e-02,4.84798382e+04,2.21489523e-02,3.29461771e+04,2.39367197e-02
3.35145556e+04,2.73550781e+04,3.13644154e-02,4.86329691e+04,2.21363827e-02,3.30502425e+04,2.39231356e-02
3.36204164e+04,2.74414833e+04,3.13466161e-02,4.87865836e+04,2.21238203e-02,3.31546367e+04,2.39095592e-02
3.37266115e+04,2.75281613e+04,3.13288269e-02,4.89406834e+04,2.21112651e-02,3.32593606e+04,2.38959906e-02
3.38331421e+04,2.76151132e+04,3.13110478e-02,4.90952699e+04,2.20987169e-02,3.33644153e+04,2.38824296e-02
3.39400092e+04,2.77023397e+04,3.12932787e-02,4.92503448e+04,2.20861759e-02,3.34698019e+04,2.38688763e-02
3.40472138e+04,2.77898417e+04,3.12755198e-02,4.94059094e+04,2.20736420e-02,3.35755213e+04,2.38553307e-02
3.41547571e+04,2.78776201e+04,3.12577709e-02,4.95619654e+04,2.20611152e-02,3.36815747e+04,2.38417928e-02
3.42626401e+04,2.79656758e+04,3.12400321e-02,4.97185144e+04,2.20485955e-02,3.37879630e+04,2.38282626e-02
3.43708638e+04,2.80540096e+04,3.12223034e-02,4.98755578e+04,2.20360829e-02,3.38946874e+04,2.38147401e-02
3.44794293e+04,2.81426224e+04,3.12045848e-02,5.00330973e+04,2.20235775e-02,3.40017489e+04,2.38012252e-02
3.45883378e+04,2.82315152e+04,3.11868762e-02,5.01911344e+04,2.20110791e-02,3.41091485e+04,2.37877180e-02
3.46975903e+04,2.83206887e+04,3.11691776e-02,5.03496707e+04,2.19985878e-02,3.42168874e+04,2.37742185e-02
3.48071879e+04,2.84101438e+04,3.11514891e-02,5.05087077e+04,2.19861036e-02,3.43249666e+04,2.37607266e-02
3.49171316e+04,2.84998815e+04,3.11338106e-02,5.06682471e+04,2.19736265e-02,3.44333872e+04,2.37472424e-02
3.50274227e+04,2.85899027e+04,3.11161422e-02,5.08282904e+04,2.19611564e-02,3.45421502e+04,2.37337658e-02
3.51380621e+04,2.86802082e+04,3.10984838e-02,5.09888392e+04,2.19486935e-02,3.46512568e+04,2.37202969e-02
3.52490509e+04,2.87707990e+04,3.10808354e-02,5.11498951e+04,2.19362376e-02,3.47607081e+04,2.37068357e-02
3.53603904e+04,2.88616759e+04,3.10631970e-02,5.13114598e+04,2.19237888e-02,3.48705050e+04,2.36933820e-02
3.54720815e+04,2.89528399e+04,3.10455687e-02,5.14735348e+04,2.19113470e-02,3.49806488e+04,2.36799360e-02
3.55841254e+04,2.90442918e+04,3.10279503e-02,5.16361217e+04,2.18989123e-02,3.50911404e+04,2.36664977e-02
3.56965233e+04,2.91360326e+04,3.10103419e-02,5.17992222e+04,2.18864847e-02,3.52019811e+04,2.36530669e-02
3.58092761e+04,2.92280631e+04,3.09927436e-02,5.19628379e+04,2.18740641e-02,3.53131718e+04,2.36396438e-02
3.59223851e+04,2.93203844e+04,3.09751552e-02,5.21269703e+04,2.18616506e-02,3.54247138e+04,2.36262283e-02
3.60358514e+04,2.94129972e+04,3.09575768e-02,5.22916212e+04,2.18492441e-02,3.55366081e+04,2.36128204e-02
3.61496761e+04,2.95059026e+04,3.09400084e-02,5.24567922e+04,2.18368447e-02,3.56488559e+04,2.35994201e-02
3.62638603e+04,2.95991015e+04,3.09224499e-02,5.26224849e+04,2.18244523e-02,3.57614582e+04,2.35860275e-02
3.63784052e+04,2.96925947e+04,3.09049014e-02,5.27887010e+04,2.18120669e-02,3.58744161e+04,2.35726424e-02
3.64933118e+04,2.97863832e+04,3.08873629e-02,5.29554420e+04,2.17996885e-02,3.59877309e+04,2.35592649e-02
3.66085815e+04,2.98804680e+04,3.08698343e-02,5.31227098e+04,2.17873172e-02,3.61014036e+04,2.35458950e-02
3.67242152e+04,2.99748500e+04,3.08523157e-02,5.32905059e+04,2.17749529e-02,3.62154353e+04,2.35325328e-02
3.68402142e+04,3.00695301e+04,3.08348070e-02,5.34588320e+04,2.17625956e-02,3.63298272e+04,2.35191780e-02
3.69565796e+04,3.01645092e+04,3.08173082e-02,5.36276898e+04,2.17502453e-02,3.64445805e+04,2.35058309e-02
3.70733125e+04,3.02597884e+04,3.07998194e-02,5.37970809e+04,2.17379021e-02,3.65596962e+04,2.34924913e-02
3.71904141e+04,3.03553685e+04,3.07823405e-02,5.39670071e+04,2.17255658e-02,3.66751755e+04,2.34791594e-02
3.73078857e+04,3.04512505e+04,3.07648715e-02,5.41374701e+04,2.17132366e-02,3.67910196e+04,2.34658349e-02
3.74257283e+04,3.05474354e+04,3.07474125e-02,5.43084714e+04,2.17009143e-02,3.69072295e+04,2.34525181e-02
3.75439431e+04,3.06439241e+04,3.07299633e-02,5.44800129e+04,2.16885990e-02,3.70238066e+04,2.34392088e-02
3.76625313e+04,3.07407175e+04,3.07125240e-02,5.46520963e+04,2.16762907e-02,3.71407519e+04,2.34259070e-02
3.77814941e+04,3.08378167e+04,3.06950947e-02,5.48247232e+04,2.16639894e-02,3.72580665e+04,2.34126128e-02
3.79008326e+04,3.09352226e+04,3.06776752e-02,5.49978953e+04,2.16516951e-02,3.73757518e+04,2.33993262e-02
3.80205481e+04,3.10329362e+04,3.06602656e-02,5.51716145e+04,2.16394078e-02,3.74938087e+04,2.33860470e-02
3.81406418e+04,3.11309584e+04,3.06428659e-02,5.53458824e+04,2.16271274e-02,3.76122386e+04,2.33727755e-02
3.82611147e+04,3.12292902e+04,3.06254761e-02,5.55207007e+04,2.16148540e-02,3.77310425e+04,2.33595114e-02
3.83819682e+04,3.13279327e+04,3.06080961e-02,5.56960712e+04,2.16025876e-02,3.78502217e+04,2.33462549e-02
3.85032035e+04,3.14268867e+04,3.05907261e-02,5.58719956e+04,2.15903281e-02,3.79697773e+04,2.33330059e-02
3.86248217e+04,3.15261532e+04,3.05733658e-02,5.60484758e+04,2.15780756e-02,3.80897106e+04,2.33197644e-02
3.87468240e+04,3.16257333e+04,3.05560154e-02,5.62255133e+04,2.15658301e-02,3.82100227e+04,2.33065304e-02
3.88692117e+04,3.17256280e+04,3.05386749e-02,5.64031101e+04,2.15535915e-02,3.83307148e+04,2.32933040e-02
3.89919859e+04,3.18258382e+04,3.05213442e-02,5.65812678e+04,2.15413598e-02,3.84517882e+04,2.32800850e-02
3.91151480e+04,3.19263649e+04,3.05040233e-02,5.67599883e+04,2.15291351e-02,3.85732440e+04,2.32668736e-02
3.92386991e+04,3.20272091e+04,3.04867123e-02,5.69392733e+04,2.15169173e-02,3.86950834e+04,2.32536696e-02
3.93626405e+04,3.21283719e+04,3.04694111e-02,5.71191246e+04,2.15047064e-02,3.88173076e+04,2.32404732e-02
3.94869733e+04,3.22298542e+04,3.04521197e-02,5.72995440e+04,2.14925025e-02,3.89399180e+04,2.32272842e-02
3.96116989e+04,3.23316571e+04,3.04348381e-02,5.74805332e+04,2.14803055e-02,3.90629156e+04,2.32141027e-02
3.97368184e+04,3.24337815e+04,3.04175663e-02,5.76620942e+04,2.14681154e-02,3.91863017e+04,2.32009287e-02
3.98623331e+04,3.25362285e+04,3.04003044e-02,5.78442286e+04,2.14559323e-02,3.93100775e+04,2.31877622e-02
3.99882443e+04,3.26389991e+04,3.03830522e-02,5.80269383e+04,2.14437560e-02,3.94342443e+04,2.31746031e-02
4.01145532e+04,3.27420943e+04,3.03658098e-02,5.82102252e+04,2.14315867e-02,3.95588033e+04,2.31614515e-02
4.02412611e+04,3.28455151e+04,3.03485772e-02,5.83940909e+04,2.14194243e-02,3.96837558e+04,2.31483074e-02
4.03683692e+04,3.29492626e+04,3.03313544e-02,5.85785375e+04,2.14072688e-02,3.98091029e+04,2.31351707e-02
4.04958788e+04,3.30533379e+04,3.03141414e-02,5.87635666e+04,2.13951201e-02,3.99348460e+04,2.31220415e-02
4.06237911e+04,3.31577418e+04,3.02969381e-02,5.89491802e+04,2.13829784e-02,4.00609862e+04,2.31089198e-02
4.07521075e+04,3.32624755e+04,3.02797446e-02,5.91353801e+04,2.13708436e-02,4.01875249e+04,2.30958055e-02
4.08808292e+04,3.33675401e+04,3.02625608e-02,5.93221681e+04,2.13587156e-02,4.03144633e+04,2.30826986e-02
4.10099575e+04,3.34729365e+04,3.02453868e-02,5.95095462e+04,2.13465945e-02,4.04418026e+04,2.30695992e-02
4.11394936e+04,3.35786658e+04,3.02282225e-02,5.96975160e+04,2.13344803e-02,4.05695441e+04,2.30565072e-02
4.12694389e+04,3.36847291e+04,3.02110680e-02,5.98860797e+04,2.13223730e-02,4.06976891e+04,2.30434226e-02
4.13997947e+04,3.37911274e+04,3.01939232e-02,6.00752389e+04,2.13102726e-02,4.08262389e+04,2.30303455e-02
4.15305622e+04,3.38978618e+04,3.01767882e-02,6.02649956e+04,2.12981790e-02,4.09551948e+04,2.30172757e-02
4.16617427e+04,3.40049333e+04,3.01596629e-02,6.04553517e+04,2.12860923e-02,4.10845579e+04,2.30042134e-02
4.17933376e+04,3.41123430e+04,3.01425473e-02,6.06463090e+04,2.12740124e-02,4.12143297e+04,2.29911585e-02
4.19253482e+04,3.42200920e+04,3.01254414e-02,6.08378695e+04,2.12619394e-02,4.13445114e+04,2.29781111e-02
4.20577757e+04,3.43281813e+04,3.01083452e-02,6.10300351e+04,2.12498733e-02,4.14751043e+04,2.29650710e-02
4.21906215e+04,3.44366121e+04,3.00912587e-02,6.12228077e+04,2.12378140e-02,4.16061096e+04,2.29520383e-02
4.23238870e+04,3.45453853e+04,3.00741819e-02,6.14161892e+04,2.12257615e-02,4.17375288e+04,2.29390130e-02
4.24575734e+04,3.46545021e+04,3.00571148e-02,6.16101815e+04,2.12137159e-02,4.18693631e+04,2.29259951e-02
4.25916820e+04,3.47639636e+04,3.00400574e-02,6.18047865e+04,2.12016771e-02,4.20016138e+04,2.29129846e-02
4.27262143e+04,3.48737708e+04,3.00230097e-02,6.20000063e+04,2.11896452e-02,4.21342822e+04,2.28999815e-02
4.28611715e+04,3.49839249e+04,3.00059716e-02,6.21958427e+04,2.11776200e-02,4.22673697e+04,2.28869858e-02
4.29965549e+04,3.50944269e+04,2.99889432e-02,6.23922976e+04,2.11656017e-02,4.24008776e+04,2.28739974e-02
4.31323661e+04,3.52052779e+04,2.99719245e-02,6.25893731e+04,2.11535902e-02,4.25348072e+04,2.28610164e-02
4.32686061e+04,3.53164791e+04,2.99549154e-02,6.27870711e+04,2.11415856e-02,4.26691598e+04,2.28480428e-02
4.34052766e+04,3.54280315e+04,2.99379160e-02,6.29853935e+04,2.11295877e-02,4.28039368e+04,2.28350765e-02
4.35423787e+04,3.55399363e+04,2.99209262e-02,6.31843424e+04,2.11175967e-02,4.29391395e+04,2.28221176e-02
4.36799139e+04,3.56521946e+04,2.99039461e-02,6.33839197e+04,2.11056125e-02,4.30747692e+04,2.28091661e-02
4.38178835e+04,3.57648074e+04,2.98869756e-02,6.35841274e+04,2.10936350e-02,4.32108274e+04,2.27962218e-02
4.39562889e+04,3.58777760e+04,2.98700148e-02,6.37849674e+04,2.10816644e-02,4.33473153e+04,2.27832850e-02
4.40951314e+04,3.59911013e+04,2.98530635e-02,6.39864419e+04,2.10697005e-02,4.34842343e+04,2.27703555e-02
4.42344126e+04,3.61047846e+04,2.98361219e-02,6.41885527e+04,2.10577435e-02,4.36215858e+04,2.27574333e-02
4.43741336e+04,3.62188271e+04,2.98191899e-02,6.43913019e+04,2.10457932e-02,4.37593712e+04,2.27445185e-02
4.45142960e+04,3.63332297e+04,2.98022675e-02,6.45946916e+04,2.10338497e-02,4.38975918e+04,2.27316109e-02
4.46549011e+04,3.64479937e+04,2.97853547e-02,6.47987237e+04,2.10219130e-02,4.40362489e+04,2.27187108e-02
4.47959504e+04,3.65631202e+04,2.97684515e-02,6.50034002e+04,2.10099831e-02,4.41753441e+04,2.27058179e-02
4.49374452e+04,3.66786103e+04,2.97515579e-02,6.52087233e+04,2.09980599e-02,4.43148786e+04,2.26929323e-02
4.50793869e+04,3.67944652e+04,2.97346739e-02,6.54146948e+04,2.09861435e-02,4.44548538e+04,2.26800541e-02
4.52217769e+04,3.69106861e+04,2.97177995e-02,6.56213170e+04,2.09742339e-02,4.45952712e+04,2.26671832e-02
4.53646167e+04,3.70272741e+04,2.97009346e-02,6.58285919e+04,2.09623310e-02,4.47361321e+04,2.26543195e-02
4.55079077e+04,3.71442303e+04,2.96840794e-02,6.60365214e+04,2.09504349e-02,4.48774379e+04,2.26414632e-02
4.56516513e+04,3.72615560e+04,2.96672337e-02,6.62451077e+04,2.09385455e-02,4.50191900e+04,2.26286142e-02
4.57958489e+04,3.73792522e+04,2.96503975e-02,6.64543529e+04,2.09266629e-02,4.51613900e+04,2.26157724e-02
4.59405020e+04,3.74973202e+04,2.96335709e-02,6.66642590e+04,2.09147870e-02,4.53040390e+04,2.26029380e-02
4.60856120e+04,3.76157612e+04,2.96167538e-02,6.68748281e+04,2.09029179e-02,4.54471387e+04,2.25901108e-02
4.62311804e+04,3.77345762e+04,2.95999463e-02,6.70860624e+04,2.08910554e-02,4.55906903e+04,2.25772909e-02
4.63772086e+04,3.78537666e+04,2.95831484e-02,6.72979638e+04,2.08791998e-02,4.57346954e+04,2.25644783e-02
4.65236980e+04,3.79733334e+04,2.95663599e-02,6.75105346e+04,2.08673508e-02,4.58791553e+04,2.25516730e-02
4.66706501e+04,3.80932779e+04,2.95495810e-02,6.77237768e+04,2.08555086e-02,4.60240716e+04,2.25388749e-02
4.68180664e+04,3.82136013e+04,2.95328116e-02,6.79376926e+04,2.08436731e-02,4.61694455e+04,2.25260841e-02
4.69659483e+04,3.83343047e+04,2.95160518e-02,6.81522840e+04,2.08318443e-02,4.63152787e+04,2.25133005e-02
4.71142973e+04,3.84553894e+04,2.94993014e-02,6.83675533e+04,2.08200222e-02,4.64615725e+04,2.25005242e-02
4.72631150e+04,3.85768565e+04,2.94825605e-02,6.85835025e+04,2.08082069e-02,4.66083284e+04,2.24877552e-02
4.74124026e+04,3.86987074e+04,2.94658292e-02,6.88001339e+04,2.07963982e-02,4.67555478e+04,2.24749934e-02
4.75621619e+04,3.88209431e+04,2.94491073e-02,6.90174495e+04,2.07845963e-02,4.69032323e+04,2.24622388e-02
4.77123941e+04,3.89435649e+04,2.94323950e-02,6.92354515e+04,2.07728010e-02,4.70513832e+04,2.24494915e-02
4.78631009e+04,3.90665740e+04,2.94156921e-02,6.94541421e+04,2.07610124e-02,4.72000021e+04,2.24367514e-02
4.80142838e+04,3.91899717e+04,2.93989987e-02,6.96735235e+04,2.07492306e-02,4.73490904e+04,2.24240186e-02
4.81659441e+04,3.93137591e+04,2.93823147e-02,6.98935979e+04,2.07374554e-02,4.74986497e+04,2.24112929e-02
4.83180835e+04,3.94379376e+04,2.93656403e-02,7.01143673e+04,2.07256869e-02,4.76486813e+04,2.23985745e-02
4.84707035e+04,3.95625082e+04,2.93489753e-02,7.03358341e+04,2.07139250e-02,4.77991869e+04,2.23858633e-02
4.86238055e+04,3.96874724e+04,2.93323197e-02,7.05580005e+04,2.07021699e-02,4.79501678e+04,2.23731593e-02
4.87773911e+04,3.98128313e+04,2.93156736e-02,7.07808686e+04,2.06904214e-02,4.81016257e+04,2.23604626e-02
4.89314619e+04,3.99385861e+04,2.92990370e-02,7.10044406e+04,2.06786796e-02,4.82535619e+04,2.23477730e-02
4.90860193e+04,4.00647381e+04,2.92824098e-02,7.12287189e+04,2.06669444e-02,4.84059781e+04,2.23350907e-02
4.92410649e+04,4.01912887e+04,2.92657920e-02,7.14537055e+04,2.06552160e-02,4.85588757e+04,2.23224155e-02
4.93966002e+04,4.03182389e+04,2.92491837e-02,7.16794029e+04,2.06434941e-02,4.87122562e+04,2.23097475e-02
4.95526269e+04,4.04455902e+04,2.92325848e-02,7.19058131e+04,2.06317789e-02,4.88661212e+04,2.22970867e-02
4.97091463e+04,4.05733437e+04,2.92159953e-02,7.21329384e+04,2.06200704e-02,4.90204722e+04,2.22844331e-02
4.98661601e+04,4.07015007e+04,2.91994152e-02,7.23607812e+04,2.06083685e-02,4.91753108e+04,2.22717867e-02
5.00236699e+04,4.08300625e+04,2.91828445e-02,7.25893436e+04,2.05966733e-02,4.93306384e+04,2.22591475e-02
5.01816772e+04,4.09590304e+04,2.91662833e-02,7.28186280e+04,2.05849846e-02,4.94864567e+04,2.22465154e-02
5.03401836e+04,4.10884057e+04,2.91497314e-02,7.30486367e+04,2.05733027e-02,4.96427671e+04,2.22338905e-02
5.04991907e+04,4.12181897e+04,2.91331889e-02,7.32793718e+04,2.05616273e-02,4.97995713e+04,2.22212728e-02
5.06587000e+04,4.13483835e+04,2.91166558e-02,7.35108358e+04,2.05499586e-02,4.99568708e+04,2.22086622e-02
5.08187132e+04,4.14789886e+04,2.91001321e-02,7.37430308e+04,2.05382965e-02,5.01146671e+04,2.21960588e-02
5.09792318e+04,4.16100063e+04,2.90836178e-02,7.39759593e+04,2.05266410e-02,5.02729618e+04,2.21834625e-02
5.11402573e+04,4.17414378e+04,2.90671129e-02,7.42096236e+04,2.05149921e-02,5.04317566e+04,2.21708734e-02
5.13017916e+04,4.18732844e+04,2.90506173e-02,7.44440259e+04,2.05033499e-02,5.05910529e+04,2.21582914e-02
5.14638360e+04,4.20055475e+04,2.90341310e-02,7.46791685e+04,2.04917142e-02,5.07508524e+04,2.21457166e-02
5.16263923e+04,4.21382283e+04,2.90176542e-02,7.49150540e+04,2.04800852e-02,5.09111566e+04,2.21331489e-02
5.17894621e+04,4.22713283e+04,2.90011867e-02,7.51516845e+04,2.04684627e-02,5.10719672e+04,2.21205884e-02
5.19530469e+04,4.24048487e+04,2.89847285e-02,7.53890624e+04,2.04568469e-02,5.12332857e+04,2.21080349e-02
5.21171484e+04,4.25387908e+04,2.89682796e-02,7.56271901e+04,2.04452376e-02,5.13951137e+04,2.20954886e-02
5.22817683e+04,4.26731560e+04,2.89518401e-02,7.58660700e+04,2.04336349e-02,5.15574530e+04,2.20829494e-02
5.24469082e+04,4.28079456e+04,2.89354100e-02,7.61057045e+04,2.04220389e-02,5.17203050e+04,2.20704173e-02
5.26125696e+04,4.29431609e+04,2.89189891e-02,7.63460958e+04,2.04104493e-02,5.18836713e+04,2.20578924e-02
5.27787544e+04,4.30788034e+04,2.89025776e-02,7.65872465e+04,2.03988664e-02,5.20475537e+04,2.20453745e-02
5.29454640e+04,4.32148743e+04,2.88861754e-02,7.68291589e+04,2.03872901e-02,5.22119538e+04,2.20328638e-02
5.31127003e+04,4.33513750e+04,2.88697825e-02,7.70718354e+04,2.03757203e-02,5.23768731e+04,2.20203601e-02
5.32804648e+04,4.34883068e+04,2.88533989e-02,7.73152784e+04,2.03641570e-02,5.25423134e+04,2.20078636e-02
5.34487592e+04,4.36256712e+04,2.88370246e-02,7.75594903e+04,2.03526004e-02,5.27082762e+04,2.19953741e-02
5.36175851e+04,4.37634695e+04,2.88206596e-02,7.78044737e+04,2.03410503e-02,5.28747633e+04,2.19828917e-02
5.37869444e+04,4.39017030e+04,2.88043038e-02,7.80502309e+04,2.03295067e-02,5.30417762e+04,2.19704164e-02
5.39568385e+04,4.40403732e+04,2.87879574e-02,7.82967643e+04,2.03179697e-02,5.32093166e+04,2.19579482e-02
5.41272694e+04,4.41794813e+04,2.87716202e-02,7.85440765e+04,2.03064393e-02,5.33773863e+04,2.19454871e-02
5.42982385e+04,4.43190289e+04,2.87552923e-02,7.87921698e+04,2.02949154e-02,5.35459868e+04,2.19330330e-02
5.44697477e+04,4.44590172e+04,2.87389737e-02,7.90410467e+04,2.02833980e-02,5.37151199e+04,2.19205860e-02
5.46417986e+04,4.45994478e+04,2.87226643e-02,7.92907098e+04,2.02718872e-02,5.38847872e+04,2.19081461e-02
5.48143930e+04,4.47403218e+04,2.87063642e-02,7.95411615e+04,2.02603829e-02,5.40549904e+04,2.18957132e-02
5.49875325e+04,4.48816409e+04,2.86900734e-02,7.97924042e+04,2.02488851e-02,5.42257313e+04,2.18832874e-02
5.51612189e+04,4.50234063e+04,2.86737917e-02,8.00444406e+04,2.02373939e-02,5.43970115e+04,2.18708686e-02
5.53354540e+04,4.51656196e+04,2.86575194e-02,8.02972730e+04,2.02259092e-02,5.45688326e+04,2.18584569e-02
5.55102393e+04,4.53082820e+04,2.86412562e-02,8.05509041e+04,2.02144310e-02,5.47411965e+04,2.18460523e-02
5.56855768e+04,4.54513950e+04,2.86250023e-02,8.08053363e+04,2.02029593e-02,5.49141048e+04,2.18336546e-02
5.58614681e+04,4.55949601e+04,2.86087576e-02,8.10605721e+04,2.01914941e-02,5.50875593e+04,2.18212640e-02
5.60379150e+04,4.57389787e+04,2.85925221e-02,8.13166142e+04,2.01800354e-02,5.52615617e+04,2.18088804e-02
5.62149192e+04,4.58834521e+04,2.85762959e-02,8.15734650e+04,2.01685833e-02,5.54361137e+04,2.17965039e-02
5.63924825e+04,4.60283820e+04,2.85600788e-02,8.18311271e+04,2.01571376e-02,5.56112170e+04,2.17841344e-02
5.65706067e+04,4.61737695e+04,2.85438710e-02,8.20896030e+04,2.01456984e-02,5.57868734e+04,2.17717719e-02
5.67492935e+04,4.63196164e+04,2.85276723e-02,8.23488954e+04,2.01342657e-02,5.59630847e+04,2.17594164e-02
5.69285447e+04,4.64659239e+04,2.85114829e-02,8.26090069e+04,2.01228395e-02,5.61398525e+04,2.17470679e-02
5.71083621e+04,4.66126935e+04,2.84953026e-02,8.28699399e+04,2.01114198e-02,5.63171787e+04,2.17347265e-02
5.72887475e+04,4.67599267e+04,2.84791315e-02,8.31316971e+04,2.01000066e-02,5.64950650e+04,2.17223920e-02
5.74697026e+04,4.69076250e+04,2.84629696e-02,8.33942811e+04,2.00885998e-02,5.66735132e+04,2.17100646e-02
5.76512293e+04,4.70557898e+04,2.84468169e-02,8.36576945e+04,2.00771995e-02,5.68525251e+04,2.16977441e-02
5.78333294e+04,4.72044226e+04,2.84306733e-02,8.39219400e+04,2.00658057e-02,5.70321024e+04,2.16854306e-02
5.80160047e+04,4.73535249e+04,2.84145389e-02,8.41870201e+04,2.00544184e-02,5.72122469e+04,2.16731242e-02
5.81992571e+04,4.75030982e+04,2.83984137e-02,8.44529375e+04,2.00430375e-02,5.73929604e+04,2.16608247e-02
5.83830882e+04,4.76531439e+04,2.83822976e-02,8.47196948e+04,2.00316631e-02,5.75742447e+04,2.16485321e-02
5.85675000e+04,4.78036635e+04,2.83661906e-02,8.49872948e+04,2.00202951e-02,5.77561016e+04,2.16362466e-02
5.87524943e+04,4.79546586e+04,2.83500928e-02,8.52557400e+04,2.00089336e-02,5.79385330e+04,2.16239680e-02
5.89380729e+04,4.81061306e+04,2.83340041e-02,8.55250331e+04,1.99975785e-02,5.81215406e+04,2.16116964e-02
5.91242377e+04,4.82580811e+04,2.83179246e-02,8.57951768e+04,1.99862299e-02,5.83051263e+04,2.15994318e-02
5.93109905e+04,4.84105116e+04,2.83018542e-02,8.60661738e+04,1.99748877e-02,5.84892918e+04,2.15871741e-02
5.94983332e+04,4.85634235e+04,2.82857928e-02,8.63380268e+04,1.99635520e-02,5.86740391e+04,2.15749234e-02
5.96862677e+04,4.87168184e+04,2.82697407e-02,8.66107385e+04,1.99522226e-02,5.88593699e+04,2.15626796e-02
5.98747958e+04,4.88706978e+04,2.82536976e-02,8.68843116e+04,1.99408998e-02,5.90452861e+04,2.15504428e-02
6.00639194e+04,4.90250633e+04,2.82376636e-02,8.71587488e+04,1.99295833e-02,5.92317895e+04,2.15382129e-02
6.02536403e+04,4.91799163e+04,2.82216387e-02,8.74340529e+04,1.99182733e-02,5.94188821e+04,2.15259900e-02
6.04439605e+04,4.93352585e+04,2.82056230e-02,8.77102265e+04,1.99069696e-02,5.96065656e+04,2.15137740e-02
6.06348819e+04,4.94910914e+04,2.81896163e-02,8.79872725e+04,1.98956724e-02,5.97948419e+04,2.15015649e-02
6.08264063e+04,4.96474164e+04,2.81736187e-02,8.82651936e+04,1.98843816e-02,5.99837129e+04,2.14893628e-02
6.10185357e+04,4.98042353e+04,2.81576301e-02,8.85439925e+04,1.98730973e-02,6.01731805e+04,2.14771676e-02
6.12112720e+04,4.99615495e+04,2.81416507e-02,8.88236721e+04,1.98618193e-02,6.03632466e+04,2.14649793e-02
6.14046170e+04,5.01193606e+04,2.81256803e-02,8.91042351e+04,1.98505477e-02,6.05539130e+04,2.14527979e-02
6.15985728e+04,5.02776702e+04,2.81097190e-02,8.93856842e+04,1.98392825e-02,6.07451817e+04,2.14406234e-02
6.17931411e+04,5.04364798e+04,2.80937667e-02,8.96680224e+04,1.98280237e-02,6.09370545e+04,2.14284559e-02
6.19883241e+04,5.05957910e+04,2.80778235e-02,8.99512524e+04,1.98167713e-02,6.11295334e+04,2.14162952e-02
6.21841236e+04,5.07556054e+04,2.80618893e-02,9.02353770e+04,1.98055253e-02,6.13226203e+04,2.14041415e-02
6.23805415e+04,5.09159247e+04,2.80459642e-02,9.05203991e+04,1.97942856e-02,6.15163170e+04,2.13919946e-02
6.25775799e+04,5.10767503e+04,2.80300481e-02,9.08063214e+04,1.97830524e-02,6.17106256e+04,2.13798547e-02
6.27752406e+04,5.12380839e+04,2.80141410e-02,9.10931469e+04,1.97718255e-02,6.19055479e+04,2.13677216e-02
6.29735257e+04,5.13999272e+04,2.79982430e-02,9.13808783e+04,1.97606050e-02,6.21010859e+04,2.13555954e-02
6.31724371e+04,5.15622816e+04,2.79823540e-02,9.16695186e+04,1.97493909e-02,6.22972416e+04,2.13434761e-02
6.33719767e+04,5.17251488e+04,2.79664740e-02,9.19590706e+04,1.97381831e-02,6.24940168e+04,2.13313637e-02
6.35721467e+04,5.18885305e+04,2.79506031e-02,9.22495372e+04,1.97269817e-02,6.26914136e+04,2.13192581e-02
6.37729489e+04,5.20524283e+04,2.79347411e-02,9.25409213e+04,1.97157866e-02,6.28894339e+04,2.13071595e-02
6.39743854e+04,5.22168437e+04,2.79188881e-02,9.28332258e+04,1.97045979e-02,6.30880797e+04,2.12950676e-02
6.41764581e+04,5.23817785e+04,2.79030442e-02,9.31264535e+04,1.96934155e-02,6.32873529e+04,2.12829827e-02
6.43791692e+04,5.25472343e+04,2.78872092e-02,9.34206075e+04,1.96822395e-02,6.34872555e+04,2.12709046e-02
6.45825205e+04,5.27132126e+04,2.78713832e-02,9.37156906e+04,1.96710698e-02,6.36877896e+04,2.12588334e-02
6.47865141e+04,5.28797153e+04,2.78555662e-02,9.40117057e+04,1.96599065e-02,6.38889571e+04,2.12467690e-02
6.49911521e+04,5.30467438e+04,2.78397581e-02,9.43086559e+04,1.96487495e-02,6.40907600e+04,2.12347114e-02
6.51964365e+04,5.32143000e+04,2.78239591e-02,9.46065440e+04,1.96375988e-02,6.42932004e+04,2.12226607e-02
6.54023693e+04,5.33823854e+04,2.78081690e-02,9.49053731e+04,1.96264545e-02,6.44962801e+04,2.12106169e-02
6.56089525e+04,5.35510017e+04,2.77923878e-02,9.52051460e+04,1.96153165e-02,6.47000014e+04,2.11985798e-02
6.58161883e+04,5.37201506e+04,2.77766157e-02,9.55058658e+04,1.96041848e-02,6.49043661e+04,2.11865497e-02
6.60240786e+04,5.38898338e+04,2.77608524e-02,9.58075355e+04,1.95930594e-02,6.51093763e+04,2.11745263e-02
6.62326257e+04,5.40600530e+04,2.77450981e-02,9.61101581e+04,1.95819404e-02,6.53150341e+04,2.11625097e-02
6.64418314e+04,5.42308098e+04,2.77293528e-02,9.64137365e+04,1.95708276e-02,6.55213415e+04,2.11505000e-02
6.66516980e+04,5.44021060e+04,2.77136164e-02,9.67182738e+04,1.95597212e-02,6.57283006e+04,2.11384971e-02
6.68622274e+04,5.45739433e+04,2.76978889e-02,9.70237731e+04,1.95486210e-02,6.59359133e+04,2.11265010e-02
6.70734218e+04,5.47463233e+04,2.76821704e-02,9.73302373e+04,1.95375272e-02,6.61441819e+04,2.11145117e-02
6.72852834e+04,5.49192478e+04,2.76664607e-02,9.76376696e+04,1.95264396e-02,6.63531082e+04,2.11025292e-02
6.74978141e+04,5.50927186e+04,2.76507600e-02,9.79460729e+04,1.95153584e-02,6.65626945e+04,2.10905535e-02
6.77110161e+04,5.52667372e+04,2.76350682e-02,9.82554504e+04,1.95042834e-02,6.67729429e+04,2.10785847e-02
6.79248916e+04,5.54413056e+04,2.76193853e-02,9.85658050e+04,1.94932147e-02,6.69838553e+04,2.10666226e-02
6.81394426e+04,5.56164253e+04,2.76037113e-02,9.88771400e+04,1.94821523e-02,6.71954339e+04,2.10546673e-02
6.83546713e+04,5.57920982e+04,2.75880462e-02,9.91894584e+04,1.94710962e-02,6.74076808e+04,2.10427187e-02
6.85705799e+04,5.59683259e+04,2.75723900e-02,9.95027632e+04,1.94600464e-02,6.76205981e+04,2.10307770e-02
6.87871704e+04,5.61451103e+04,2.75567426e-02,9.98170577e+04,1.94490028e-02,6.78341880e+04,2.10188420e-02
6.90044450e+04,5.63224531e+04,2.75411042e-02,1.00132345e+05,1.94379655e-02,6.80484525e+04,2.10069138e-02
6.92224060e+04,5.65003561e+04,2.75254746e-02,1.00448628e+05,1.94269344e-02,6.82633938e+04,2.09949924e-02
6.94410554e+04,5.66788210e+04,2.75098539e-02,1.00765910e+05,1.94159096e-02,6.84790141e+04,2.09830777e-02
6.96603955e+04,5.68578496e+04,2.74942421e-02,1.01084195e+05,1.94048911e-02,6.86953154e+04,2.09711698e-02
6.98804283e+04,5.70374437e+04,2.74786391e-02,1.01403484e+05,1.93938788e-02,6.89122999e+04,2.09592687e-02
7.01011562e+04,5.72176051e+04,2.74630450e-02,1.01723782e+05,1.93828728e-02,6.91299698e+04,2.09473743e-02
7.03225813e+04,5.73983355e+04,2.74474597e-02,1.02045092e+05,1.93718730e-02,6.93483272e+04,2.09354867e-02
7.05447058e+04,5.75796368e+04,2.74318832e-02,1.02367417e+05,1.93608795e-02,6.95673744e+04,2.09236058e-02
7.07675319e+04,5.77615108e+04,2.74163156e-02,1.02690760e+05,1.93498922e-02,6.97871134e+04,2.09117316e-02
7.09910618e+04,5.79439593e+04,2.74007569e-02,1.03015124e+05,1.93389111e-02,7.00075466e+04,2.08998642e-02
7.12152978e+04,5.81269840e+04,2.73852070e-02,1.03340513e+05,1.93279363e-02,7.02286760e+04,2.08880036e-02
7.14402421e+04,5.83105869e+04,2.73696659e-02,1.03666930e+05,1.93169677e-02,7.04505038e+04,2.08761496e-02
7.16658968e+04,5.84947696e+04,2.73541336e-02,1.03994377e+05,1.93060053e-02,7.06730324e+04,2.08643024e-02
7.18922644e+04,5.86795342e+04,2.73386101e-02,1.04322859e+05,1.92950492e-02,7.08962638e+04,2.08524619e-02
7.21193470e+04,5.88648824e+04,2.73230954e-02,1.04652379e+05,1.92840992e-02,7.11202004e+04,2.08406281e-02
7.23471468e+04,5.90508160e+04,2.73075896e-02,1.04982939e+05,1.92731555e-02,7.13448443e+04,2.08288011e-02
7.25756662e+04,5.92373369e+04,2.72920925e-02,1.05314544e+05,1.92622180e-02,7.15701977e+04,2.08169807e-02
7.28049074e+04,5.94244470e+04,2.72766043e-02,1.05647196e+05,1.92512867e-02,7.17962630e+04,2.08051671e-02
7.30348727e+04,5.96121480e+04,2.72611248e-02,1.05980898e+05,1.92403616e-02,7.20230423e+04,2.07933602e-02
7.32655643e+04,5.98004420e+04,2.72456541e-02,1.06315655e+05,1.92294426e-02,7.22505380e+04,2.07815599e-02
7.34969847e+04,5.99893307e+04,2.72301922e-02,1.06651469e+05,1.92185299e-02,7.24787522e+04,2.07697664e-02
7.37291360e+04,6.01788161e+04,2.72147390e-02,1.06988344e+05,1.92076234e-02,7.27076873e+04,2.07579796e-02
7.39620206e+04,6.03689000e+04,2.71992947e-02,1.07326282e+05,1.91967231e-02,7.29373455e+04,2.07461994e-02
7.41956408e+04,6.05595842e+04,2.71838591e-02,1.07665289e+05,1.91858290e-02,7.31677291e+04,2.07344259e-02
7.44299989e+04,6.07508708e+04,2.71684322e-02,1.08005366e+05,1.91749410e-02,7.33988404e+04,2.07226592e-02
7.46650973e+04,6.09427616e+04,2.71530142e-02,1.08346517e+05,1.91640592e-02,7.36306817e+04,2.07108990e-02
7.49009383e+04,6.11352585e+04,2.71376048e-02,1.08688746e+05,1.91531836e-02,7.38632553e+04,2.06991456e-02
7.51375242e+04,6.13283635e+04,2.71222042e-02,1.09032056e+05,1.91423142e-02,7.40965636e+04,2.06873988e-02
7.53748574e+04,6.15220784e+04,2.71068124e-02,1.09376450e+05,1.91314509e-02,7.43306088e+04,2.06756587e-02
7.56129403e+04,6.17164051e+04,2.70914293e-02,1.09721932e+05,1.91205938e-02,7.45653932e+04,2.06639253e-02
7.58517752e+04,6.19113457e+04,2.70760549e-02,1.10068505e+05,1.91097429e-02,7.48009192e+04,2.06521985e-02
7.60913644e+04,6.21069020e+04,2.70606892e-02,1.10416173e+05,1.90988981e-02,7.50371892e+04,2.06404784e-02
7.63317105e+04,6.23030761e+04,2.70453323e-02,1.10764939e+05,1.90880595e-02,7.52742055e+04,2.06287649e-02
7.65728157e+04,6.24998697e+04,2.70299840e-02,1.11114807e+05,1.90772270e-02,7.55119705e+04,2.06170581e-02
7.68146825e+04,6.26972850e+04,2.70146445e-02,1.11465780e+05,1.90664007e-02,7.57504864e+04,2.06053579e-02
7.70573133e+04,6.28953238e+04,2.69993137e-02,1.11817861e+05,1.90555805e-02,7.59897558e+04,2.05936644e-02
7.73007104e+04,6.30939882e+04,2.69839916e-02,1.12171055e+05,1.90447664e-02,7.62297809e+04,2.05819775e-02
7.75448764e+04,6.32932801e+04,2.69686782e-02,1.12525364e+05,1.90339585e-02,7.64705641e+04,2.05702972e-02
7.77898136e+04,6.34932015e+04,2.69533735e-02,1.12880793e+05,1.90231568e-02,7.67121080e+04,2.05586236e-02
7.80355245e+04,6.36937543e+04,2.69380774e-02,1.13237344e+05,1.90123611e-02,7.69544147e+04,2.05469565e-02
7.82820114e+04,6.38949407e+04,2.69227901e-02,1.13595021e+05,1.90015716e-02,7.71974869e+04,2.05352961e-02
7.85292770e+04,6.40967625e+04,2.69075114e-02,1.13953828e+05,1.89907882e-02,7.74413268e+04,2.05236424e-02
7.87773236e+04,6.42992218e+04,2.68922414e-02,1.14313768e+05,1.89800109e-02,7.76859369e+04,2.05119952e-02
7.90261536e+04,6.45023206e+04,2.68769800e-02,1.14674846e+05,1.89692398e-02,7.79313196e+04,2.05003546e-02
7.92757697e+04,6.47060609e+04,2.68617273e-02,1.15037063e+05,1.89584747e-02,7.81774775e+04,2.04887207e-02
7.95261741e+04,6.49104447e+04,2.68464833e-02,1.15400425e+05,1.89477158e-02,7.84244128e+04,2.04770933e-02
7.97773696e+04,6.51154742e+04,2.68312479e-02,1.15764935e+05,1.89369630e-02,7.86721282e+04,2.04654726e-02
8.00293584e+04,6.53211512e+04,2.68160212e-02,1.16130596e+05,1.89262163e-02,7.89206260e+04,2.04538584e-02
8.02821432e+04,6.55274779e+04,2.68008031e-02,1.16497412e+05,1.89154756e-02,7.91699087e+04,2.04422509e-02
8.05357265e+04,6.57344564e+04,2.67855936e-02,1.16865387e+05,1.89047411e-02,7.94199788e+04,2.04306499e-02
8.07901107e+04,6.59420886e+04,2.67703928e-02,1.17234524e+05,1.88940127e-02,7.96708388e+04,2.04190555e-02
8.10452985e+04,6.61503766e+04,2.67552006e-02,1.17604827e+05,1.88832903e-02,7.99224911e+04,2.04074677e-02
8.13012923e+04,6.63593226e+04,2.67400170e-02,1.17976299e+05,1.88725740e-02,8.01749384e+04,2.03958864e-02
8.15580947e+04,6.65689285e+04,2.67248421e-02,1.18348945e+05,1.88618638e-02,8.04281830e+04,2.03843118e-02
8.18157083e+04,6.67791965e+04,2.67096757e-02,1.18722768e+05,1.88511597e-02,8.06822276e+04,2.03727437e-02
8.20741355e+04,6.69901287e+04,2.66945180e-02,1.19097772e+05,1.88404617e-02,8.09370746e+04,2.03611821e-02
8.23333791e+04,6.72017271e+04,2.66793688e-02,1.19473960e+05,1.88297697e-02,8.11927265e+04,2.03496272e-02
8.25934415e+04,6.74139939e+04,2.66642283e-02,1.19851337e+05,1.88190838e-02,8.14491860e+04,2.03380788e-02
8.28543253e+04,6.76269312e+04,2.66490964e-02,1.20229905e+05,1.88084040e-02,8.17064556e+04,2.03265369e-02
8.31160332e+04,6.78405410e+04,2.66339730e-02,1.20609669e+05,1.87977302e-02,8.19645377e+04,2.03150016e-02
8.33785677e+04,6.80548256e+04,2.66188582e-02,1.20990633e+05,1.87870625e-02,8.22234351e+04,2.03034728e-02
8.36419315e+04,6.82697871e+04,2.66037520e-02,1.21372801e+05,1.87764009e-02,8.24831502e+04,2.02919506e-02
8.39061272e+04,6.84854275e+04,2.65886544e-02,1.21756175e+05,1.87657453e-02,8.27436857e+04,2.02804349e-02
8.41711574e+04,6.87017490e+04,2.65735653e-02,1.22140760e+05,1.87550957e-02,8.30050441e+04,2.02689258e-02
8.44370247e+04,6.89187539e+04,2.65584848e-02,1.22526560e+05,1.87444522e-02,8.32672281e+04,2.02574232e-02
8.47037318e+04,6.91364442e+04,2.65434129e-02,1.22913579e+05,1.87338147e-02,8.35302402e+04,2.02459271e-02
8.49712813e+04,6.93548221e+04,2.65283495e-02,1.23301820e+05,1.87231833e-02,8.37940831e+04,2.02344375e-02
8.52396759e+04,6.95738897e+04,2.65132946e-02,1.23691287e+05,1.87125579e-02,8.40587593e+04,2.02229545e-02
8.55089183e+04,6.97936494e+04,2.64982484e-02,1.24081985e+05,1.87019385e-02,8.43242716e+04,2.02114779e-02
8.57790111e+04,7.00141031e+04,2.64832106e-02,1.24473916e+05,1.86913251e-02,8.45906225e+04,2.02000079e-02
8.60499570e+04,7.02352533e+04,2.64681814e-02,1.24867086e+05,1.86807178e-02,8.48578148e+04,2.01885444e-02
8.63217588e+04,7.04571019e+04,2.64531607e-02,1.25261498e+05,1.86701165e-02,8.51258510e+04,2.01770874e-02
8.65944191e+04,7.06796513e+04,2.64381485e-02,1.25657155e+05,1.86595212e-02,8.53947338e+04,2.01656369e-02
8.68679407e+04,7.09029036e+04,2.64231449e-02,1.26054062e+05,1.86489319e-02,8.56644660e+04,2.01541929e-02
8.71423262e+04,7.11268612e+04,2.64081497e-02,1.26452223e+05,1.86383487e-02,8.59350501e+04,2.01427554e-02
8.74175783e+04,7.13515261e+04,2.63931631e-02,1.26851641e+05,1.86277714e-02,8.62064890e+04,2.01313244e-02
8.76937000e+04,7.15769006e+04,2.63781850e-02,1.27252321e+05,1.86172001e-02,8.64787852e+04,2.01198999e-02
8.79706937e+04,7.18029871e+04,2.63632154e-02,1.27654267e+05,1.86066349e-02,8.67519415e+04,2.01084818e-02
8.82485625e+04,7.20297877e+04,2.63482542e-02,1.28057482e+05,1.85960756e-02,8.70259606e+04,2.00970703e-02
8.85273089e+04,7.22573046e+04,2.63333016e-02,1.28461971e+05,1.85855223e-02,8.73008452e+04,2.00856652e-02
8.88069357e+04,7.24855402e+04,2.63183575e-02,1.28867738e+05,1.85749751e-02,8.75765981e+04,2.00742666e-02
8.90874458e+04,7.27144967e+04,2.63034218e-02,1.29274786e+05,1.85644338e-02,8.78532220e+04,2.00628744e-02
8.93688420e+04,7.29441764e+04,2.62884946e-02,1.29683120e+05,1.85538984e-02,8.81307196e+04,2.00514887e-02
8.96511270e+04,7.31745816e+04,2.62735759e-02,1.30092744e+05,1.85433691e-02,8.84090938e+04,2.00401095e-02
8.99343036e+04,7.34057146e+04,2.62586656e-02,1.30503661e+05,1.85328457e-02,8.86883473e+04,2.00287367e-02
9.02183746e+04,7.36375776e+04,2.62437638e-02,1.30915877e+05,1.85223283e-02,8.89684828e+04,2.00173704e-02
9.05033430e+04,7.38701730e+04,2.62288705e-02,1.31329394e+05,1.85118169e-02,8.92495032e+04,2.00060106e-02
9.07892115e+04,7.41035031e+04,2.62139856e-02,1.31744218e+05,1.85013115e-02,8.95314112e+04,1.99946572e-02
9.10759829e+04,7.43375702e+04,2.61991092e-02,1.32160352e+05,1.84908120e-02,8.98142097e+04,1.99833102e-02
9.13636601e+04,7.45723766e+04,2.61842412e-02,1.32577800e+05,1.84803184e-02,9.00979014e+04,1.99719697e-02
9.16522460e+04,7.48079247e+04,2.61693816e-02,1.32996567e+05,1.84698309e-02,9.03824893e+04,1.99606356e-02
9.19417435e+04,7.50442169e+04,2.61545305e-02,1.33416657e+05,1.84593492e-02,9.06679760e+04,1.99493079e-02
9.22321554e+04,7.52812554e+04,2.61396878e-02,1.33838074e+05,1.84488735e-02,9.09543645e+04,1.99379867e-02
9.25234845e+04,7.55190426e+04,2.61248535e-02,1.34260821e+05,1.84384038e-02,9.12416576e+04,1.99266719e-02
9.28157339e+04,7.57575809e+04,2.61100277e-02,1.34684904e+05,1.84279400e-02,9.15298581e+04,1.99153635e-02
9.31089064e+04,7.59968726e+04,2.60952102e-02,1.35110327e+05,1.84174822e-02,9.18189690e+04,1.99040615e-02
9.34030050e+04,7.62369202e+04,2.60804012e-02,1.35537093e+05,1.84070302e-02,9.21089930e+04,1.98927660e-02
9.36980324e+04,7.64777260e+04,2.60656006e-02,1.35965208e+05,1.83965842e-02,9.23999332e+04,1.98814768e-02
9.39939918e+04,7.67192925e+04,2.60508083e-02,1.36394674e+05,1.83861442e-02,9.26917923e+04,1.98701941e-02
9.42908860e+04,7.69616219e+04,2.60360245e-02,1.36825498e+05,1.83757100e-02,9.29845733e+04,1.98589177e-02
9.45887180e+04,7.72047168e+04,2.60212490e-02,1.37257682e+05,1.83652818e-02,9.32782792e+04,1.98476478e-02
9.48874908e+04,7.74485796e+04,2.60064820e-02,1.37691231e+05,1.83548595e-02,9.35729127e+04,1.98363843e-02
9.51872072e+04,7.76932126e+04,2.59917233e-02,1.38126149e+05,1.83444432e-02,9.38684768e+04,1.98251271e-02
9.54878704e+04,7.79386183e+04,2.59769730e-02,1.38562441e+05,1.83340327e-02,9.41649746e+04,1.98138764e-02
9.57894832e+04,7.81847992e+04,2.59622311e-02,1.39000112e+05,1.83236281e-02,9.44624089e+04,1.98026320e-02
9.60920488e+04,7.84317577e+04,2.59474975e-02,1.39439165e+05,1.83132295e-02,9.47607827e+04,1.97913940e-02
9.63955700e+04,7.86794962e+04,2.59327723e-02,1.39879604e+05,1.83028367e-02,9.50600989e+04,1.97801624e-02
9.67000500e+04,7.89280173e+04,2.59180555e-02,1.40321435e+05,1.82924498e-02,9.53603606e+04,1.97689371e-02
9.70054917e+04,7.91773234e+04,2.59033470e-02,1.40764662e+05,1.82820689e-02,9.56615706e+04,1.97577183e-02
9.73118981e+04,7.94274169e+04,2.58886468e-02,1.41209288e+05,1.82716938e-02,9.59637321e+04,1.97465058e-02
9.76192725e+04,7.96783004e+04,2.58739550e-02,1.41655319e+05,1.82613246e-02,9.62668481e+04,1.97352996e-02
9.79276177e+04,7.99299763e+04,2.58592715e-02,1.42102759e+05,1.82509613e-02,9.65709214e+04,1.97240998e-02
9.82369368e+04,8.01824472e+04,2.58445964e-02,1.42551612e+05,1.82406039e-02,9.68759553e+04,1.97129064e-02
9.85472330e+04,8.04357156e+04,2.58299296e-02,1.43001882e+05,1.82302523e-02,9.71819526e+04,1.97017193e-02
9.88585093e+04,8.06897839e+04,2.58152711e-02,1.43453575e+05,1.82199067e-02,9.74889165e+04,1.96905386e-02
9.91707688e+04,8.09446548e+04,2.58006209e-02,1.43906695e+05,1.82095669e-02,9.77968499e+04,1.96793642e-02
9.94840147e+04,8.12003307e+04,2.57859791e-02,1.44361246e+05,1.81992329e-02,9.81057560e+04,1.96681962e-02
9.97982500e+04,8.14568142e+04,2.57713455e-02,1.44817233e+05,1.81889049e-02,9.84156379e+04,1.96570345e-02
1.00113478e+05,8.17141078e+04,2.57567203e-02,1.45274660e+05,1.81785827e-02,9.87264985e+04,1.96458791e-02
1.00429701e+05,8.19722142e+04,2.57421034e-02,1.45733532e+05,1.81682663e-02,9.90383411e+04,1.96347301e-02
1.00746924e+05,8.22311358e+04,2.57274947e-02,1.46193853e+05,1.81579558e-02,9.93511686e+04,1.96235874e-02
1.01065148e+05,8.24908752e+04,2.57128944e-02,1.46655629e+05,1.81476512e-02,9.96649843e+04,1.96124510e-02
1.01384378e+05,8.27514351e+04,2.56983023e-02,1.47118863e+05,1.81373524e-02,9.99797912e+04,1.96013209e-02
1.01704615e+05,8.30128180e+04,2.56837185e-02,1.47583560e+05,1.81270595e-02,1.00295592e+05,1.95901972e-02
1.02025865e+05,8.32750265e+04,2.56691430e-02,1.48049725e+05,1.81167724e-02,1.00612391e+05,1.95790797e-02
1.02348129e+05,8.35380632e+04,2.56545757e-02,1.48517362e+05,1.81064911e-02,1.00930191e+05,1.95679686e-02
1.02671411e+05,8.38019308e+04,2.56400168e-02,1.48986477e+05,1.80962157e-02,1.01248994e+05,1.95568638e-02
1.02995714e+05,8.40666319e+04,2.56254661e-02,1.49457073e+05,1.80859460e-02,1.01568804e+05,1.95457653e-02
1.03321042e+05,8.43321690e+04,2.56109236e-02,1.49929156e+05,1.80756823e-02,1.01889624e+05,1.95346730e-02
1.03647397e+05,8.45985449e+04,2.55963894e-02,1.50402729e+05,1.80654243e-02,1.02211458e+05,1.95235871e-02
1.03974783e+05,8.48657622e+04,2.55818635e-02,1.50877799e+05,1.80551722e-02,1.02534309e+05,1.95125075e-02
1.04303203e+05,8.51338235e+04,2.55673458e-02,1.51354369e+05,1.80449259e-02,1.02858179e+05,1.95014341e-02
1.04632660e+05,8.54027315e+04,2.55528363e-02,1.51832445e+05,1.80346854e-02,1.03183072e+05,1.94903671e-02
1.04963158e+05,8.56724889e+04,2.55383350e-02,1.52312031e+05,1.80244507e-02,1.03508991e+05,1.94793063e-02
1.05294700e+05,8.59430984e+04,2.55238420e-02,1.52793131e+05,1.80142218e-02,1.03835940e+05,1.94682518e-02
1.05627289e+05,8.62145627e+04,2.55093573e-02,1.53275751e+05,1.80039988e-02,1.04163921e+05,1.94572035e-02
1.05960929e+05,8.64868844e+04,2.54948807e-02,1.53759896e+05,1.79937815e-02,1.04492939e+05,1.94461616e-02
1.06295623e+05,8.67600662e+04,2.54804124e-02,1.54245570e+05,1.79835700e-02,1.04822995e+05,1.94351259e-02
1.06631373e+05,8.70341110e+04,2.54659522e-02,1.54732778e+05,1.79733643e-02,1.05154095e+05,1.94240964e-02
1.06968185e+05,8.73090214e+04,2.54515003e-02,1.55221525e+05,1.79631645e-02,1.05486240e+05,1.94130733e-02
1.07306060e+05,8.75848001e+04,2.54370566e-02,1.55711815e+05,1.79529704e-02,1.05819434e+05,1.94020563e-02
1.07645002e+05,8.78614499e+04,2.54226210e-02,1.56203655e+05,1.79427820e-02,1.06153681e+05,1.93910457e-02
1.07985015e+05,8.81389736e+04,2.54081937e-02,1.56697047e+05,1.79325995e-02,1.06488983e+05,1.93800413e-02
1.08326102e+05,8.84173738e+04,2.53937745e-02,1.57191999e+05,1.79224228e-02,1.06825345e+05,1.93690431e-02
1.08668266e+05,8.86966534e+04,2.53793636e-02,1.57688513e+05,1.79122518e-02,1.07162769e+05,1.93580511e-02
1.09011512e+05,8.89768152e+04,2.53649608e-02,1.58186596e+05,1.79020866e-02,1.07501258e+05,1.93470655e-02
1.09355841e+05,8.92578619e+04,2.53505662e-02,1.58686252e+05,1.78919272e-02,1.07840817e+05,1.93360860e-02
1.09701258e+05,8.95397963e+04,2.53361797e-02,1.59187487e+05,1.78817735e-02,1.08181449e+05,1.93251128e-02
1.10047766e+05,8.98226213e+04,2.53218014e-02,1.59690305e+05,1.78716256e-02,1.08523156e+05,1.93141458e-02
1.10395368e+05,9.01063396e+04,2.53074313e-02,1.60194711e+05,1.78614834e-02,1.08865943e+05,1.93031850e-02
1.10744069e+05,9.03909541e+04,2.52930694e-02,1.60700710e+05,1.78513470e-02,1.09209812e+05,1.92922304e-02
1.11093871e+05,9.06764675e+04,2.52787155e-02,1.61208307e+05,1.78412164e-02,1.09554768e+05,1.92812821e-02
1.11444777e+05,9.09628828e+04,2.52643699e-02,1.61717508e+05,1.78310915e-02,1.09900813e+05,1.92703400e-02
1.11796792e+05,9.12502028e+04,2.52500323e-02,1.62228317e+05,1.78209724e-02,1.10247952e+05,1.92594040e-02
1.12149920e+05,9.15384304e+04,2.52357029e-02,1.62740740e+05,1.78108590e-02,1.10596187e+05,1.92484743e-02
1.12504162e+05,9.18275683e+04,2.52213817e-02,1.63254781e+05,1.78007513e-02,1.10945521e+05,1.92375508e-02
1.12859523e+05,9.21176195e+04,2.52070685e-02,1.63770446e+05,1.77906494e-02,1.11295959e+05,1.92266335e-02
1.13216007e+05,9.24085869e+04,2.51927635e-02,1.64287739e+05,1.77805532e-02,1.11647505e+05,1.92157224e-02
1.13573617e+05,9.27004734e+04,2.51784666e-02,1.64806667e+05,1.77704627e-02,1.12000160e+05,1.92048175e-02
1.13932356e+05,9.29932818e+04,2.51641779e-02,1.65327234e+05,1.77603780e-02,1.12353929e+05,1.91939187e-02
1.14292229e+05,9.32870152e+04,2.51498972e-02,1.65849445e+05,1.77502990e-02,1.12708816e+05,1.91830262e-02
1.14653238e+05,9.35816763e+04,2.51356246e-02,1.66373305e+05,1.77402257e-02,1.13064824e+05,1.91721398e-02
1.15015388e+05,9.38772681e+04,2.51213602e-02,1.66898820e+05,1.77301581e-02,1.13421956e+05,1.91612596e-02
1.15378681e+05,9.41737936e+04,2.51071038e-02,1.67425996e+05,1.77200962e-02,1.13780217e+05,1.91503856e-02
1.15743122e+05,9.44712558e+04,2.50928555e-02,1.67954836e+05,1.77100401e-02,1.14139609e+05,1.91395178e-02
1.16108714e+05,9.47696575e+04,2.50786153e-02,1.68485347e+05,1.76999896e-02,1.14500136e+05,1.91286561e-02
1.16475461e+05,9.50690018e+04,2.50643832e-02,1.69017533e+05,1.76899449e-02,1.14861802e+05,1.91178006e-02
1.16843367e+05,9.53692916e+04,2.50501591e-02,1.69551400e+05,1.76799058e-02,1.15224610e+05,1.91069512e-02
1.17212434e+05,9.56705299e+04,2.50359432e-02,1.70086954e+05,1.76698725e-02,1.15588565e+05,1.90961080e-02
1.17582667e+05,9.59727197e+04,2.50217353e-02,1.70624199e+05,1.76598448e-02,1.15953668e+05,1.90852710e-02
1.17954070e+05,9.62758640e+04,2.50075354e-02,1.71163142e+05,1.76498229e-02,1.16319926e+05,1.90744401e-02
1.18326645e+05,9.65799658e+04,2.49933437e-02,1.71703786e+05,1.76398066e-02,1.16687340e+05,1.90636154e-02
1.18700398e+05,9.68850282e+04,2.49791599e-02,1.72246139e+05,1.76297960e-02,1.17055914e+05,1.90527967e-02
1.19075331e+05,9.71910542e+04,2.49649843e-02,1.72790204e+05,1.76197911e-02,1.17425653e+05,1.90419843e-02
1.19451449e+05,9.74980468e+04,2.49508166e-02,1.73335988e+05,1.76097919e-02,1.17796560e+05,1.90311780e-02
1.19828754e+05,9.78060091e+04,2.49366571e-02,1.73883496e+05,1.75997983e-02,1.18168638e+05,1.90203778e-02
1.20207251e+05,9.81149442e+04,2.49225055e-02,1.74432733e+05,1.75898104e-02,1.18541891e+05,1.90095837e-02
1.20586944e+05,9.84248550e+04,2.49083620e-02,1.74983705e+05,1.75798282e-02,1.18916324e+05,1.89987958e-02
1.20967836e+05,9.87357448e+04,2.48942265e-02,1.75536418e+05,1.75698516e-02,1.19291939e+05,1.89880139e-02
1.21349931e+05,9.90476165e+04,2.48800990e-02,1.76090876e+05,1.75598808e-02,1.19668741e+05,1.89772382e-02
1.21733233e+05,9.93604734e+04,2.48659796e-02,1.76647085e+05,1.75499155e-02,1.20046732e+05,1.89664687e-02
1.22117746e+05,9.96743184e+04,2.48518681e-02,1.77205052e+05,1.75399559e-02,1.20425918e+05,1.89557052e-02
1.22503473e+05,9.99891548e+04,2.48377647e-02,1.77764781e+05,1.75300020e-02,1.20806301e+05,1.89449478e-02
1.22890419e+05,1.00304986e+05,2.48236692e-02,1.78326278e+05,1.75200537e-02,1.21187886e+05,1.89341966e-02
1.23278587e+05,1.00621814e+05,2.48095818e-02,1.78889548e+05,1.75101111e-02,1.21570677e+05,1.89234514e-02
1.23667981e+05,1.00939643e+05,2.47955024e-02,1.79454598e+05,1.75001741e-02,1.21954676e+05,1.89127124e-02
1.24058605e+05,1.01258476e+05,2.47814309e-02,1.80021432e+05,1.74902428e-02,1.22339888e+05,1.89019794e-02
1.24450463e+05,1.01578317e+05,2.47673675e-02,1.80590057e+05,1.74803171e-02,1.22726317e+05,1.88912525e-02
1.24843558e+05,1.01899167e+05,2.47533120e-02,1.81160478e+05,1.74703970e-02,1.23113967e+05,1.88805317e-02
1.25237896e+05,1.02221031e+05,2.47392645e-02,1.81732701e+05,1.74604825e-02,1.23502841e+05,1.88698170e-02
1.25633478e+05,1.02543911e+05,2.47252249e-02,1.82306731e+05,1.74505737e-02,1.23892943e+05,1.88591084e-02
1.26030311e+05,1.02867812e+05,2.47111934e-02,1.82882574e+05,1.74406705e-02,1.24284278e+05,1.88484059e-02
1.26428396e+05,1.03192735e+05,2.46971698e-02,1.83460236e+05,1.74307729e-02,1.24676848e+05,1.88377094e-02
1.26827740e+05,1.03518685e+05,2.46831541e-02,1.84039723e+05,1.74208810e-02,1.25070659e+05,1.88270190e-02
1.27228344e+05,1.03845665e+05,2.46691464e-02,1.84621041e+05,1.74109946e-02,1.25465714e+05,1.88163347e-02
1.27630214e+05,1.04173677e+05,2.46551467e-02,1.85204194e+05,1.74011139e-02,1.25862016e+05,1.88056564e-02
1.28033353e+05,1.04502725e+05,2.46411549e-02,1.85789189e+05,1.73912387e-02,1.26259570e+05,1.87949842e-02
1.28437766e+05,1.04832813e+05,2.46271710e-02,1.86376033e+05,1.73813692e-02,1.26658380e+05,1.87843180e-02
1.28843456e+05,1.05163943e+05,2.46131951e-02,1.86964729e+05,1.73715053e-02,1.27058450e+05,1.87736579e-02
1.29250428e+05,1.05496119e+05,2.45992271e-02,1.87555286e+05,1.73616469e-02,1.27459783e+05,1.87630039e-02
1.29658685e+05,1.05829345e+05,2.45852671e-02,1.88147707e+05,1.73517942e-02,1.27862384e+05,1.87523559e-02
1.30068231e+05,1.06163622e+05,2.45713149e-02,1.88742000e+05,1.73419471e-02,1.28266257e+05,1.87417139e-02
1.30479071e+05,1.06498956e+05,2.45573707e-02,1.89338170e+05,1.73321055e-02,1.28671405e+05,1.87310780e-02
1.30891209e+05,1.06835349e+05,2.45434344e-02,1.89936224e+05,1.73222695e-02,1.29077833e+05,1.87204481e-02
1.31304649e+05,1.07172805e+05,2.45295060e-02,1.90536166e+05,1.73124392e-02,1.29485545e+05,1.87098242e-02
1.31719394e+05,1.07511326e+05,2.45155855e-02,1.91138003e+05,1.73026143e-02,1.29894544e+05,1.86992064e-02
1.32135450e+05,1.07850917e+05,2.45016729e-02,1.91741741e+05,1.72927951e-02,1.30304836e+05,1.86885946e-02
1.32552820e+05,1.08191581e+05,2.44877682e-02,1.92347387e+05,1.72829815e-02,1.30716423e+05,1.86779888e-02
1.32971508e+05,1.08533320e+05,2.44738714e-02,1.92954945e+05,1.72731734e-02,1.31129311e+05,1.86673891e-02
1.33391518e+05,1.08876139e+05,2.44599825e-02,1.93564422e+05,1.72633708e-02,1.31543503e+05,1.86567953e-02
1.33812856e+05,1.09220041e+05,2.44461014e-02,1.94175825e+05,1.72535739e-02,1.31959003e+05,1.86462076e-02
1.34235524e+05,1.09565029e+05,2.44322283e-02,1.94789158e+05,1.72437825e-02,1.32375815e+05,1.86356259e-02
1.34659527e+05,1.09911106e+05,2.44183630e-02,1.95404429e+05,1.72339966e-02,1.32793944e+05,1.86250502e-02
1.35084869e+05,1.10258277e+05,2.44045056e-02,1.96021643e+05,1.72242163e-02,1.33213394e+05,1.86144804e-02
1.35511555e+05,1.10606544e+05,2.43906560e-02,1.96640807e+05,1.72144416e-02,1.33634168e+05,1.86039167e-02
1.35939589e+05,1.10955912e+05,2.43768143e-02,1.97261927e+05,1.72046724e-02,1.34056272e+05,1.85933590e-02
1.36368975e+05,1.11306383e+05,2.43629805e-02,1.97885009e+05,1.71949087e-02,1.34479709e+05,1.85828073e-02
1.36799717e+05,1.11657961e+05,2.43491545e-02,1.98510058e+05,1.71851506e-02,1.34904484e+05,1.85722615e-02
1.37231819e+05,1.12010649e+05,2.43353363e-02,1.99137082e+05,1.71753980e-02,1.35330600e+05,1.85617218e-02
1.37665287e+05,1.12364452e+05,2.43215260e-02,1.99766087e+05,1.71656510e-02,1.35758062e+05,1.85511880e-02
1.38100123e+05,1.12719372e+05,2.43077236e-02,2.00397078e+05,1.71559095e-02,1.36186874e+05,1.85406602e-02
1.38536333e+05,1.13075413e+05,2.42939289e-02,2.01030063e+05,1.71461735e-02,1.36617041e+05,1.85301384e-02
1.38973921e+05,1.13432579e+05,2.42801421e-02,2.01665046e+05,1.71364431e-02,1.37048566e+05,1.85196225e-02
1.39412891e+05,1.13790873e+05,2.42663631e-02,2.02302036e+05,1.71267181e-02,1.37481455e+05,1.85091126e-02
1.39853248e+05,1.14150299e+05,2.42525920e-02,2.02941037e+05,1.71169987e-02,1.37915711e+05,1.84986087e-02
1.40294995e+05,1.14510859e+05,2.42388286e-02,2.03582057e+05,1.71072848e-02,1.38351339e+05,1.84881107e-02
1.40738138e+05,1.14872559e+05,2.42250731e-02,2.04225102e+05,1.70975764e-02,1.38788342e+05,1.84776187e-02
1.41182681e+05,1.15235402e+05,2.42113254e-02,2.04870178e+05,1.70878736e-02,1.39226726e+05,1.84671327e-02
1.41628628e+05,1.15599390e+05,2.41975854e-02,2.05517291e+05,1.70781762e-02,1.39666495e+05,1.84566526e-02
1.42075983e+05,1.15964528e+05,2.41838533e-02,2.06166448e+05,1.70684843e-02,1.40107652e+05,1.84461784e-02
1.42524752e+05,1.16330820e+05,2.41701290e-02,2.06817656e+05,1.70587980e-02,1.40550204e+05,1.84357102e-02
1.42974938e+05,1.16698268e+05,2.41564124e-02,2.07470921e+05,1.70491171e-02,1.40994153e+05,1.84252480e-02
1.43426546e+05,1.17066877e+05,2.41427037e-02,2.08126249e+05,1.70394417e-02,1.41439504e+05,1.84147916e-02
1.43879580e+05,1.17436651e+05,2.41290027e-02,2.08783647e+05,1.70297718e-02,1.41886262e+05,1.84043412e-02
1.44334045e+05,1.17807592e+05,2.41153095e-02,2.09443122e+05,1.70201074e-02,1.42334431e+05,1.83938968e-02
1.44789946e+05,1.18179705e+05,2.41016240e-02,2.10104680e+05,1.70104485e-02,1.42784016e+05,1.83834582e-02
1.45247287e+05,1.18552993e+05,2.40879463e-02,2.10768327e+05,1.70007951e-02,1.43235021e+05,1.83730256e-02
1.45706073e+05,1.18927461e+05,2.40742764e-02,2.11434071e+05,1.69911472e-02,1.43687450e+05,1.83625989e-02
1.46166307e+05,1.19303111e+05,2.40606143e-02,2.12101917e+05,1.69815047e-02,1.44141309e+05,1.83521782e-02
1.46627995e+05,1.19679948e+05,2.40469599e-02,2.12771873e+05,1.69718677e-02,1.44596601e+05,1.83417633e-02
1.47091142e+05,1.20057975e+05,2.40333132e-02,2.13443945e+05,1.69622361e-02,1.45053331e+05,1.83313543e-02
1.47555752e+05,1.20437197e+05,2.40196743e-02,2.14118140e+05,1.69526101e-02,1.45511504e+05,1.83209513e-02
1.48021829e+05,1.20817616e+05,2.40060432e-02,2.14794465e+05,1.69429895e-02,1.45971124e+05,1.83105542e-02
1.48489378e+05,1.21199236e+05,2.39924197e-02,2.15472925e+05,1.69333743e-02,1.46432196e+05,1.83001629e-02
1.48958404e+05,1.21582062e+05,2.39788040e-02,2.16153529e+05,1.69237646e-02,1.46894724e+05,1.82897776e-02
1.49428912e+05,1.21966098e+05,2.39651961e-02,2.16836283e+05,1.69141604e-02,1.47358713e+05,1.82793981e-02
1.49900906e+05,1.22351346e+05,2.39515958e-02,2.17521193e+05,1.69045616e-02,1.47824168e+05,1.82690246e-02
1.50374390e+05,1.22737811e+05,2.39380033e-02,2.18208266e+05,1.68949683e-02,1.48291093e+05,1.82586569e-02
1.50849370e+05,1.23125497e+05,2.39244185e-02,2.18897510e+05,1.68853804e-02,1.48759492e+05,1.82482951e-02
1.51325851e+05,1.23514408e+05,2.39108414e-02,2.19588931e+05,1.68757979e-02,1.49229372e+05,1.82379392e-02
1.51803836e+05,1.23904546e+05,2.38972720e-02,2.20282536e+05,1.68662209e-02,1.49700735e+05,1.82275892e-02
1.52283332e+05,1.24295918e+05,2.38837103e-02,2.20978331e+05,1.68566493e-02,1.50173588e+05,1.82172450e-02
1.52764342e+05,1.24688525e+05,2.38701562e-02,2.21676325e+05,1.68470832e-02,1.50647934e+05,1.82069067e-02
1.53246871e+05,1.25082373e+05,2.38566099e-02,2.22376523e+05,1.68375224e-02,1.51123778e+05,1.81965743e-02
1.53730924e+05,1.25477464e+05,2.38430713e-02,2.23078933e+05,1.68279672e-02,1.51601125e+05,1.81862478e-02
1.54216507e+05,1.25873804e+05,2.38295404e-02,2.23783561e+05,1.68184173e-02,1.52079980e+05,1.81759271e-02
1.54703623e+05,1.26271395e+05,2.38160171e-02,2.24490415e+05,1.68088728e-02,1.52560348e+05,1.81656122e-02
1.55192277e+05,1.26670242e+05,2.38025015e-02,2.25199502e+05,1.67993338e-02,1.53042233e+05,1.81553032e-02
1.55682476e+05,1.27070349e+05,2.37889936e-02,2.25910829e+05,1.67898002e-02,1.53525639e+05,1.81450001e-02
1.56174222e+05,1.27471720e+05,2.37754933e-02,2.26624402e+05,1.67802720e-02,1.54010573e+05,1.81347028e-02
1.56667522e+05,1.27874359e+05,2.37620007e-02,2.27340229e+05,1.67707492e-02,1.54497039e+05,1.81244114e-02
1.57162380e+05,1.28278269e+05,2.37485158e-02,2.28058318e+05,1.67612318e-02,1.54985041e+05,1.81141258e-02
1.57658801e+05,1.28683456e+05,2.37350385e-02,2.28778674e+05,1.67517198e-02,1.55474585e+05,1.81038460e-02
1.58156790e+05,1.29089922e+05,2.37215689e-02,2.29501306e+05,1.67422132e-02,1.55965675e+05,1.80935721e-02
1.58656352e+05,1.29497672e+05,2.37081069e-02,2.30226221e+05,1.67327119e-02,1.56458316e+05,1.80833040e-02
1.59157492e+05,1.29906710e+05,2.36946525e-02,2.30953425e+05,1.67232161e-02,1.56952513e+05,1.80730417e-02
1.59660215e+05,1.30317040e+05,2.36812058e-02,2.31682926e+05,1.67137257e-02,1.57448271e+05,1.80627852e-02
1.60164526e+05,1.30728666e+05,2.36677667e-02,2.32414732e+05,1.67042407e-02,1.57945595e+05,1.80525346e-02
1.60670430e+05,1.31141592e+05,2.36543353e-02,2.33148849e+05,1.66947610e-02,1.58444490e+05,1.80422898e-02
1.61177932e+05,1.31555822e+05,2.36409114e-02,2.33885285e+05,1.66852867e-02,1.58944961e+05,1.80320508e-02
1.61687037e+05,1.31971361e+05,2.36274952e-02,2.34624047e+05,1.66758178e-02,1.59447013e+05,1.80218176e-02
1.62197750e+05,1.32388213e+05,2.36140866e-02,2.35365142e+05,1.66663543e-02,1.59950650e+05,1.80115902e-02
1.62710076e+05,1.32806381e+05,2.36006856e-02,2.36108579e+05,1.66568961e-02,1.60455879e+05,1.80013686e-02
1.63224020e+05,1.33225870e+05,2.35872922e-02,2.36854363e+05,1.66474434e-02,1.60962703e+05,1.79911529e-02
1.63739588e+05,1.33646684e+05,2.35739065e-02,2.37602503e+05,1.66379959e-02,1.61471128e+05,1.79809429e-02
1.64256784e+05,1.34068827e+05,2.35605283e-02,2.38353007e+05,1.66285539e-02,1.61981159e+05,1.79707387e-02
1.64775614e+05,1.34492304e+05,2.35471577e-02,2.39105881e+05,1.66191172e-02,1.62492801e+05,1.79605403e-02
1.65296082e+05,1.34917118e+05,2.35337946e-02,2.39861133e+05,1.66096858e-02,1.63006059e+05,1.79503477e-02
1.65818195e+05,1.35343274e+05,2.35204392e-02,2.40618770e+05,1.66002598e-02,1.63520938e+05,1.79401609e-02
1.66341957e+05,1.35770776e+05,2.35070914e-02,2.41378801e+05,1.65908392e-02,1.64037443e+05,1.79299798e-02
1.66867373e+05,1.36199629e+05,2.34937511e-02,2.42141232e+05,1.65814239e-02,1.64555580e+05,1.79198046e-02
1.67394449e+05,1.36629836e+05,2.34804184e-02,2.42906072e+05,1.65720139e-02,1.65075354e+05,1.79096351e-02
1.67923189e+05,1.37061402e+05,2.34670932e-02,2.43673327e+05,1.65626093e-02,1.65596770e+05,1.78994714e-02
1.68453600e+05,1.37494331e+05,2.34537757e-02,2.44443006e+05,1.65532100e-02,1.66119832e+05,1.78893134e-02
1.68985686e+05,1.37928628e+05,2.34404657e-02,2.45215117e+05,1.65438161e-02,1.66644546e+05,1.78791612e-02
1.69519453e+05,1.38364296e+05,2.34271632e-02,2.45989665e+05,1.65344274e-02,1.67170918e+05,1.78690148e-02
1.70054906e+05,1.38801340e+05,2.34138683e-02,2.46766661e+05,1.65250442e-02,1.67698953e+05,1.78588741e-02
1.70592050e+05,1.39239765e+05,2.34005809e-02,2.47546111e+05,1.65156662e-02,1.68228655e+05,1.78487392e-02
1.71130891e+05,1.39679575e+05,2.33873011e-02,2.48328022e+05,1.65062936e-02,1.68760031e+05,1.78386101e-02
1.71671433e+05,1.40120774e+05,2.33740288e-02,2.49112404e+05,1.64969262e-02,1.69293085e+05,1.78284866e-02
1.72213684e+05,1.40563367e+05,2.33607640e-02,2.49899263e+05,1.64875642e-02,1.69827823e+05,1.78183690e-02
1.72757646e+05,1.41007357e+05,2.33475068e-02,2.50688608e+05,1.64782075e-02,1.70364250e+05,1.78082571e-02
1.73303328e+05,1.41452750e+05,2.33342571e-02,2.51480445e+05,1.64688562e-02,1.70902371e+05,1.77981509e-02
1.73850732e+05,1.41899550e+05,2.33210149e-02,2.52274784e+05,1.64595101e-02,1.71442192e+05,1.77880504e-02
1.74399866e+05,1.42347761e+05,2.33077802e-02,2.53071632e+05,1.64501693e-02,1.71983718e+05,1.77779557e-02
1.74950734e+05,1.42797388e+05,2.32945530e-02,2.53870997e+05,1.64408338e-02,1.72526954e+05,1.77678667e-02
1.75503343e+05,1.43248435e+05,2.32813334e-02,2.54672887e+05,1.64315037e-02,1.73071907e+05,1.77577834e-02
1.76057696e+05,1.43700907e+05,2.32681212e-02,2.55477310e+05,1.64221788e-02,1.73618580e+05,1.77477059e-02
1.76613801e+05,1.44154808e+05,2.32549166e-02,2.56284274e+05,1.64128592e-02,1.74166981e+05,1.77376341e-02
1.77171663e+05,1.44610143e+05,2.32417194e-02,2.57093786e+05,1.64035449e-02,1.74717114e+05,1.77275680e-02
1.77731286e+05,1.45066916e+05,2.32285297e-02,2.57905856e+05,1.63942359e-02,1.75268984e+05,1.77175076e-02
1.78292677e+05,1.45525132e+05,2.32153475e-02,2.58720490e+05,1.63849322e-02,1.75822598e+05,1.77074529e-02
1.78855841e+05,1.45984795e+05,2.32021728e-02,2.59537698e+05,1.63756337e-02,1.76377960e+05,1.76974039e-02
1.79420785e+05,1.46445910e+05,2.31890056e-02,2.60357487e+05,1.63663405e-02,1.76935076e+05,1.76873606e-02
1.79987512e+05,1.46908481e+05,2.31758458e-02,2.61179865e+05,1.63570526e-02,1.77493952e+05,1.76773231e-02
1.80556030e+05,1.47372514e+05,2.31626935e-02,2.62004841e+05,1.63477700e-02,1.78054594e+05,1.76672912e-02
1.81126343e+05,1.47838012e+05,2.31495487e-02,2.62832423e+05,1.63384926e-02,1.78617006e+05,1.76572650e-02
1.81698458e+05,1.48304981e+05,2.31364113e-02,2.63662619e+05,1.63292206e-02,1.79181195e+05,1.76472445e-02
1.82272380e+05,1.48773425e+05,2.31232814e-02,2.64495437e+05,1.63199537e-02,1.79747166e+05,1.76372297e-02
1.82848115e+05,1.49243348e+05,2.31101590e-02,2.65330886e+05,1.63106921e-02,1.80314924e+05,1.76272205e-02
1.83425668e+05,1.49714755e+05,2.30970439e-02,2.66168974e+05,1.63014358e-02,1.80884476e+05,1.76172171e-02
1.84005046e+05,1.50187652e+05,2.30839364e-02,2.67009708e+05,1.62921848e-02,1.81455827e+05,1.76072193e-02
1.84586254e+05,1.50662043e+05,2.30708362e-02,2.67853099e+05,1.62829389e-02,1.82028983e+05,1.75972272e-02
1.85169297e+05,1.51137931e+05,2.30577435e-02,2.68699153e+05,1.62736984e-02,1.82603949e+05,1.75872408e-02
1.85754183e+05,1.51615323e+05,2.30446583e-02,2.69547880e+05,1.62644631e-02,1.83180731e+05,1.75772600e-02
1.86340915e+05,1.52094223e+05,2.30315804e-02,2.70399288e+05,1.62552330e-02,1.83759335e+05,1.75672849e-02
1.86929501e+05,1.52574636e+05,2.30185100e-02,2.71253385e+05,1.62460081e-02,1.84339766e+05,1.75573155e-02
1.87519946e+05,1.53056566e+05,2.30054470e-02,2.72110180e+05,1.62367885e-02,1.84922031e+05,1.75473517e-02
1.88112256e+05,1.53540018e+05,2.29923914e-02,2.72969681e+05,1.62275741e-02,1.85506136e+05,1.75373936e-02
1.88706437e+05,1.54024997e+05,2.29793432e-02,2.73831897e+05,1.62183650e-02,1.86092085e+05,1.75274411e-02
1.89302495e+05,1.54511508e+05,2.29663024e-02,2.74696836e+05,1.62091611e-02,1.86679885e+05,1.75174943e-02
1.89900435e+05,1.54999556e+05,2.29532691e-02,2.75564507e+05,1.61999624e-02,1.87269541e+05,1.75075531e-02
1.90500265e+05,1.55489146e+05,2.29402431e-02,2.76434919e+05,1.61907689e-02,1.87861060e+05,1.74976176e-02
1.91101988e+05,1.55980282e+05,2.29272245e-02,2.77308081e+05,1.61815806e-02,1.88454448e+05,1.74876877e-02
1.91705613e+05,1.56472969e+05,2.29142133e-02,2.78184000e+05,1.61723976e-02,1.89049710e+05,1.74777634e-02
1.92311144e+05,1.56967213e+05,2.29012095e-02,2.79062686e+05,1.61632197e-02,1.89646852e+05,1.74678448e-02
1.92918588e+05,1.57463017e+05,2.28882130e-02,2.79944148e+05,1.61540471e-02,1.90245880e+05,1.74579318e-02
1.93527950e+05,1.57960388e+05,2.28752240e-02,2.80828394e+05,1.61448797e-02,1.90846800e+05,1.74480244e-02
1.94139237e+05,1.58459330e+05,2.28622423e-02,2.81715433e+05,1.61357175e-02,1.91449619e+05,1.74381227e-02
1.94752456e+05,1.58959847e+05,2.28492680e-02,2.82605273e+05,1.61265605e-02,1.92054341e+05,1.74282265e-02
1.95367611e+05,1.59461946e+05,2.28363010e-02,2.83497925e+05,1.61174086e-02,1.92660974e+05,1.74183360e-02
1.95984709e+05,1.59965631e+05,2.28233414e-02,2.84393396e+05,1.61082620e-02,1.93269522e+05,1.74084511e-02
1.96603756e+05,1.60470906e+05,2.28103892e-02,2.85291695e+05,1.60991206e-02,1.93879993e+05,1.73985718e-02
1.97224759e+05,1.60977778e+05,2.27974443e-02,2.86192832e+05,1.60899843e-02,1.94492393e+05,1.73886981e-02
1.97847723e+05,1.61486250e+05,2.27845067e-02,2.87096815e+05,1.60808532e-02,1.95106726e+05,1.73788300e-02
1.98472655e+05,1.61996329e+05,2.27715765e-02,2.88003654e+05,1.60717274e-02,1.95723000e+05,1.73689676e-02
1.99099560e+05,1.62508019e+05,2.27586536e-02,2.88913357e+05,1.60626067e-02,1.96341221e+05,1.73591107e-02
1.99728446e+05,1.63021325e+05,2.27457381e-02,2.89825933e+05,1.60534911e-02,1.96961394e+05,1.73492594e-02
2.00359319e+05,1.63536253e+05,2.27328299e-02,2.90741392e+05,1.60443808e-02,1.97583527e+05,1.73394137e-02
2.00992184e+05,1.64052806e+05,2.27199290e-02,2.91659743e+05,1.60352756e-02,1.98207624e+05,1.73295735e-02
2.01627048e+05,1.64570992e+05,2.27070354e-02,2.92580994e+05,1.60261756e-02,1.98833693e+05,1.73197390e-02
2.02263918e+05,1.65090814e+05,2.26941492e-02,2.93505156e+05,1.60170807e-02,1.99461739e+05,1.73099101e-02
2.02902799e+05,1.65612279e+05,2.26812703e-02,2.94432236e+05,1.60079910e-02,2.00091769e+05,1.73000867e-02
2.03543698e+05,1.66135390e+05,2.26683986e-02,2.95362245e+05,1.59989065e-02,2.00723789e+05,1.72902689e-02
2.04186621e+05,1.66660154e+05,2.26555343e-02,2.96295191e+05,1.59898271e-02,2.01357805e+05,1.72804567e-02
2.04831576e+05,1.67186575e+05,2.26426773e-02,2.97231084e+05,1.59807529e-02,2.01993824e+05,1.72706500e-02
2.05478567e+05,1.67714659e+05,2.26298276e-02,2.98169933e+05,1.59716838e-02,2.02631852e+05,1.72608489e-02
2.06127602e+05,1.68244411e+05,2.26169852e-02,2.99111748e+05,1.59626199e-02,2.03271896e+05,1.72510534e-02
2.06778687e+05,1.68775836e+05,2.26041500e-02,3.00056537e+05,1.59535611e-02,2.03913961e+05,1.72412634e-02
2.07431829e+05,1.69308940e+05,2.25913222e-02,3.01004311e+05,1.59445074e-02,2.04558054e+05,1.72314790e-02
2.08087034e+05,1.69843728e+05,2.25785016e-02,3.01955079e+05,1.59354589e-02,2.05204181e+05,1.72217001e-02
2.08744308e+05,1.70380205e+05,2.25656883e-02,3.02908849e+05,1.59264155e-02,2.05852349e+05,1.72119268e-02
2.09403658e+05,1.70918377e+05,2.25528823e-02,3.03865633e+05,1.59173773e-02,2.06502565e+05,1.72021590e-02
2.10065091e+05,1.71458248e+05,2.25400835e-02,3.04825438e+05,1.59083442e-02,2.07154835e+05,1.71923968e-02
2.10728614e+05,1.71999825e+05,2.25272920e-02,3.05788275e+05,1.58993162e-02,2.07809164e+05,1.71826401e-02
2.11394232e+05,1.72543112e+05,2.25145078e-02,3.06754154e+05,1.58902933e-02,2.08465561e+05,1.71728890e-02
2.12061952e+05,1.73088116e+05,2.25017308e-02,3.07723083e+05,1.58812756e-02,2.09124031e+05,1.71631434e-02
2.12731782e+05,1.73634841e+05,2.24889611e-02,3.08695073e+05,1.58722630e-02,2.09784581e+05,1.71534033e-02
2.13403728e+05,1.74183293e+05,2.24761986e-02,3.09670133e+05,1.58632555e-02,2.10447217e+05,1.71436687e-02
2.14077795e+05,1.74733477e+05,2.24634433e-02,3.10648273e+05,1.58542531e-02,2.11111946e+05,1.71339397e-02
2.14753992e+05,1.75285399e+05,2.24506953e-02,3.11629502e+05,1.58452558e-02,2.11778775e+05,1.71242162e-02
2.15432325e+05,1.75839064e+05,2.24379545e-02,3.12613831e+05,1.58362636e-02,2.12447710e+05,1.71144982e-02
2.16112801e+05,1.76394479e+05,2.24252210e-02,3.13601269e+05,1.58272765e-02,2.13118759e+05,1.71047857e-02
2.16795426e+05,1.76951647e+05,2.24124947e-02,3.14591826e+05,1.58182945e-02,2.13791926e+05,1.70950787e-02
2.17480207e+05,1.77510576e+05,2.23997756e-02,3.15585512e+05,1.58093177e-02,2.14467220e+05,1.70853773e-02
2.18167151e+05,1.78071270e+05,2.23870637e-02,3.16582336e+05,1.58003459e-02,2.15144648e+05,1.70756813e-02
2.18856265e+05,1.78633735e+05,2.23743591e-02,3.17582309e+05,1.57913792e-02,2.15824214e+05,1.70659909e-02
2.19547555e+05,1.79197976e+05,2.23616616e-02,3.18585441e+05,1.57824176e-02,2.16505928e+05,1.70563059e-02
2.20241029e+05,1.79764000e+05,2.23489714e-02,3.19591741e+05,1.57734610e-02,2.17189794e+05,1.70466265e-02
2.20936694e+05,1.80331812e+05,2.23362883e-02,3.20601220e+05,1.57645096e-02,2.17875821e+05,1.70369525e-02
2.21634556e+05,1.80901417e+05,2.23236125e-02,3.21613887e+05,1.57555632e-02,2.18564015e+05,1.70272840e-02
2.22334622e+05,1.81472821e+05,2.23109438e-02,3.22629753e+05,1.57466220e-02,2.19254382e+05,1.70176211e-02
2.23036899e+05,1.82046031e+05,2.22982824e-02,3.23648828e+05,1.57376857e-02,2.19946930e+05,1.70079636e-02
2.23741395e+05,1.82621051e+05,2.22856281e-02,3.24671122e+05,1.57287546e-02,2.20641666e+05,1.69983115e-02
2.24448116e+05,1.83197887e+05,2.22729810e-02,3.25696644e+05,1.57198285e-02,2.21338596e+05,1.69886650e-02
2.25157069e+05,1.83776545e+05,2.22603411e-02,3.26725406e+05,1.57109075e-02,2.22037727e+05,1.69790239e-02
2.25868262e+05,1.84357031e+05,2.22477084e-02,3.27757418e+05,1.57019916e-02,2.22739067e+05,1.69693883e-02
2.26581701e+05,1.84939350e+05,2.22350828e-02,3.28792689e+05,1.56930807e-02,2.23442622e+05,1.69597582e-02
2.27297393e+05,1.85523509e+05,2.22224644e-02,3.29831230e+05,1.56841749e-02,2.24148399e+05,1.69501335e-02
2.28015347e+05,1.86109513e+05,2.22098531e-02,3.30873052e+05,1.56752741e-02,2.24856406e+05,1.69405143e-02
2.28735567e+05,1.86697368e+05,2.21972490e-02,3.31918165e+05,1.56663784e-02,2.25566649e+05,1.69309006e-02
2.29458063e+05,1.87287080e+05,2.21846521e-02,3.32966578e+05,1.56574877e-02,2.26279135e+05,1.69212923e-02
2.30182841e+05,1.87878654e+05,2.21720623e-02,3.34018303e+05,1.56486021e-02,2.26993872e+05,1.69116895e-02
2.30909908e+05,1.88472098e+05,2.21594796e-02,3.35073351e+05,1.56397215e-02,2.27710866e+05,1.69020921e-02
2.31639272e+05,1.89067415e+05,2.21469041e-02,3.36131730e+05,1.56308460e-02,2.28430125e+05,1.68925002e-02
2.32370940e+05,1.89664613e+05,2.21343358e-02,3.37193453e+05,1.56219755e-02,2.29151656e+05,1.68829137e-02
2.33104918e+05,1.90263697e+05,2.21217745e-02,3.38258530e+05,1.56131100e-02,2.29875466e+05,1.68733326e-02
2.33841216e+05,1.90864674e+05,2.21092204e-02,3.39326970e+05,1.56042496e-02,2.30601563e+05,1.68637570e-02
2.34579838e+05,1.91467549e+05,2.20966734e-02,3.40398786e+05,1.55953942e-02,2.31329952e+05,1.68541868e-02
2.35320794e+05,1.92072328e+05,2.20841336e-02,3.41473987e+05,1.55865438e-02,2.32060643e+05,1.68446221e-02
2.36064090e+05,1.92679017e+05,2.20716008e-02,3.42552584e+05,1.55776984e-02,2.32793642e+05,1.68350627e-02
2.36809734e+05,1.93287623e+05,2.20590752e-02,3.43634588e+05,1.55688581e-02,2.33528955e+05,1.68255088e-02
2.37557734e+05,1.93898151e+05,2.20465567e-02,3.44720009e+05,1.55600227e-02,2.34266592e+05,1.68159604e-02
2.38308096e+05,1.94510608e+05,2.20340453e-02,3.45808860e+05,1.55511924e-02,2.35006558e+05,1.68064173e-02
2.39060828e+05,1.95124999e+05,2.20215409e-02,3.46901149e+05,1.55423671e-02,2.35748862e+05,1.67968797e-02
2.39815937e+05,1.95741331e+05,2.20090437e-02,3.47996889e+05,1.55335468e-02,2.36493510e+05,1.67873474e-02
2.40573432e+05,1.96359609e+05,2.19965536e-02,3.49096089e+05,1.55247315e-02,2.37240511e+05,1.67778206e-02
2.41333320e+05,1.96979841e+05,2.19840705e-02,3.50198762e+05,1.55159213e-02,2.37989871e+05,1.67682992e-02
2.42095607e+05,1.97602031e+05,2.19715946e-02,3.51304918e+05,1.55071160e-02,2.38741598e+05,1.67587832e-02
2.42860303e+05,1.98226187e+05,2.19591257e-02,3.52414567e+05,1.54983157e-02,2.39495699e+05,1.67492726e-02
2.43627414e+05,1.98852314e+05,2.19466639e-02,3.53527722e+05,1.54895204e-02,2.40252182e+05,1.67397674e-02
2.44396948e+05,1.99480419e+05,2.19342092e-02,3.54644393e+05,1.54807301e-02,2.41011055e+05,1.67302675e-02
2.45168913e+05,2.00110509e+05,2.19217615e-02,3.55764590e+05,1.54719448e-02,2.41772325e+05,1.67207731e-02
2.45943316e+05,2.00742588e+05,2.19093209e-02,3.56888326e+05,1.54631644e-02,2.42535999e+05,1.67112841e-02
2.46720165e+05,2.01376663e+05,2.18968874e-02,3.58015612e+05,1.54543891e-02,2.43302086e+05,1.67018004e-02
2.47499467e+05,2.02012742e+05,2.18844609e-02,3.59146458e+05,1.54456187e-02,2.44070592e+05,1.66923221e-02
2.48281232e+05,2.02650830e+05,2.18720414e-02,3.60280877e+05,1.54368533e-02,2.44841526e+05,1.66828493e-02
2.49065466e+05,2.03290933e+05,2.18596291e-02,3.61418878e+05,1.54280929e-02,2.45614895e+05,1.66733817e-02
2.49852176e+05,2.03933058e+05,2.18472237e-02,3.62560474e+05,1.54193375e-02,2.46390707e+05,1.66639196e-02
2.50641372e+05,2.04577211e+05,2.18348254e-02,3.63705676e+05,1.54105870e-02,2.47168969e+05,1.66544628e-02
2.51433061e+05,2.05223399e+05,2.18224341e-02,3.64854496e+05,1.54018415e-02,2.47949689e+05,1.66450114e-02
2.52227250e+05,2.05871629e+05,2.18100499e-02,3.66006944e+05,1.53931010e-02,2.48732876e+05,1.66355654e-02
2.53023948e+05,2.06521905e+05,2.17976727e-02,3.67163032e+05,1.53843654e-02,2.49518536e+05,1.66261247e-02
2.53823162e+05,2.07174236e+05,2.17853025e-02,3.68322772e+05,1.53756347e-02,2.50306678e+05,1.66166894e-02
2.54624901e+05,2.07828627e+05,2.17729394e-02,3.69486175e+05,1.53669091e-02,2.51097309e+05,1.66072594e-02
2.55429172e+05,2.08485085e+05,2.17605832e-02,3.70653252e+05,1.53581883e-02,2.51890438e+05,1.65978348e-02
2.56235984e+05,2.09143617e+05,2.17482341e-02,3.71824017e+05,1.53494726e-02,2.52686072e+05,1.65884155e-02
2.57045344e+05,2.09804228e+05,2.17358920e-02,3.72998479e+05,1.53407617e-02,2.53484219e+05,1.65790016e-02
2.57857260e+05,2.10466927e+05,2.17235569e-02,3.74176651e+05,1.53320559e-02,2.54284887e+05,1.65695930e-02
2.58671741e+05,2.11131718e+05,2.17112287e-02,3.75358544e+05,1.53233549e-02,2.55088085e+05,1.65601897e-02
2.59488795e+05,2.11798609e+05,2.16989076e-02,3.76544171e+05,1.53146589e-02,2.55893819e+05,1.65507918e-02
2.60308430e+05,2.12467607e+05,2.16865935e-02,3.77733543e+05,1.53059678e-02,2.56702098e+05,1.65413993e-02
2.61130653e+05,2.13138718e+05,2.16742863e-02,3.78926671e+05,1.52972817e-02,2.57512930e+05,1.65320120e-02
2.61955474e+05,2.13811949e+05,2.16619862e-02,3.80123568e+05,1.52886005e-02,2.58326324e+05,1.65226301e-02
2.62782900e+05,2.14487306e+05,2.16496930e-02,3.81324246e+05,1.52799242e-02,2.59142287e+05,1.65132535e-02
2.63612939e+05,2.15164797e+05,2.16374068e-02,3.82528716e+05,1.52712529e-02,2.59960827e+05,1.65038822e-02
2.64445600e+05,2.15844427e+05,2.16251276e-02,3.83736991e+05,1.52625864e-02,2.60781952e+05,1.64945163e-02
2.65280892e+05,2.16526205e+05,2.16128553e-02,3.84949082e+05,1.52539249e-02,2.61605671e+05,1.64851556e-02
2.66118821e+05,2.17210135e+05,2.16005900e-02,3.86165002e+05,1.52452683e-02,2.62431992e+05,1.64758003e-02
2.66959398e+05,2.17896226e+05,2.15883317e-02,3.87384762e+05,1.52366166e-02,2.63260923e+05,1.64664503e-02
2.67802629e+05,2.18584484e+05,2.15760803e-02,3.88608375e+05,1.52279698e-02,2.64092473e+05,1.64571056e-02
2.68648524e+05,2.19274917e+05,2.15638359e-02,3.89835853e+05,1.52193280e-02,2.64926649e+05,1.64477662e-02
2.69497091e+05,2.19967529e+05,2.15515984e-02,3.91067209e+05,1.52106910e-02,2.65763459e+05,1.64384321e-02
2.70348339e+05,2.20662330e+05,2.15393679e-02,3.92302454e+05,1.52020589e-02,2.66602913e+05,1.64291033e-02
2.71202275e+05,2.21359325e+05,2.15271443e-02,3.93541600e+05,1.51934318e-02,2.67445019e+05,1.64197797e-02
2.72058908e+05,2.22058522e+05,2.15149276e-02,3.94784661e+05,1.51848095e-02,2.68289784e+05,1.64104615e-02
2.72918247e+05,2.22759928e+05,2.15027179e-02,3.96031648e+05,1.51761921e-02,2.69137218e+05,1.64011486e-02
2.73780301e+05,2.23463548e+05,2.14905151e-02,3.97282573e+05,1.51675796e-02,2.69987329e+05,1.63918409e-02
2.74645077e+05,2.24169392e+05,2.14783192e-02,3.98537450e+05,1.51589720e-02,2.70840124e+05,1.63825386e-02
2.75512585e+05,2.24877465e+05,2.14661303e-02,3.99796291e+05,1.51503693e-02,2.71695614e+05,1.63732415e-02
2.76382833e+05,2.25587774e+05,2.14539483e-02,4.01059108e+05,1.51417715e-02,2.72553805e+05,1.63639496e-02
2.77255830e+05,2.26300327e+05,2.14417731e-02,4.02325914e+05,1.51331785e-02,2.73414708e+05,1.63546631e-02
2.78131584e+05,2.27015131e+05,2.14296049e-02,4.03596721e+05,1.51245904e-02,2.74278329e+05,1.63453818e-02
2.79010105e+05,2.27732192e+05,2.14174436e-02,4.04871542e+05,1.51160072e-02,2.75144679e+05,1.63361058e-02
2.79891400e+05,2.28451519e+05,2.14052892e-02,4.06150390e+05,1.51074289e-02,2.76013765e+05,1.63268351e-02
2.80775480e+05,2.29173117e+05,2.13931417e-02,4.07433277e+05,1.50988554e-02,2.76885596e+05,1.63175696e-02
2.81662351e+05,2.29896995e+05,2.13810011e-02,4.08720217e+05,1.50902868e-02,2.77760181e+05,1.63083094e-02
2.82552024e+05,2.30623160e+05,2.13688674e-02,4.10011221e+05,1.50817231e-02,2.78637528e+05,1.62990544e-02
2.83444507e+05,2.31351618e+05,2.13567406e-02,4.11306303e+05,1.50731642e-02,2.79517647e+05,1.62898047e-02
2.84339810e+05,2.32082377e+05,2.13446206e-02,4.12605476e+05,1.50646102e-02,2.80400546e+05,1.62805602e-02
2.85237940e+05,2.32815444e+05,2.13325076e-02,4.13908753e+05,1.50560610e-02,2.81286233e+05,1.62713210e-02
2.86138907e+05,2.33550827e+05,2.13204014e-02,4.15216146e+05,1.50475167e-02,2.82174718e+05,1.62620871e-02
2.87042720e+05,2.34288532e+05,2.13083020e-02,4.16527669e+05,1.50389772e-02,2.83066010e+05,1.62528583e-02
2.87949388e+05,2.35028568e+05,2.12962096e-02,4.17843335e+05,1.50304426e-02,2.83960116e+05,1.62436348e-02
2.88858919e+05,2.35770941e+05,2.12841240e-02,4.19163156e+05,1.50219128e-02,2.84857047e+05,1.62344166e-02
2.89771324e+05,2.36515659e+05,2.12720452e-02,4.20487146e+05,1.50133879e-02,2.85756811e+05,1.62252035e-02
2.90686610e+05,2.37262730e+05,2.12599733e-02,4.21815318e+05,1.50048678e-02,2.86659417e+05,1.62159957e-02
2.91604788e+05,2.38012160e+05,2.12479083e-02,4.23147685e+05,1.49963525e-02,2.87564874e+05,1.62067931e-02
2.92525865e+05,2.38763957e+05,2.12358501e-02,4.24484261e+05,1.49878421e-02,2.88473191e+05,1.61975958e-02
2.93449853e+05,2.39518129e+05,2.12237988e-02,4.25825059e+05,1.49793365e-02,2.89384377e+05,1.61884037e-02
2.94376758e+05,2.40274683e+05,2.12117543e-02,4.27170092e+05,1.49708357e-02,2.90298442e+05,1.61792167e-02
2.95306592e+05,2.41033627e+05,2.11997166e-02,4.28519373e+05,1.49623398e-02,2.91215393e+05,1.61700350e-02
2.96239362e+05,2.41794968e+05,2.11876857e-02,4.29872916e+05,1.49538487e-02,2.92135241e+05,1.61608585e-02
2.97175079e+05,2.42558714e+05,2.11756617e-02,4.31230734e+05,1.49453623e-02,2.93057994e+05,1.61516872e-02
2.98113751e+05,2.43324872e+05,2.11636445e-02,4.32592842e+05,1.49368809e-02,2.93983662e+05,1.61425212e-02
2.99055388e+05,2.44093451e+05,2.11516342e-02,4.33959251e+05,1.49284042e-02,2.94912254e+05,1.61333603e-02
3.00000000e+05,2.44864457e+05,2.11396306e-02,4.35329977e+05,1.49199323e-02,2.95843779e+05,1.61242046e-02
