index, temperature
33,454.04564315352695
3,477.2821576763485
28,480.80912863070535
60,477.07468879668045
106,443.6721991701244
