time,MTC-20,MTC-22,MTC-24,MTC-25,MTC-26
0,0,0,0,0,0
1,723.67550008112,722.54003867802,723.67401429819,714.72976534839,670.90744150365
