id,pp,x,y,z
0,1002000,0.5,0.0003,0
1,1001998.7995204,0.49939975990396,0.0003,0
2,1001998.7995204,0.49939975990396,-0.0003,0
3,1002000,0.5,-0.0003,0
4,1001997.5990408,0.49879951980792,0.0003,0
5,1001997.5990408,0.49879951980792,-0.0003,0
6,1001996.3985612,0.49819927971188,0.0003,0
7,1001996.3985612,0.49819927971188,-0.0003,0
8,1001995.1980816,0.49759903961585,0.0003,0
9,1001995.1980816,0.49759903961585,-0.0003,0
10,1001993.997602,0.49699879951981,0.0003,0
11,1001993.997602,0.49699879951981,-0.0003,0
12,1001992.7971224,0.49639855942377,0.0003,0
13,1001992.7971224,0.49639855942377,-0.0003,0
14,1001991.5966428,0.49579831932773,0.0003,0
15,1001991.5966428,0.49579831932773,-0.0003,0
16,1001990.3961632,0.49519807923169,0.0003,0
17,1001990.3961632,0.49519807923169,-0.0003,0
18,1001989.1956836,0.49459783913565,0.0003,0
19,1001989.1956836,0.49459783913565,-0.0003,0
20,1001987.995204,0.49399759903962,0.0003,0
21,1001987.995204,0.49399759903962,-0.0003,0
22,1001986.7947244,0.49339735894358,0.0003,0
23,1001986.7947244,0.49339735894358,-0.0003,0
24,1001985.5942448,0.49279711884754,0.0003,0
25,1001985.5942448,0.49279711884754,-0.0003,0
26,1001984.3937652,0.4921968787515,0.0003,0
27,1001984.3937652,0.4921968787515,-0.0003,0
28,1001983.1932856,0.49159663865546,0.0003,0
29,1001983.1932856,0.49159663865546,-0.0003,0
30,1001981.992806,0.49099639855942,0.0003,0
31,1001981.992806,0.49099639855942,-0.0003,0
32,1001980.7923264,0.49039615846339,0.0003,0
33,1001980.7923264,0.49039615846339,-0.0003,0
34,1001979.5918468,0.48979591836735,0.0003,0
35,1001979.5918468,0.48979591836735,-0.0003,0
36,1001978.3913672,0.48919567827131,0.0003,0
37,1001978.3913672,0.48919567827131,-0.0003,0
38,1001977.1908876,0.48859543817527,0.0003,0
39,1001977.1908876,0.48859543817527,-0.0003,0
40,1001975.990408,0.48799519807923,0.0003,0
41,1001975.990408,0.48799519807923,-0.0003,0
42,1001974.7899284,0.48739495798319,0.0003,0
43,1001974.7899284,0.48739495798319,-0.0003,0
44,1001973.5894488,0.48679471788715,0.0003,0
45,1001973.5894488,0.48679471788715,-0.0003,0
46,1001972.3889692,0.48619447779112,0.0003,0
47,1001972.3889692,0.48619447779112,-0.0003,0
48,1001971.1884896,0.48559423769508,0.0003,0
49,1001971.1884896,0.48559423769508,-0.0003,0
50,1001969.98801,0.48499399759904,0.0003,0
51,1001969.98801,0.48499399759904,-0.0003,0
52,1001968.7875304,0.484393757503,0.0003,0
53,1001968.7875304,0.484393757503,-0.0003,0
54,1001967.5870508,0.48379351740696,0.0003,0
55,1001967.5870508,0.48379351740696,-0.0003,0
56,1001966.3865711,0.48319327731092,0.0003,0
57,1001966.3865711,0.48319327731092,-0.0003,0
58,1001965.1860915,0.48259303721489,0.0003,0
59,1001965.1860915,0.48259303721489,-0.0003,0
60,1001963.9856119,0.48199279711885,0.0003,0
61,1001963.9856119,0.48199279711885,-0.0003,0
62,1001962.7851323,0.48139255702281,0.0003,0
63,1001962.7851323,0.48139255702281,-0.0003,0
64,1001961.5846527,0.48079231692677,0.0003,0
65,1001961.5846527,0.48079231692677,-0.0003,0
66,1001960.3841731,0.48019207683073,0.0003,0
67,1001960.3841731,0.48019207683073,-0.0003,0
68,1001959.1836935,0.47959183673469,0.0003,0
69,1001959.1836935,0.47959183673469,-0.0003,0
70,1001957.9832138,0.47899159663866,0.0003,0
71,1001957.9832138,0.47899159663866,-0.0003,0
72,1001956.7827342,0.47839135654262,0.0003,0
73,1001956.7827342,0.47839135654262,-0.0003,0
74,1001955.5822546,0.47779111644658,0.0003,0
75,1001955.5822546,0.47779111644658,-0.0003,0
76,1001954.381775,0.47719087635054,0.0003,0
77,1001954.381775,0.47719087635054,-0.0003,0
78,1001953.1812954,0.4765906362545,0.0003,0
79,1001953.1812954,0.4765906362545,-0.0003,0
80,1001951.9808157,0.47599039615846,0.0003,0
81,1001951.9808157,0.47599039615846,-0.0003,0
82,1001950.7803361,0.47539015606242,0.0003,0
83,1001950.7803361,0.47539015606242,-0.0003,0
84,1001949.5798565,0.47478991596639,0.0003,0
85,1001949.5798565,0.47478991596639,-0.0003,0
86,1001948.3793769,0.47418967587035,0.0003,0
87,1001948.3793769,0.47418967587035,-0.0003,0
88,1001947.1788973,0.47358943577431,0.0003,0
89,1001947.1788973,0.47358943577431,-0.0003,0
90,1001945.9784176,0.47298919567827,0.0003,0
91,1001945.9784176,0.47298919567827,-0.0003,0
92,1001944.777938,0.47238895558223,0.0003,0
93,1001944.777938,0.47238895558223,-0.0003,0
94,1001943.5774584,0.47178871548619,0.0003,0
95,1001943.5774584,0.47178871548619,-0.0003,0
96,1001942.3769788,0.47118847539016,0.0003,0
97,1001942.3769788,0.47118847539016,-0.0003,0
98,1001941.1764991,0.47058823529412,0.0003,0
99,1001941.1764991,0.47058823529412,-0.0003,0
100,1001939.9760195,0.46998799519808,0.0003,0
101,1001939.9760195,0.46998799519808,-0.0003,0
102,1001938.7755399,0.46938775510204,0.0003,0
103,1001938.7755399,0.46938775510204,-0.0003,0
104,1001937.5750602,0.468787515006,0.0003,0
105,1001937.5750602,0.468787515006,-0.0003,0
106,1001936.3745806,0.46818727490996,0.0003,0
107,1001936.3745806,0.46818727490996,-0.0003,0
108,1001935.174101,0.46758703481393,0.0003,0
109,1001935.174101,0.46758703481393,-0.0003,0
110,1001933.9736214,0.46698679471789,0.0003,0
111,1001933.9736214,0.46698679471789,-0.0003,0
112,1001932.7731417,0.46638655462185,0.0003,0
113,1001932.7731417,0.46638655462185,-0.0003,0
114,1001931.5726621,0.46578631452581,0.0003,0
115,1001931.5726621,0.46578631452581,-0.0003,0
116,1001930.3721825,0.46518607442977,0.0003,0
117,1001930.3721825,0.46518607442977,-0.0003,0
118,1001929.1717028,0.46458583433373,0.0003,0
119,1001929.1717028,0.46458583433373,-0.0003,0
120,1001927.9712232,0.4639855942377,0.0003,0
121,1001927.9712232,0.4639855942377,-0.0003,0
122,1001926.7707435,0.46338535414166,0.0003,0
123,1001926.7707435,0.46338535414166,-0.0003,0
124,1001925.5702639,0.46278511404562,0.0003,0
125,1001925.5702639,0.46278511404562,-0.0003,0
126,1001924.3697843,0.46218487394958,0.0003,0
127,1001924.3697843,0.46218487394958,-0.0003,0
128,1001923.1693046,0.46158463385354,0.0003,0
129,1001923.1693046,0.46158463385354,-0.0003,0
130,1001921.968825,0.4609843937575,0.0003,0
131,1001921.968825,0.4609843937575,-0.0003,0
132,1001920.7683454,0.46038415366146,0.0003,0
133,1001920.7683454,0.46038415366146,-0.0003,0
134,1001919.5678657,0.45978391356543,0.0003,0
135,1001919.5678657,0.45978391356543,-0.0003,0
136,1001918.3673861,0.45918367346939,0.0003,0
137,1001918.3673861,0.45918367346939,-0.0003,0
138,1001917.1669064,0.45858343337335,0.0003,0
139,1001917.1669064,0.45858343337335,-0.0003,0
140,1001915.9664268,0.45798319327731,0.0003,0
141,1001915.9664268,0.45798319327731,-0.0003,0
142,1001914.7659472,0.45738295318127,0.0003,0
143,1001914.7659472,0.45738295318127,-0.0003,0
144,1001913.5654675,0.45678271308523,0.0003,0
145,1001913.5654675,0.45678271308523,-0.0003,0
146,1001912.3649879,0.4561824729892,0.0003,0
147,1001912.3649879,0.4561824729892,-0.0003,0
148,1001911.1645082,0.45558223289316,0.0003,0
149,1001911.1645082,0.45558223289316,-0.0003,0
150,1001909.9640286,0.45498199279712,0.0003,0
151,1001909.9640286,0.45498199279712,-0.0003,0
152,1001908.7635489,0.45438175270108,0.0003,0
153,1001908.7635489,0.45438175270108,-0.0003,0
154,1001907.5630693,0.45378151260504,0.0003,0
155,1001907.5630693,0.45378151260504,-0.0003,0
156,1001906.3625896,0.453181272509,0.0003,0
157,1001906.3625896,0.453181272509,-0.0003,0
158,1001905.16211,0.45258103241297,0.0003,0
159,1001905.16211,0.45258103241297,-0.0003,0
160,1001903.9616303,0.45198079231693,0.0003,0
161,1001903.9616303,0.45198079231693,-0.0003,0
162,1001902.7611507,0.45138055222089,0.0003,0
163,1001902.7611507,0.45138055222089,-0.0003,0
164,1001901.560671,0.45078031212485,0.0003,0
165,1001901.560671,0.45078031212485,-0.0003,0
166,1001900.3601914,0.45018007202881,0.0003,0
167,1001900.3601914,0.45018007202881,-0.0003,0
168,1001899.1597117,0.44957983193277,0.0003,0
169,1001899.1597117,0.44957983193277,-0.0003,0
170,1001897.9592321,0.44897959183673,0.0003,0
171,1001897.9592321,0.44897959183673,-0.0003,0
172,1001896.7587524,0.4483793517407,0.0003,0
173,1001896.7587524,0.4483793517407,-0.0003,0
174,1001895.5582728,0.44777911164466,0.0003,0
175,1001895.5582728,0.44777911164466,-0.0003,0
176,1001894.3577931,0.44717887154862,0.0003,0
177,1001894.3577931,0.44717887154862,-0.0003,0
178,1001893.1573135,0.44657863145258,0.0003,0
179,1001893.1573135,0.44657863145258,-0.0003,0
180,1001891.9568338,0.44597839135654,0.0003,0
181,1001891.9568338,0.44597839135654,-0.0003,0
182,1001890.7563541,0.4453781512605,0.0003,0
183,1001890.7563541,0.4453781512605,-0.0003,0
184,1001889.5558745,0.44477791116447,0.0003,0
185,1001889.5558745,0.44477791116447,-0.0003,0
186,1001888.3553948,0.44417767106843,0.0003,0
187,1001888.3553948,0.44417767106843,-0.0003,0
188,1001887.1549152,0.44357743097239,0.0003,0
189,1001887.1549152,0.44357743097239,-0.0003,0
190,1001885.9544355,0.44297719087635,0.0003,0
191,1001885.9544355,0.44297719087635,-0.0003,0
192,1001884.7539559,0.44237695078031,0.0003,0
193,1001884.7539559,0.44237695078031,-0.0003,0
194,1001883.5534762,0.44177671068427,0.0003,0
195,1001883.5534762,0.44177671068427,-0.0003,0
196,1001882.3529965,0.44117647058824,0.0003,0
197,1001882.3529965,0.44117647058824,-0.0003,0
198,1001881.1525169,0.4405762304922,0.0003,0
199,1001881.1525169,0.4405762304922,-0.0003,0
200,1001879.9520372,0.43997599039616,0.0003,0
201,1001879.9520372,0.43997599039616,-0.0003,0
202,1001878.7515575,0.43937575030012,0.0003,0
203,1001878.7515575,0.43937575030012,-0.0003,0
204,1001877.5510779,0.43877551020408,0.0003,0
205,1001877.5510779,0.43877551020408,-0.0003,0
206,1001876.3505982,0.43817527010804,0.0003,0
207,1001876.3505982,0.43817527010804,-0.0003,0
208,1001875.1501185,0.437575030012,0.0003,0
209,1001875.1501185,0.437575030012,-0.0003,0
210,1001873.9496389,0.43697478991597,0.0003,0
211,1001873.9496389,0.43697478991597,-0.0003,0
212,1001872.7491592,0.43637454981993,0.0003,0
213,1001872.7491592,0.43637454981993,-0.0003,0
214,1001871.5486795,0.43577430972389,0.0003,0
215,1001871.5486795,0.43577430972389,-0.0003,0
216,1001870.3481999,0.43517406962785,0.0003,0
217,1001870.3481999,0.43517406962785,-0.0003,0
218,1001869.1477202,0.43457382953181,0.0003,0
219,1001869.1477202,0.43457382953181,-0.0003,0
220,1001867.9472405,0.43397358943577,0.0003,0
221,1001867.9472405,0.43397358943577,-0.0003,0
222,1001866.7467609,0.43337334933974,0.0003,0
223,1001866.7467609,0.43337334933974,-0.0003,0
224,1001865.5462812,0.4327731092437,0.0003,0
225,1001865.5462812,0.4327731092437,-0.0003,0
226,1001864.3458015,0.43217286914766,0.0003,0
227,1001864.3458015,0.43217286914766,-0.0003,0
228,1001863.1453218,0.43157262905162,0.0003,0
229,1001863.1453218,0.43157262905162,-0.0003,0
230,1001861.9448422,0.43097238895558,0.0003,0
231,1001861.9448422,0.43097238895558,-0.0003,0
232,1001860.7443625,0.43037214885954,0.0003,0
233,1001860.7443625,0.43037214885954,-0.0003,0
234,1001859.5438828,0.42977190876351,0.0003,0
235,1001859.5438828,0.42977190876351,-0.0003,0
236,1001858.3434031,0.42917166866747,0.0003,0
237,1001858.3434031,0.42917166866747,-0.0003,0
238,1001857.1429235,0.42857142857143,0.0003,0
239,1001857.1429235,0.42857142857143,-0.0003,0
240,1001855.9424438,0.42797118847539,0.0003,0
241,1001855.9424438,0.42797118847539,-0.0003,0
242,1001854.7419641,0.42737094837935,0.0003,0
243,1001854.7419641,0.42737094837935,-0.0003,0
244,1001853.5414844,0.42677070828331,0.0003,0
245,1001853.5414844,0.42677070828331,-0.0003,0
246,1001852.3410047,0.42617046818727,0.0003,0
247,1001852.3410047,0.42617046818727,-0.0003,0
248,1001851.1405251,0.42557022809124,0.0003,0
249,1001851.1405251,0.42557022809124,-0.0003,0
250,1001849.9400454,0.4249699879952,0.0003,0
251,1001849.9400454,0.4249699879952,-0.0003,0
252,1001848.7395657,0.42436974789916,0.0003,0
253,1001848.7395657,0.42436974789916,-0.0003,0
254,1001847.539086,0.42376950780312,0.0003,0
255,1001847.539086,0.42376950780312,-0.0003,0
256,1001846.3386063,0.42316926770708,0.0003,0
257,1001846.3386063,0.42316926770708,-0.0003,0
258,1001845.1381266,0.42256902761104,0.0003,0
259,1001845.1381266,0.42256902761104,-0.0003,0
260,1001843.937647,0.42196878751501,0.0003,0
261,1001843.937647,0.42196878751501,-0.0003,0
262,1001842.7371673,0.42136854741897,0.0003,0
263,1001842.7371673,0.42136854741897,-0.0003,0
264,1001841.5366876,0.42076830732293,0.0003,0
265,1001841.5366876,0.42076830732293,-0.0003,0
266,1001840.3362079,0.42016806722689,0.0003,0
267,1001840.3362079,0.42016806722689,-0.0003,0
268,1001839.1357282,0.41956782713085,0.0003,0
269,1001839.1357282,0.41956782713085,-0.0003,0
270,1001837.9352485,0.41896758703481,0.0003,0
271,1001837.9352485,0.41896758703481,-0.0003,0
272,1001836.7347688,0.41836734693878,0.0003,0
273,1001836.7347688,0.41836734693878,-0.0003,0
274,1001835.5342891,0.41776710684274,0.0003,0
275,1001835.5342891,0.41776710684274,-0.0003,0
276,1001834.3338094,0.4171668667467,0.0003,0
277,1001834.3338094,0.4171668667467,-0.0003,0
278,1001833.1333298,0.41656662665066,0.0003,0
279,1001833.1333298,0.41656662665066,-0.0003,0
280,1001831.9328501,0.41596638655462,0.0003,0
281,1001831.9328501,0.41596638655462,-0.0003,0
282,1001830.7323704,0.41536614645858,0.0003,0
283,1001830.7323704,0.41536614645858,-0.0003,0
284,1001829.5318907,0.41476590636255,0.0003,0
285,1001829.5318907,0.41476590636254,-0.0003,0
286,1001828.331411,0.41416566626651,0.0003,0
287,1001828.331411,0.41416566626651,-0.0003,0
288,1001827.1309313,0.41356542617047,0.0003,0
289,1001827.1309313,0.41356542617047,-0.0003,0
290,1001825.9304516,0.41296518607443,0.0003,0
291,1001825.9304516,0.41296518607443,-0.0003,0
292,1001824.7299719,0.41236494597839,0.0003,0
293,1001824.7299719,0.41236494597839,-0.0003,0
294,1001823.5294922,0.41176470588235,0.0003,0
295,1001823.5294922,0.41176470588235,-0.0003,0
296,1001822.3290125,0.41116446578631,0.0003,0
297,1001822.3290125,0.41116446578631,-0.0003,0
298,1001821.1285328,0.41056422569028,0.0003,0
299,1001821.1285328,0.41056422569028,-0.0003,0
300,1001819.9280531,0.40996398559424,0.0003,0
301,1001819.9280531,0.40996398559424,-0.0003,0
302,1001818.7275734,0.4093637454982,0.0003,0
303,1001818.7275734,0.4093637454982,-0.0003,0
304,1001817.5270937,0.40876350540216,0.0003,0
305,1001817.5270937,0.40876350540216,-0.0003,0
306,1001816.326614,0.40816326530612,0.0003,0
307,1001816.326614,0.40816326530612,-0.0003,0
308,1001815.1261343,0.40756302521008,0.0003,0
309,1001815.1261343,0.40756302521008,-0.0003,0
310,1001813.9256546,0.40696278511405,0.0003,0
311,1001813.9256546,0.40696278511405,-0.0003,0
312,1001812.7251749,0.40636254501801,0.0003,0
313,1001812.7251749,0.40636254501801,-0.0003,0
314,1001811.5246952,0.40576230492197,0.0003,0
315,1001811.5246952,0.40576230492197,-0.0003,0
316,1001810.3242155,0.40516206482593,0.0003,0
317,1001810.3242155,0.40516206482593,-0.0003,0
318,1001809.1237358,0.40456182472989,0.0003,0
319,1001809.1237358,0.40456182472989,-0.0003,0
320,1001807.9232561,0.40396158463385,0.0003,0
321,1001807.9232561,0.40396158463385,-0.0003,0
322,1001806.7227764,0.40336134453782,0.0003,0
323,1001806.7227764,0.40336134453782,-0.0003,0
324,1001805.5222966,0.40276110444178,0.0003,0
325,1001805.5222966,0.40276110444178,-0.0003,0
326,1001804.3218169,0.40216086434574,0.0003,0
327,1001804.3218169,0.40216086434574,-0.0003,0
328,1001803.1213372,0.4015606242497,0.0003,0
329,1001803.1213372,0.4015606242497,-0.0003,0
330,1001801.9208575,0.40096038415366,0.0003,0
331,1001801.9208575,0.40096038415366,-0.0003,0
332,1001800.7203778,0.40036014405762,0.0003,0
333,1001800.7203778,0.40036014405762,-0.0003,0
334,1001799.5198981,0.39975990396158,0.0003,0
335,1001799.5198981,0.39975990396158,-0.0003,0
336,1001798.3194184,0.39915966386555,0.0003,0
337,1001798.3194184,0.39915966386555,-0.0003,0
338,1001797.1189387,0.39855942376951,0.0003,0
339,1001797.1189387,0.39855942376951,-0.0003,0
340,1001795.918459,0.39795918367347,0.0003,0
341,1001795.918459,0.39795918367347,-0.0003,0
342,1001794.7179792,0.39735894357743,0.0003,0
343,1001794.7179792,0.39735894357743,-0.0003,0
344,1001793.5174995,0.39675870348139,0.0003,0
345,1001793.5174995,0.39675870348139,-0.0003,0
346,1001792.3170198,0.39615846338535,0.0003,0
347,1001792.3170198,0.39615846338535,-0.0003,0
348,1001791.1165401,0.39555822328932,0.0003,0
349,1001791.1165401,0.39555822328932,-0.0003,0
350,1001789.9160604,0.39495798319328,0.0003,0
351,1001789.9160604,0.39495798319328,-0.0003,0
352,1001788.7155807,0.39435774309724,0.0003,0
353,1001788.7155807,0.39435774309724,-0.0003,0
354,1001787.5151009,0.3937575030012,0.0003,0
355,1001787.5151009,0.3937575030012,-0.0003,0
356,1001786.3146212,0.39315726290516,0.0003,0
357,1001786.3146212,0.39315726290516,-0.0003,0
358,1001785.1141415,0.39255702280912,0.0003,0
359,1001785.1141415,0.39255702280912,-0.0003,0
360,1001783.9136618,0.39195678271309,0.0003,0
361,1001783.9136618,0.39195678271309,-0.0003,0
362,1001782.7131821,0.39135654261705,0.0003,0
363,1001782.7131821,0.39135654261705,-0.0003,0
364,1001781.5127023,0.39075630252101,0.0003,0
365,1001781.5127023,0.39075630252101,-0.0003,0
366,1001780.3122226,0.39015606242497,0.0003,0
367,1001780.3122226,0.39015606242497,-0.0003,0
368,1001779.1117429,0.38955582232893,0.0003,0
369,1001779.1117429,0.38955582232893,-0.0003,0
370,1001777.9112632,0.38895558223289,0.0003,0
371,1001777.9112632,0.38895558223289,-0.0003,0
372,1001776.7107834,0.38835534213685,0.0003,0
373,1001776.7107834,0.38835534213685,-0.0003,0
374,1001775.5103037,0.38775510204082,0.0003,0
375,1001775.5103037,0.38775510204082,-0.0003,0
376,1001774.309824,0.38715486194478,0.0003,0
377,1001774.309824,0.38715486194478,-0.0003,0
378,1001773.1093443,0.38655462184874,0.0003,0
379,1001773.1093443,0.38655462184874,-0.0003,0
380,1001771.9088645,0.3859543817527,0.0003,0
381,1001771.9088645,0.3859543817527,-0.0003,0
382,1001770.7083848,0.38535414165666,0.0003,0
383,1001770.7083848,0.38535414165666,-0.0003,0
384,1001769.5079051,0.38475390156062,0.0003,0
385,1001769.5079051,0.38475390156062,-0.0003,0
386,1001768.3074253,0.38415366146459,0.0003,0
387,1001768.3074253,0.38415366146459,-0.0003,0
388,1001767.1069456,0.38355342136855,0.0003,0
389,1001767.1069456,0.38355342136855,-0.0003,0
390,1001765.9064659,0.38295318127251,0.0003,0
391,1001765.9064659,0.38295318127251,-0.0003,0
392,1001764.7059861,0.38235294117647,0.0003,0
393,1001764.7059861,0.38235294117647,-0.0003,0
394,1001763.5055064,0.38175270108043,0.0003,0
395,1001763.5055064,0.38175270108043,-0.0003,0
396,1001762.3050267,0.38115246098439,0.0003,0
397,1001762.3050267,0.38115246098439,-0.0003,0
398,1001761.1045469,0.38055222088836,0.0003,0
399,1001761.1045469,0.38055222088836,-0.0003,0
400,1001759.9040672,0.37995198079232,0.0003,0
401,1001759.9040672,0.37995198079232,-0.0003,0
402,1001758.7035875,0.37935174069628,0.0003,0
403,1001758.7035875,0.37935174069628,-0.0003,0
404,1001757.5031077,0.37875150060024,0.0003,0
405,1001757.5031077,0.37875150060024,-0.0003,0
406,1001756.302628,0.3781512605042,0.0003,0
407,1001756.302628,0.3781512605042,-0.0003,0
408,1001755.1021482,0.37755102040816,0.0003,0
409,1001755.1021482,0.37755102040816,-0.0003,0
410,1001753.9016685,0.37695078031212,0.0003,0
411,1001753.9016685,0.37695078031212,-0.0003,0
412,1001752.7011888,0.37635054021609,0.0003,0
413,1001752.7011888,0.37635054021609,-0.0003,0
414,1001751.500709,0.37575030012005,0.0003,0
415,1001751.500709,0.37575030012005,-0.0003,0
416,1001750.3002293,0.37515006002401,0.0003,0
417,1001750.3002293,0.37515006002401,-0.0003,0
418,1001749.0997495,0.37454981992797,0.0003,0
419,1001749.0997495,0.37454981992797,-0.0003,0
420,1001747.8992698,0.37394957983193,0.0003,0
421,1001747.8992698,0.37394957983193,-0.0003,0
422,1001746.6987901,0.37334933973589,0.0003,0
423,1001746.6987901,0.37334933973589,-0.0003,0
424,1001745.4983103,0.37274909963986,0.0003,0
425,1001745.4983103,0.37274909963986,-0.0003,0
426,1001744.2978306,0.37214885954382,0.0003,0
427,1001744.2978306,0.37214885954382,-0.0003,0
428,1001743.0973508,0.37154861944778,0.0003,0
429,1001743.0973508,0.37154861944778,-0.0003,0
430,1001741.8968711,0.37094837935174,0.0003,0
431,1001741.8968711,0.37094837935174,-0.0003,0
432,1001740.6963913,0.3703481392557,0.0003,0
433,1001740.6963913,0.3703481392557,-0.0003,0
434,1001739.4959116,0.36974789915966,0.0003,0
435,1001739.4959116,0.36974789915966,-0.0003,0
436,1001738.2954318,0.36914765906363,0.0003,0
437,1001738.2954318,0.36914765906363,-0.0003,0
438,1001737.0949521,0.36854741896759,0.0003,0
439,1001737.0949521,0.36854741896759,-0.0003,0
440,1001735.8944723,0.36794717887155,0.0003,0
441,1001735.8944723,0.36794717887155,-0.0003,0
442,1001734.6939926,0.36734693877551,0.0003,0
443,1001734.6939926,0.36734693877551,-0.0003,0
444,1001733.4935128,0.36674669867947,0.0003,0
445,1001733.4935128,0.36674669867947,-0.0003,0
446,1001732.2930331,0.36614645858343,0.0003,0
447,1001732.2930331,0.36614645858343,-0.0003,0
448,1001731.0925533,0.36554621848739,0.0003,0
449,1001731.0925533,0.36554621848739,-0.0003,0
450,1001729.8920736,0.36494597839136,0.0003,0
451,1001729.8920736,0.36494597839136,-0.0003,0
452,1001728.6915938,0.36434573829532,0.0003,0
453,1001728.6915938,0.36434573829532,-0.0003,0
454,1001727.4911141,0.36374549819928,0.0003,0
455,1001727.4911141,0.36374549819928,-0.0003,0
456,1001726.2906343,0.36314525810324,0.0003,0
457,1001726.2906343,0.36314525810324,-0.0003,0
458,1001725.0901546,0.3625450180072,0.0003,0
459,1001725.0901546,0.3625450180072,-0.0003,0
460,1001723.8896748,0.36194477791116,0.0003,0
461,1001723.8896748,0.36194477791116,-0.0003,0
462,1001722.689195,0.36134453781513,0.0003,0
463,1001722.689195,0.36134453781513,-0.0003,0
464,1001721.4887153,0.36074429771909,0.0003,0
465,1001721.4887153,0.36074429771909,-0.0003,0
466,1001720.2882355,0.36014405762305,0.0003,0
467,1001720.2882355,0.36014405762305,-0.0003,0
468,1001719.0877558,0.35954381752701,0.0003,0
469,1001719.0877558,0.35954381752701,-0.0003,0
470,1001717.887276,0.35894357743097,0.0003,0
471,1001717.887276,0.35894357743097,-0.0003,0
472,1001716.6867962,0.35834333733493,0.0003,0
473,1001716.6867962,0.35834333733493,-0.0003,0
474,1001715.4863165,0.3577430972389,0.0003,0
475,1001715.4863165,0.3577430972389,-0.0003,0
476,1001714.2858367,0.35714285714286,0.0003,0
477,1001714.2858367,0.35714285714286,-0.0003,0
478,1001713.0853569,0.35654261704682,0.0003,0
479,1001713.0853569,0.35654261704682,-0.0003,0
480,1001711.8848772,0.35594237695078,0.0003,0
481,1001711.8848772,0.35594237695078,-0.0003,0
482,1001710.6843974,0.35534213685474,0.0003,0
483,1001710.6843974,0.35534213685474,-0.0003,0
484,1001709.4839177,0.3547418967587,0.0003,0
485,1001709.4839177,0.3547418967587,-0.0003,0
486,1001708.2834379,0.35414165666267,0.0003,0
487,1001708.2834379,0.35414165666267,-0.0003,0
488,1001707.0829581,0.35354141656663,0.0003,0
489,1001707.0829581,0.35354141656663,-0.0003,0
490,1001705.8824783,0.35294117647059,0.0003,0
491,1001705.8824783,0.35294117647059,-0.0003,0
492,1001704.6819986,0.35234093637455,0.0003,0
493,1001704.6819986,0.35234093637455,-0.0003,0
494,1001703.4815188,0.35174069627851,0.0003,0
495,1001703.4815188,0.35174069627851,-0.0003,0
496,1001702.281039,0.35114045618247,0.0003,0
497,1001702.281039,0.35114045618247,-0.0003,0
498,1001701.0805593,0.35054021608643,0.0003,0
499,1001701.0805593,0.35054021608643,-0.0003,0
500,1001699.8800795,0.3499399759904,0.0003,0
501,1001699.8800795,0.3499399759904,-0.0003,0
502,1001698.6795997,0.34933973589436,0.0003,0
503,1001698.6795997,0.34933973589436,-0.0003,0
504,1001697.47912,0.34873949579832,0.0003,0
505,1001697.47912,0.34873949579832,-0.0003,0
506,1001696.2786402,0.34813925570228,0.0003,0
507,1001696.2786402,0.34813925570228,-0.0003,0
508,1001695.0781604,0.34753901560624,0.0003,0
509,1001695.0781604,0.34753901560624,-0.0003,0
510,1001693.8776806,0.3469387755102,0.0003,0
511,1001693.8776806,0.3469387755102,-0.0003,0
512,1001692.6772009,0.34633853541417,0.0003,0
513,1001692.6772009,0.34633853541417,-0.0003,0
514,1001691.4767211,0.34573829531813,0.0003,0
515,1001691.4767211,0.34573829531813,-0.0003,0
516,1001690.2762413,0.34513805522209,0.0003,0
517,1001690.2762413,0.34513805522209,-0.0003,0
518,1001689.0757615,0.34453781512605,0.0003,0
519,1001689.0757615,0.34453781512605,-0.0003,0
520,1001687.8752817,0.34393757503001,0.0003,0
521,1001687.8752817,0.34393757503001,-0.0003,0
522,1001686.674802,0.34333733493397,0.0003,0
523,1001686.674802,0.34333733493397,-0.0003,0
524,1001685.4743222,0.34273709483794,0.0003,0
525,1001685.4743222,0.34273709483794,-0.0003,0
526,1001684.2738424,0.3421368547419,0.0003,0
527,1001684.2738424,0.3421368547419,-0.0003,0
528,1001683.0733626,0.34153661464586,0.0003,0
529,1001683.0733626,0.34153661464586,-0.0003,0
530,1001681.8728828,0.34093637454982,0.0003,0
531,1001681.8728828,0.34093637454982,-0.0003,0
532,1001680.6724031,0.34033613445378,0.0003,0
533,1001680.6724031,0.34033613445378,-0.0003,0
534,1001679.4719233,0.33973589435774,0.0003,0
535,1001679.4719233,0.33973589435774,-0.0003,0
536,1001678.2714435,0.3391356542617,0.0003,0
537,1001678.2714435,0.3391356542617,-0.0003,0
538,1001677.0709637,0.33853541416567,0.0003,0
539,1001677.0709637,0.33853541416567,-0.0003,0
540,1001675.8704839,0.33793517406963,0.0003,0
541,1001675.8704839,0.33793517406963,-0.0003,0
542,1001674.6700041,0.33733493397359,0.0003,0
543,1001674.6700041,0.33733493397359,-0.0003,0
544,1001673.4695243,0.33673469387755,0.0003,0
545,1001673.4695243,0.33673469387755,-0.0003,0
546,1001672.2690445,0.33613445378151,0.0003,0
547,1001672.2690445,0.33613445378151,-0.0003,0
548,1001671.0685648,0.33553421368547,0.0003,0
549,1001671.0685648,0.33553421368547,-0.0003,0
550,1001669.868085,0.33493397358944,0.0003,0
551,1001669.868085,0.33493397358944,-0.0003,0
552,1001668.6676052,0.3343337334934,0.0003,0
553,1001668.6676052,0.3343337334934,-0.0003,0
554,1001667.4671254,0.33373349339736,0.0003,0
555,1001667.4671254,0.33373349339736,-0.0003,0
556,1001666.2666456,0.33313325330132,0.0003,0
557,1001666.2666456,0.33313325330132,-0.0003,0
558,1001665.0661658,0.33253301320528,0.0003,0
559,1001665.0661658,0.33253301320528,-0.0003,0
560,1001663.865686,0.33193277310924,0.0003,0
561,1001663.865686,0.33193277310924,-0.0003,0
562,1001662.6652062,0.33133253301321,0.0003,0
563,1001662.6652062,0.33133253301321,-0.0003,0
564,1001661.4647264,0.33073229291717,0.0003,0
565,1001661.4647264,0.33073229291717,-0.0003,0
566,1001660.2642466,0.33013205282113,0.0003,0
567,1001660.2642466,0.33013205282113,-0.0003,0
568,1001659.0637668,0.32953181272509,0.0003,0
569,1001659.0637668,0.32953181272509,-0.0003,0
570,1001657.863287,0.32893157262905,0.0003,0
571,1001657.863287,0.32893157262905,-0.0003,0
572,1001656.6628072,0.32833133253301,0.0003,0
573,1001656.6628072,0.32833133253301,-0.0003,0
574,1001655.4623274,0.32773109243697,0.0003,0
575,1001655.4623274,0.32773109243697,-0.0003,0
576,1001654.2618476,0.32713085234094,0.0003,0
577,1001654.2618476,0.32713085234094,-0.0003,0
578,1001653.0613678,0.3265306122449,0.0003,0
579,1001653.0613678,0.3265306122449,-0.0003,0
580,1001651.860888,0.32593037214886,0.0003,0
581,1001651.860888,0.32593037214886,-0.0003,0
582,1001650.6604082,0.32533013205282,0.0003,0
583,1001650.6604082,0.32533013205282,-0.0003,0
584,1001649.4599284,0.32472989195678,0.0003,0
585,1001649.4599284,0.32472989195678,-0.0003,0
586,1001648.2594486,0.32412965186074,0.0003,0
587,1001648.2594486,0.32412965186074,-0.0003,0
588,1001647.0589688,0.32352941176471,0.0003,0
589,1001647.0589688,0.32352941176471,-0.0003,0
590,1001645.858489,0.32292917166867,0.0003,0
591,1001645.858489,0.32292917166867,-0.0003,0
592,1001644.6580092,0.32232893157263,0.0003,0
593,1001644.6580092,0.32232893157263,-0.0003,0
594,1001643.4575294,0.32172869147659,0.0003,0
595,1001643.4575294,0.32172869147659,-0.0003,0
596,1001642.2570496,0.32112845138055,0.0003,0
597,1001642.2570496,0.32112845138055,-0.0003,0
598,1001641.0565698,0.32052821128451,0.0003,0
599,1001641.0565698,0.32052821128451,-0.0003,0
600,1001639.85609,0.31992797118848,0.0003,0
601,1001639.85609,0.31992797118848,-0.0003,0
602,1001638.6556102,0.31932773109244,0.0003,0
603,1001638.6556102,0.31932773109244,-0.0003,0
604,1001637.4551304,0.3187274909964,0.0003,0
605,1001637.4551304,0.3187274909964,-0.0003,0
606,1001636.2546506,0.31812725090036,0.0003,0
607,1001636.2546506,0.31812725090036,-0.0003,0
608,1001635.0541708,0.31752701080432,0.0003,0
609,1001635.0541708,0.31752701080432,-0.0003,0
610,1001633.8536909,0.31692677070828,0.0003,0
611,1001633.8536909,0.31692677070828,-0.0003,0
612,1001632.6532111,0.31632653061224,0.0003,0
613,1001632.6532111,0.31632653061224,-0.0003,0
614,1001631.4527313,0.31572629051621,0.0003,0
615,1001631.4527313,0.31572629051621,-0.0003,0
616,1001630.2522515,0.31512605042017,0.0003,0
617,1001630.2522515,0.31512605042017,-0.0003,0
618,1001629.0517717,0.31452581032413,0.0003,0
619,1001629.0517717,0.31452581032413,-0.0003,0
620,1001627.8512919,0.31392557022809,0.0003,0
621,1001627.8512919,0.31392557022809,-0.0003,0
622,1001626.6508121,0.31332533013205,0.0003,0
623,1001626.6508121,0.31332533013205,-0.0003,0
624,1001625.4503322,0.31272509003601,0.0003,0
625,1001625.4503322,0.31272509003601,-0.0003,0
626,1001624.2498524,0.31212484993998,0.0003,0
627,1001624.2498524,0.31212484993998,-0.0003,0
628,1001623.0493726,0.31152460984394,0.0003,0
629,1001623.0493726,0.31152460984394,-0.0003,0
630,1001621.8488928,0.3109243697479,0.0003,0
631,1001621.8488928,0.3109243697479,-0.0003,0
632,1001620.648413,0.31032412965186,0.0003,0
633,1001620.648413,0.31032412965186,-0.0003,0
634,1001619.4479332,0.30972388955582,0.0003,0
635,1001619.4479332,0.30972388955582,-0.0003,0
636,1001618.2474533,0.30912364945978,0.0003,0
637,1001618.2474533,0.30912364945978,-0.0003,0
638,1001617.0469735,0.30852340936375,0.0003,0
639,1001617.0469735,0.30852340936375,-0.0003,0
640,1001615.8464937,0.30792316926771,0.0003,0
641,1001615.8464937,0.30792316926771,-0.0003,0
642,1001614.6460139,0.30732292917167,0.0003,0
643,1001614.6460139,0.30732292917167,-0.0003,0
644,1001613.445534,0.30672268907563,0.0003,0
645,1001613.445534,0.30672268907563,-0.0003,0
646,1001612.2450542,0.30612244897959,0.0003,0
647,1001612.2450542,0.30612244897959,-0.0003,0
648,1001611.0445744,0.30552220888355,0.0003,0
649,1001611.0445744,0.30552220888355,-0.0003,0
650,1001609.8440946,0.30492196878751,0.0003,0
651,1001609.8440946,0.30492196878751,-0.0003,0
652,1001608.6436147,0.30432172869148,0.0003,0
653,1001608.6436147,0.30432172869148,-0.0003,0
654,1001607.4431349,0.30372148859544,0.0003,0
655,1001607.4431349,0.30372148859544,-0.0003,0
656,1001606.2426551,0.3031212484994,0.0003,0
657,1001606.2426551,0.3031212484994,-0.0003,0
658,1001605.0421753,0.30252100840336,0.0003,0
659,1001605.0421753,0.30252100840336,-0.0003,0
660,1001603.8416954,0.30192076830732,0.0003,0
661,1001603.8416954,0.30192076830732,-0.0003,0
662,1001602.6412156,0.30132052821128,0.0003,0
663,1001602.6412156,0.30132052821128,-0.0003,0
664,1001601.4407358,0.30072028811525,0.0003,0
665,1001601.4407358,0.30072028811525,-0.0003,0
666,1001600.2402559,0.30012004801921,0.0003,0
667,1001600.2402559,0.30012004801921,-0.0003,0
668,1001599.0397761,0.29951980792317,0.0003,0
669,1001599.0397761,0.29951980792317,-0.0003,0
670,1001597.8392963,0.29891956782713,0.0003,0
671,1001597.8392963,0.29891956782713,-0.0003,0
672,1001596.6388164,0.29831932773109,0.0003,0
673,1001596.6388164,0.29831932773109,-0.0003,0
674,1001595.4383366,0.29771908763505,0.0003,0
675,1001595.4383366,0.29771908763505,-0.0003,0
676,1001594.2378568,0.29711884753902,0.0003,0
677,1001594.2378568,0.29711884753902,-0.0003,0
678,1001593.0373769,0.29651860744298,0.0003,0
679,1001593.0373769,0.29651860744298,-0.0003,0
680,1001591.8368971,0.29591836734694,0.0003,0
681,1001591.8368971,0.29591836734694,-0.0003,0
682,1001590.6364173,0.2953181272509,0.0003,0
683,1001590.6364173,0.2953181272509,-0.0003,0
684,1001589.4359374,0.29471788715486,0.0003,0
685,1001589.4359374,0.29471788715486,-0.0003,0
686,1001588.2354576,0.29411764705882,0.0003,0
687,1001588.2354576,0.29411764705882,-0.0003,0
688,1001587.0349777,0.29351740696279,0.0003,0
689,1001587.0349777,0.29351740696279,-0.0003,0
690,1001585.8344979,0.29291716686675,0.0003,0
691,1001585.8344979,0.29291716686675,-0.0003,0
692,1001584.6340181,0.29231692677071,0.0003,0
693,1001584.6340181,0.29231692677071,-0.0003,0
694,1001583.4335382,0.29171668667467,0.0003,0
695,1001583.4335382,0.29171668667467,-0.0003,0
696,1001582.2330584,0.29111644657863,0.0003,0
697,1001582.2330584,0.29111644657863,-0.0003,0
698,1001581.0325785,0.29051620648259,0.0003,0
699,1001581.0325785,0.29051620648259,-0.0003,0
700,1001579.8320987,0.28991596638655,0.0003,0
701,1001579.8320987,0.28991596638655,-0.0003,0
702,1001578.6316188,0.28931572629052,0.0003,0
703,1001578.6316188,0.28931572629052,-0.0003,0
704,1001577.431139,0.28871548619448,0.0003,0
705,1001577.431139,0.28871548619448,-0.0003,0
706,1001576.2306592,0.28811524609844,0.0003,0
707,1001576.2306592,0.28811524609844,-0.0003,0
708,1001575.0301793,0.2875150060024,0.0003,0
709,1001575.0301793,0.2875150060024,-0.0003,0
710,1001573.8296995,0.28691476590636,0.0003,0
711,1001573.8296995,0.28691476590636,-0.0003,0
712,1001572.6292196,0.28631452581032,0.0003,0
713,1001572.6292196,0.28631452581032,-0.0003,0
714,1001571.4287398,0.28571428571429,0.0003,0
715,1001571.4287398,0.28571428571429,-0.0003,0
716,1001570.2282599,0.28511404561825,0.0003,0
717,1001570.2282599,0.28511404561825,-0.0003,0
718,1001569.0277801,0.28451380552221,0.0003,0
719,1001569.0277801,0.28451380552221,-0.0003,0
720,1001567.8273002,0.28391356542617,0.0003,0
721,1001567.8273002,0.28391356542617,-0.0003,0
722,1001566.6268204,0.28331332533013,0.0003,0
723,1001566.6268204,0.28331332533013,-0.0003,0
724,1001565.4263405,0.28271308523409,0.0003,0
725,1001565.4263405,0.28271308523409,-0.0003,0
726,1001564.2258607,0.28211284513806,0.0003,0
727,1001564.2258607,0.28211284513806,-0.0003,0
728,1001563.0253808,0.28151260504202,0.0003,0
729,1001563.0253808,0.28151260504202,-0.0003,0
730,1001561.8249009,0.28091236494598,0.0003,0
731,1001561.8249009,0.28091236494598,-0.0003,0
732,1001560.6244211,0.28031212484994,0.0003,0
733,1001560.6244211,0.28031212484994,-0.0003,0
734,1001559.4239412,0.2797118847539,0.0003,0
735,1001559.4239412,0.2797118847539,-0.0003,0
736,1001558.2234614,0.27911164465786,0.0003,0
737,1001558.2234614,0.27911164465786,-0.0003,0
738,1001557.0229815,0.27851140456182,0.0003,0
739,1001557.0229815,0.27851140456182,-0.0003,0
740,1001555.8225017,0.27791116446579,0.0003,0
741,1001555.8225017,0.27791116446579,-0.0003,0
742,1001554.6220218,0.27731092436975,0.0003,0
743,1001554.6220218,0.27731092436975,-0.0003,0
744,1001553.4215419,0.27671068427371,0.0003,0
745,1001553.4215419,0.27671068427371,-0.0003,0
746,1001552.2210621,0.27611044417767,0.0003,0
747,1001552.2210621,0.27611044417767,-0.0003,0
748,1001551.0205822,0.27551020408163,0.0003,0
749,1001551.0205822,0.27551020408163,-0.0003,0
750,1001549.8201024,0.27490996398559,0.0003,0
751,1001549.8201024,0.27490996398559,-0.0003,0
752,1001548.6196225,0.27430972388956,0.0003,0
753,1001548.6196225,0.27430972388956,-0.0003,0
754,1001547.4191426,0.27370948379352,0.0003,0
755,1001547.4191426,0.27370948379352,-0.0003,0
756,1001546.2186628,0.27310924369748,0.0003,0
757,1001546.2186628,0.27310924369748,-0.0003,0
758,1001545.0181829,0.27250900360144,0.0003,0
759,1001545.0181829,0.27250900360144,-0.0003,0
760,1001543.817703,0.2719087635054,0.0003,0
761,1001543.817703,0.2719087635054,-0.0003,0
762,1001542.6172232,0.27130852340936,0.0003,0
763,1001542.6172232,0.27130852340936,-0.0003,0
764,1001541.4167433,0.27070828331333,0.0003,0
765,1001541.4167433,0.27070828331333,-0.0003,0
766,1001540.2162634,0.27010804321729,0.0003,0
767,1001540.2162634,0.27010804321729,-0.0003,0
768,1001539.0157836,0.26950780312125,0.0003,0
769,1001539.0157836,0.26950780312125,-0.0003,0
770,1001537.8153037,0.26890756302521,0.0003,0
771,1001537.8153037,0.26890756302521,-0.0003,0
772,1001536.6148238,0.26830732292917,0.0003,0
773,1001536.6148238,0.26830732292917,-0.0003,0
774,1001535.414344,0.26770708283313,0.0003,0
775,1001535.414344,0.26770708283313,-0.0003,0
776,1001534.2138641,0.26710684273709,0.0003,0
777,1001534.2138641,0.26710684273709,-0.0003,0
778,1001533.0133842,0.26650660264106,0.0003,0
779,1001533.0133842,0.26650660264106,-0.0003,0
780,1001531.8129044,0.26590636254502,0.0003,0
781,1001531.8129044,0.26590636254502,-0.0003,0
782,1001530.6124245,0.26530612244898,0.0003,0
783,1001530.6124245,0.26530612244898,-0.0003,0
784,1001529.4119446,0.26470588235294,0.0003,0
785,1001529.4119446,0.26470588235294,-0.0003,0
786,1001528.2114647,0.2641056422569,0.0003,0
787,1001528.2114647,0.2641056422569,-0.0003,0
788,1001527.0109849,0.26350540216086,0.0003,0
789,1001527.0109849,0.26350540216086,-0.0003,0
790,1001525.810505,0.26290516206483,0.0003,0
791,1001525.810505,0.26290516206483,-0.0003,0
792,1001524.6100251,0.26230492196879,0.0003,0
793,1001524.6100251,0.26230492196879,-0.0003,0
794,1001523.4095452,0.26170468187275,0.0003,0
795,1001523.4095452,0.26170468187275,-0.0003,0
796,1001522.2090653,0.26110444177671,0.0003,0
797,1001522.2090653,0.26110444177671,-0.0003,0
798,1001521.0085855,0.26050420168067,0.0003,0
799,1001521.0085855,0.26050420168067,-0.0003,0
800,1001519.8081056,0.25990396158463,0.0003,0
801,1001519.8081056,0.25990396158463,-0.0003,0
802,1001518.6076257,0.2593037214886,0.0003,0
803,1001518.6076257,0.2593037214886,-0.0003,0
804,1001517.4071458,0.25870348139256,0.0003,0
805,1001517.4071458,0.25870348139256,-0.0003,0
806,1001516.2066659,0.25810324129652,0.0003,0
807,1001516.2066659,0.25810324129652,-0.0003,0
808,1001515.0061861,0.25750300120048,0.0003,0
809,1001515.0061861,0.25750300120048,-0.0003,0
810,1001513.8057062,0.25690276110444,0.0003,0
811,1001513.8057062,0.25690276110444,-0.0003,0
812,1001512.6052263,0.2563025210084,0.0003,0
813,1001512.6052263,0.2563025210084,-0.0003,0
814,1001511.4047464,0.25570228091236,0.0003,0
815,1001511.4047464,0.25570228091236,-0.0003,0
816,1001510.2042665,0.25510204081633,0.0003,0
817,1001510.2042665,0.25510204081633,-0.0003,0
818,1001509.0037866,0.25450180072029,0.0003,0
819,1001509.0037866,0.25450180072029,-0.0003,0
820,1001507.8033067,0.25390156062425,0.0003,0
821,1001507.8033067,0.25390156062425,-0.0003,0
822,1001506.6028269,0.25330132052821,0.0003,0
823,1001506.6028269,0.25330132052821,-0.0003,0
824,1001505.402347,0.25270108043217,0.0003,0
825,1001505.402347,0.25270108043217,-0.0003,0
826,1001504.2018671,0.25210084033613,0.0003,0
827,1001504.2018671,0.25210084033613,-0.0003,0
828,1001503.0013872,0.2515006002401,0.0003,0
829,1001503.0013872,0.2515006002401,-0.0003,0
830,1001501.8009073,0.25090036014406,0.0003,0
831,1001501.8009073,0.25090036014406,-0.0003,0
832,1001500.6004274,0.25030012004802,0.0003,0
833,1001500.6004274,0.25030012004802,-0.0003,0
834,1001499.3999475,0.24969987995198,0.0003,0
835,1001499.3999475,0.24969987995198,-0.0003,0
836,1001498.1994676,0.24909963985594,0.0003,0
837,1001498.1994676,0.24909963985594,-0.0003,0
838,1001496.9989877,0.2484993997599,0.0003,0
839,1001496.9989877,0.2484993997599,-0.0003,0
840,1001495.7985078,0.24789915966387,0.0003,0
841,1001495.7985078,0.24789915966387,-0.0003,0
842,1001494.5980279,0.24729891956783,0.0003,0
843,1001494.5980279,0.24729891956783,-0.0003,0
844,1001493.397548,0.24669867947179,0.0003,0
845,1001493.397548,0.24669867947179,-0.0003,0
846,1001492.1970682,0.24609843937575,0.0003,0
847,1001492.1970682,0.24609843937575,-0.0003,0
848,1001490.9965883,0.24549819927971,0.0003,0
849,1001490.9965883,0.24549819927971,-0.0003,0
850,1001489.7961084,0.24489795918367,0.0003,0
851,1001489.7961084,0.24489795918367,-0.0003,0
852,1001488.5956285,0.24429771908764,0.0003,0
853,1001488.5956285,0.24429771908763,-0.0003,0
854,1001487.3951486,0.2436974789916,0.0003,0
855,1001487.3951486,0.2436974789916,-0.0003,0
856,1001486.1946687,0.24309723889556,0.0003,0
857,1001486.1946687,0.24309723889556,-0.0003,0
858,1001484.9941888,0.24249699879952,0.0003,0
859,1001484.9941888,0.24249699879952,-0.0003,0
860,1001483.7937089,0.24189675870348,0.0003,0
861,1001483.7937089,0.24189675870348,-0.0003,0
862,1001482.593229,0.24129651860744,0.0003,0
863,1001482.593229,0.24129651860744,-0.0003,0
864,1001481.3927491,0.2406962785114,0.0003,0
865,1001481.3927491,0.2406962785114,-0.0003,0
866,1001480.1922692,0.24009603841537,0.0003,0
867,1001480.1922692,0.24009603841537,-0.0003,0
868,1001478.9917892,0.23949579831933,0.0003,0
869,1001478.9917892,0.23949579831933,-0.0003,0
870,1001477.7913093,0.23889555822329,0.0003,0
871,1001477.7913093,0.23889555822329,-0.0003,0
872,1001476.5908294,0.23829531812725,0.0003,0
873,1001476.5908294,0.23829531812725,-0.0003,0
874,1001475.3903495,0.23769507803121,0.0003,0
875,1001475.3903495,0.23769507803121,-0.0003,0
876,1001474.1898696,0.23709483793517,0.0003,0
877,1001474.1898696,0.23709483793517,-0.0003,0
878,1001472.9893897,0.23649459783914,0.0003,0
879,1001472.9893897,0.23649459783914,-0.0003,0
880,1001471.7889098,0.2358943577431,0.0003,0
881,1001471.7889098,0.2358943577431,-0.0003,0
882,1001470.5884299,0.23529411764706,0.0003,0
883,1001470.5884299,0.23529411764706,-0.0003,0
884,1001469.38795,0.23469387755102,0.0003,0
885,1001469.38795,0.23469387755102,-0.0003,0
886,1001468.1874701,0.23409363745498,0.0003,0
887,1001468.1874701,0.23409363745498,-0.0003,0
888,1001466.9869902,0.23349339735894,0.0003,0
889,1001466.9869902,0.23349339735894,-0.0003,0
890,1001465.7865103,0.23289315726291,0.0003,0
891,1001465.7865103,0.23289315726291,-0.0003,0
892,1001464.5860303,0.23229291716687,0.0003,0
893,1001464.5860303,0.23229291716687,-0.0003,0
894,1001463.3855504,0.23169267707083,0.0003,0
895,1001463.3855504,0.23169267707083,-0.0003,0
896,1001462.1850705,0.23109243697479,0.0003,0
897,1001462.1850705,0.23109243697479,-0.0003,0
898,1001460.9845906,0.23049219687875,0.0003,0
899,1001460.9845906,0.23049219687875,-0.0003,0
900,1001459.7841107,0.22989195678271,0.0003,0
901,1001459.7841107,0.22989195678271,-0.0003,0
902,1001458.5836308,0.22929171668667,0.0003,0
903,1001458.5836308,0.22929171668667,-0.0003,0
904,1001457.3831508,0.22869147659064,0.0003,0
905,1001457.3831508,0.22869147659064,-0.0003,0
906,1001456.1826709,0.2280912364946,0.0003,0
907,1001456.1826709,0.2280912364946,-0.0003,0
908,1001454.982191,0.22749099639856,0.0003,0
909,1001454.982191,0.22749099639856,-0.0003,0
910,1001453.7817111,0.22689075630252,0.0003,0
911,1001453.7817111,0.22689075630252,-0.0003,0
912,1001452.5812312,0.22629051620648,0.0003,0
913,1001452.5812312,0.22629051620648,-0.0003,0
914,1001451.3807512,0.22569027611044,0.0003,0
915,1001451.3807512,0.22569027611044,-0.0003,0
916,1001450.1802713,0.22509003601441,0.0003,0
917,1001450.1802713,0.22509003601441,-0.0003,0
918,1001448.9797914,0.22448979591837,0.0003,0
919,1001448.9797914,0.22448979591837,-0.0003,0
920,1001447.7793115,0.22388955582233,0.0003,0
921,1001447.7793115,0.22388955582233,-0.0003,0
922,1001446.5788316,0.22328931572629,0.0003,0
923,1001446.5788316,0.22328931572629,-0.0003,0
924,1001445.3783516,0.22268907563025,0.0003,0
925,1001445.3783516,0.22268907563025,-0.0003,0
926,1001444.1778717,0.22208883553421,0.0003,0
927,1001444.1778717,0.22208883553421,-0.0003,0
928,1001442.9773918,0.22148859543818,0.0003,0
929,1001442.9773918,0.22148859543818,-0.0003,0
930,1001441.7769119,0.22088835534214,0.0003,0
931,1001441.7769119,0.22088835534214,-0.0003,0
932,1001440.5764319,0.2202881152461,0.0003,0
933,1001440.5764319,0.2202881152461,-0.0003,0
934,1001439.375952,0.21968787515006,0.0003,0
935,1001439.375952,0.21968787515006,-0.0003,0
936,1001438.1754721,0.21908763505402,0.0003,0
937,1001438.1754721,0.21908763505402,-0.0003,0
938,1001436.9749921,0.21848739495798,0.0003,0
939,1001436.9749921,0.21848739495798,-0.0003,0
940,1001435.7745122,0.21788715486194,0.0003,0
941,1001435.7745122,0.21788715486194,-0.0003,0
942,1001434.5740323,0.21728691476591,0.0003,0
943,1001434.5740323,0.21728691476591,-0.0003,0
944,1001433.3735524,0.21668667466987,0.0003,0
945,1001433.3735524,0.21668667466987,-0.0003,0
946,1001432.1730724,0.21608643457383,0.0003,0
947,1001432.1730724,0.21608643457383,-0.0003,0
948,1001430.9725925,0.21548619447779,0.0003,0
949,1001430.9725925,0.21548619447779,-0.0003,0
950,1001429.7721126,0.21488595438175,0.0003,0
951,1001429.7721126,0.21488595438175,-0.0003,0
952,1001428.5716326,0.21428571428571,0.0003,0
953,1001428.5716326,0.21428571428571,-0.0003,0
954,1001427.3711527,0.21368547418968,0.0003,0
955,1001427.3711527,0.21368547418968,-0.0003,0
956,1001426.1706727,0.21308523409364,0.0003,0
957,1001426.1706727,0.21308523409364,-0.0003,0
958,1001424.9701928,0.2124849939976,0.0003,0
959,1001424.9701928,0.2124849939976,-0.0003,0
960,1001423.7697129,0.21188475390156,0.0003,0
961,1001423.7697129,0.21188475390156,-0.0003,0
962,1001422.5692329,0.21128451380552,0.0003,0
963,1001422.5692329,0.21128451380552,-0.0003,0
964,1001421.368753,0.21068427370948,0.0003,0
965,1001421.368753,0.21068427370948,-0.0003,0
966,1001420.1682731,0.21008403361345,0.0003,0
967,1001420.1682731,0.21008403361345,-0.0003,0
968,1001418.9677931,0.20948379351741,0.0003,0
969,1001418.9677931,0.20948379351741,-0.0003,0
970,1001417.7673132,0.20888355342137,0.0003,0
971,1001417.7673132,0.20888355342137,-0.0003,0
972,1001416.5668332,0.20828331332533,0.0003,0
973,1001416.5668332,0.20828331332533,-0.0003,0
974,1001415.3663533,0.20768307322929,0.0003,0
975,1001415.3663533,0.20768307322929,-0.0003,0
976,1001414.1658733,0.20708283313325,0.0003,0
977,1001414.1658733,0.20708283313325,-0.0003,0
978,1001412.9653934,0.20648259303721,0.0003,0
979,1001412.9653934,0.20648259303721,-0.0003,0
980,1001411.7649135,0.20588235294118,0.0003,0
981,1001411.7649135,0.20588235294118,-0.0003,0
982,1001410.5644335,0.20528211284514,0.0003,0
983,1001410.5644335,0.20528211284514,-0.0003,0
984,1001409.3639536,0.2046818727491,0.0003,0
985,1001409.3639536,0.2046818727491,-0.0003,0
986,1001408.1634736,0.20408163265306,0.0003,0
987,1001408.1634736,0.20408163265306,-0.0003,0
988,1001406.9629937,0.20348139255702,0.0003,0
989,1001406.9629937,0.20348139255702,-0.0003,0
990,1001405.7625137,0.20288115246098,0.0003,0
991,1001405.7625137,0.20288115246098,-0.0003,0
992,1001404.5620338,0.20228091236495,0.0003,0
993,1001404.5620338,0.20228091236495,-0.0003,0
994,1001403.3615538,0.20168067226891,0.0003,0
995,1001403.3615538,0.20168067226891,-0.0003,0
996,1001402.1610739,0.20108043217287,0.0003,0
997,1001402.1610739,0.20108043217287,-0.0003,0
998,1001400.9605939,0.20048019207683,0.0003,0
999,1001400.9605939,0.20048019207683,-0.0003,0
1000,1001399.760114,0.19987995198079,0.0003,0
1001,1001399.760114,0.19987995198079,-0.0003,0
1002,1001398.559634,0.19927971188475,0.0003,0
1003,1001398.559634,0.19927971188475,-0.0003,0
1004,1001397.3591541,0.19867947178872,0.0003,0
1005,1001397.3591541,0.19867947178872,-0.0003,0
1006,1001396.1586741,0.19807923169268,0.0003,0
1007,1001396.1586741,0.19807923169268,-0.0003,0
1008,1001394.9581942,0.19747899159664,0.0003,0
1009,1001394.9581942,0.19747899159664,-0.0003,0
1010,1001393.7577142,0.1968787515006,0.0003,0
1011,1001393.7577142,0.1968787515006,-0.0003,0
1012,1001392.5572342,0.19627851140456,0.0003,0
1013,1001392.5572342,0.19627851140456,-0.0003,0
1014,1001391.3567543,0.19567827130852,0.0003,0
1015,1001391.3567543,0.19567827130852,-0.0003,0
1016,1001390.1562743,0.19507803121249,0.0003,0
1017,1001390.1562743,0.19507803121248,-0.0003,0
1018,1001388.9557944,0.19447779111645,0.0003,0
1019,1001388.9557944,0.19447779111645,-0.0003,0
1020,1001387.7553144,0.19387755102041,0.0003,0
1021,1001387.7553144,0.19387755102041,-0.0003,0
1022,1001386.5548345,0.19327731092437,0.0003,0
1023,1001386.5548345,0.19327731092437,-0.0003,0
1024,1001385.3543545,0.19267707082833,0.0003,0
1025,1001385.3543545,0.19267707082833,-0.0003,0
1026,1001384.1538745,0.19207683073229,0.0003,0
1027,1001384.1538745,0.19207683073229,-0.0003,0
1028,1001382.9533946,0.19147659063625,0.0003,0
1029,1001382.9533946,0.19147659063625,-0.0003,0
1030,1001381.7529146,0.19087635054022,0.0003,0
1031,1001381.7529146,0.19087635054022,-0.0003,0
1032,1001380.5524346,0.19027611044418,0.0003,0
1033,1001380.5524346,0.19027611044418,-0.0003,0
1034,1001379.3519547,0.18967587034814,0.0003,0
1035,1001379.3519547,0.18967587034814,-0.0003,0
1036,1001378.1514747,0.1890756302521,0.0003,0
1037,1001378.1514747,0.1890756302521,-0.0003,0
1038,1001376.9509948,0.18847539015606,0.0003,0
1039,1001376.9509948,0.18847539015606,-0.0003,0
1040,1001375.7505148,0.18787515006002,0.0003,0
1041,1001375.7505148,0.18787515006002,-0.0003,0
1042,1001374.5500348,0.18727490996399,0.0003,0
1043,1001374.5500348,0.18727490996399,-0.0003,0
1044,1001373.3495549,0.18667466986795,0.0003,0
1045,1001373.3495549,0.18667466986795,-0.0003,0
1046,1001372.1490749,0.18607442977191,0.0003,0
1047,1001372.1490749,0.18607442977191,-0.0003,0
1048,1001370.9485949,0.18547418967587,0.0003,0
1049,1001370.9485949,0.18547418967587,-0.0003,0
1050,1001369.7481149,0.18487394957983,0.0003,0
1051,1001369.7481149,0.18487394957983,-0.0003,0
1052,1001368.547635,0.18427370948379,0.0003,0
1053,1001368.547635,0.18427370948379,-0.0003,0
1054,1001367.347155,0.18367346938776,0.0003,0
1055,1001367.347155,0.18367346938776,-0.0003,0
1056,1001366.146675,0.18307322929172,0.0003,0
1057,1001366.146675,0.18307322929172,-0.0003,0
1058,1001364.9461951,0.18247298919568,0.0003,0
1059,1001364.9461951,0.18247298919568,-0.0003,0
1060,1001363.7457151,0.18187274909964,0.0003,0
1061,1001363.7457151,0.18187274909964,-0.0003,0
1062,1001362.5452351,0.1812725090036,0.0003,0
1063,1001362.5452351,0.1812725090036,-0.0003,0
1064,1001361.3447551,0.18067226890756,0.0003,0
1065,1001361.3447551,0.18067226890756,-0.0003,0
1066,1001360.1442752,0.18007202881152,0.0003,0
1067,1001360.1442752,0.18007202881152,-0.0003,0
1068,1001358.9437952,0.17947178871549,0.0003,0
1069,1001358.9437952,0.17947178871549,-0.0003,0
1070,1001357.7433152,0.17887154861945,0.0003,0
1071,1001357.7433152,0.17887154861945,-0.0003,0
1072,1001356.5428352,0.17827130852341,0.0003,0
1073,1001356.5428352,0.17827130852341,-0.0003,0
1074,1001355.3423553,0.17767106842737,0.0003,0
1075,1001355.3423553,0.17767106842737,-0.0003,0
1076,1001354.1418753,0.17707082833133,0.0003,0
1077,1001354.1418753,0.17707082833133,-0.0003,0
1078,1001352.9413953,0.17647058823529,0.0003,0
1079,1001352.9413953,0.17647058823529,-0.0003,0
1080,1001351.7409153,0.17587034813926,0.0003,0
1081,1001351.7409153,0.17587034813926,-0.0003,0
1082,1001350.5404353,0.17527010804322,0.0003,0
1083,1001350.5404353,0.17527010804322,-0.0003,0
1084,1001349.3399553,0.17466986794718,0.0003,0
1085,1001349.3399553,0.17466986794718,-0.0003,0
1086,1001348.1394754,0.17406962785114,0.0003,0
1087,1001348.1394754,0.17406962785114,-0.0003,0
1088,1001346.9389954,0.1734693877551,0.0003,0
1089,1001346.9389954,0.1734693877551,-0.0003,0
1090,1001345.7385154,0.17286914765906,0.0003,0
1091,1001345.7385154,0.17286914765906,-0.0003,0
1092,1001344.5380354,0.17226890756303,0.0003,0
1093,1001344.5380354,0.17226890756303,-0.0003,0
1094,1001343.3375554,0.17166866746699,0.0003,0
1095,1001343.3375554,0.17166866746699,-0.0003,0
1096,1001342.1370754,0.17106842737095,0.0003,0
1097,1001342.1370754,0.17106842737095,-0.0003,0
1098,1001340.9365955,0.17046818727491,0.0003,0
1099,1001340.9365955,0.17046818727491,-0.0003,0
1100,1001339.7361155,0.16986794717887,0.0003,0
1101,1001339.7361155,0.16986794717887,-0.0003,0
1102,1001338.5356355,0.16926770708283,0.0003,0
1103,1001338.5356355,0.16926770708283,-0.0003,0
1104,1001337.3351555,0.16866746698679,0.0003,0
1105,1001337.3351555,0.16866746698679,-0.0003,0
1106,1001336.1346755,0.16806722689076,0.0003,0
1107,1001336.1346755,0.16806722689076,-0.0003,0
1108,1001334.9341955,0.16746698679472,0.0003,0
1109,1001334.9341955,0.16746698679472,-0.0003,0
1110,1001333.7337155,0.16686674669868,0.0003,0
1111,1001333.7337155,0.16686674669868,-0.0003,0
1112,1001332.5332355,0.16626650660264,0.0003,0
1113,1001332.5332355,0.16626650660264,-0.0003,0
1114,1001331.3327555,0.1656662665066,0.0003,0
1115,1001331.3327555,0.1656662665066,-0.0003,0
1116,1001330.1322755,0.16506602641056,0.0003,0
1117,1001330.1322755,0.16506602641056,-0.0003,0
1118,1001328.9317955,0.16446578631453,0.0003,0
1119,1001328.9317955,0.16446578631453,-0.0003,0
1120,1001327.7313155,0.16386554621849,0.0003,0
1121,1001327.7313155,0.16386554621849,-0.0003,0
1122,1001326.5308356,0.16326530612245,0.0003,0
1123,1001326.5308356,0.16326530612245,-0.0003,0
1124,1001325.3303556,0.16266506602641,0.0003,0
1125,1001325.3303556,0.16266506602641,-0.0003,0
1126,1001324.1298756,0.16206482593037,0.0003,0
1127,1001324.1298756,0.16206482593037,-0.0003,0
1128,1001322.9293956,0.16146458583433,0.0003,0
1129,1001322.9293956,0.16146458583433,-0.0003,0
1130,1001321.7289156,0.1608643457383,0.0003,0
1131,1001321.7289156,0.1608643457383,-0.0003,0
1132,1001320.5284356,0.16026410564226,0.0003,0
1133,1001320.5284356,0.16026410564226,-0.0003,0
1134,1001319.3279556,0.15966386554622,0.0003,0
1135,1001319.3279556,0.15966386554622,-0.0003,0
1136,1001318.1274756,0.15906362545018,0.0003,0
1137,1001318.1274756,0.15906362545018,-0.0003,0
1138,1001316.9269956,0.15846338535414,0.0003,0
1139,1001316.9269956,0.15846338535414,-0.0003,0
1140,1001315.7265156,0.1578631452581,0.0003,0
1141,1001315.7265156,0.1578631452581,-0.0003,0
1142,1001314.5260356,0.15726290516206,0.0003,0
1143,1001314.5260356,0.15726290516206,-0.0003,0
1144,1001313.3255556,0.15666266506603,0.0003,0
1145,1001313.3255556,0.15666266506603,-0.0003,0
1146,1001312.1250755,0.15606242496999,0.0003,0
1147,1001312.1250755,0.15606242496999,-0.0003,0
1148,1001310.9245955,0.15546218487395,0.0003,0
1149,1001310.9245955,0.15546218487395,-0.0003,0
1150,1001309.7241155,0.15486194477791,0.0003,0
1151,1001309.7241155,0.15486194477791,-0.0003,0
1152,1001308.5236355,0.15426170468187,0.0003,0
1153,1001308.5236355,0.15426170468187,-0.0003,0
1154,1001307.3231555,0.15366146458583,0.0003,0
1155,1001307.3231555,0.15366146458583,-0.0003,0
1156,1001306.1226755,0.1530612244898,0.0003,0
1157,1001306.1226755,0.1530612244898,-0.0003,0
1158,1001304.9221955,0.15246098439376,0.0003,0
1159,1001304.9221955,0.15246098439376,-0.0003,0
1160,1001303.7217155,0.15186074429772,0.0003,0
1161,1001303.7217155,0.15186074429772,-0.0003,0
1162,1001302.5212355,0.15126050420168,0.0003,0
1163,1001302.5212355,0.15126050420168,-0.0003,0
1164,1001301.3207555,0.15066026410564,0.0003,0
1165,1001301.3207555,0.15066026410564,-0.0003,0
1166,1001300.1202755,0.1500600240096,0.0003,0
1167,1001300.1202755,0.1500600240096,-0.0003,0
1168,1001298.9197955,0.14945978391357,0.0003,0
1169,1001298.9197955,0.14945978391357,-0.0003,0
1170,1001297.7193154,0.14885954381753,0.0003,0
1171,1001297.7193154,0.14885954381753,-0.0003,0
1172,1001296.5188354,0.14825930372149,0.0003,0
1173,1001296.5188354,0.14825930372149,-0.0003,0
1174,1001295.3183554,0.14765906362545,0.0003,0
1175,1001295.3183554,0.14765906362545,-0.0003,0
1176,1001294.1178754,0.14705882352941,0.0003,0
1177,1001294.1178754,0.14705882352941,-0.0003,0
1178,1001292.9173954,0.14645858343337,0.0003,0
1179,1001292.9173954,0.14645858343337,-0.0003,0
1180,1001291.7169154,0.14585834333733,0.0003,0
1181,1001291.7169154,0.14585834333733,-0.0003,0
1182,1001290.5164353,0.1452581032413,0.0003,0
1183,1001290.5164353,0.1452581032413,-0.0003,0
1184,1001289.3159553,0.14465786314526,0.0003,0
1185,1001289.3159553,0.14465786314526,-0.0003,0
1186,1001288.1154753,0.14405762304922,0.0003,0
1187,1001288.1154753,0.14405762304922,-0.0003,0
1188,1001286.9149953,0.14345738295318,0.0003,0
1189,1001286.9149953,0.14345738295318,-0.0003,0
1190,1001285.7145153,0.14285714285714,0.0003,0
1191,1001285.7145153,0.14285714285714,-0.0003,0
1192,1001284.5140352,0.1422569027611,0.0003,0
1193,1001284.5140352,0.1422569027611,-0.0003,0
1194,1001283.3135552,0.14165666266507,0.0003,0
1195,1001283.3135552,0.14165666266507,-0.0003,0
1196,1001282.1130752,0.14105642256903,0.0003,0
1197,1001282.1130752,0.14105642256903,-0.0003,0
1198,1001280.9125952,0.14045618247299,0.0003,0
1199,1001280.9125952,0.14045618247299,-0.0003,0
1200,1001279.7121152,0.13985594237695,0.0003,0
1201,1001279.7121152,0.13985594237695,-0.0003,0
1202,1001278.5116351,0.13925570228091,0.0003,0
1203,1001278.5116351,0.13925570228091,-0.0003,0
1204,1001277.3111551,0.13865546218487,0.0003,0
1205,1001277.3111551,0.13865546218487,-0.0003,0
1206,1001276.1106751,0.13805522208884,0.0003,0
1207,1001276.1106751,0.13805522208884,-0.0003,0
1208,1001274.9101951,0.1374549819928,0.0003,0
1209,1001274.9101951,0.1374549819928,-0.0003,0
1210,1001273.709715,0.13685474189676,0.0003,0
1211,1001273.709715,0.13685474189676,-0.0003,0
1212,1001272.509235,0.13625450180072,0.0003,0
1213,1001272.509235,0.13625450180072,-0.0003,0
1214,1001271.308755,0.13565426170468,0.0003,0
1215,1001271.308755,0.13565426170468,-0.0003,0
1216,1001270.1082749,0.13505402160864,0.0003,0
1217,1001270.1082749,0.13505402160864,-0.0003,0
1218,1001268.9077949,0.13445378151261,0.0003,0
1219,1001268.9077949,0.13445378151261,-0.0003,0
1220,1001267.7073149,0.13385354141657,0.0003,0
1221,1001267.7073149,0.13385354141657,-0.0003,0
1222,1001266.5068348,0.13325330132053,0.0003,0
1223,1001266.5068348,0.13325330132053,-0.0003,0
1224,1001265.3063548,0.13265306122449,0.0003,0
1225,1001265.3063548,0.13265306122449,-0.0003,0
1226,1001264.1058748,0.13205282112845,0.0003,0
1227,1001264.1058748,0.13205282112845,-0.0003,0
1228,1001262.9053947,0.13145258103241,0.0003,0
1229,1001262.9053947,0.13145258103241,-0.0003,0
1230,1001261.7049147,0.13085234093637,0.0003,0
1231,1001261.7049147,0.13085234093637,-0.0003,0
1232,1001260.5044347,0.13025210084034,0.0003,0
1233,1001260.5044347,0.13025210084034,-0.0003,0
1234,1001259.3039546,0.1296518607443,0.0003,0
1235,1001259.3039546,0.1296518607443,-0.0003,0
1236,1001258.1034746,0.12905162064826,0.0003,0
1237,1001258.1034746,0.12905162064826,-0.0003,0
1238,1001256.9029946,0.12845138055222,0.0003,0
1239,1001256.9029946,0.12845138055222,-0.0003,0
1240,1001255.7025145,0.12785114045618,0.0003,0
1241,1001255.7025145,0.12785114045618,-0.0003,0
1242,1001254.5020345,0.12725090036014,0.0003,0
1243,1001254.5020345,0.12725090036014,-0.0003,0
1244,1001253.3015544,0.12665066026411,0.0003,0
1245,1001253.3015544,0.12665066026411,-0.0003,0
1246,1001252.1010744,0.12605042016807,0.0003,0
1247,1001252.1010744,0.12605042016807,-0.0003,0
1248,1001250.9005944,0.12545018007203,0.0003,0
1249,1001250.9005944,0.12545018007203,-0.0003,0
1250,1001249.7001143,0.12484993997599,0.0003,0
1251,1001249.7001143,0.12484993997599,-0.0003,0
1252,1001248.4996343,0.12424969987995,0.0003,0
1253,1001248.4996343,0.12424969987995,-0.0003,0
1254,1001247.2991542,0.12364945978391,0.0003,0
1255,1001247.2991542,0.12364945978391,-0.0003,0
1256,1001246.0986742,0.12304921968788,0.0003,0
1257,1001246.0986742,0.12304921968788,-0.0003,0
1258,1001244.8981942,0.12244897959184,0.0003,0
1259,1001244.8981942,0.12244897959184,-0.0003,0
1260,1001243.6977141,0.1218487394958,0.0003,0
1261,1001243.6977141,0.1218487394958,-0.0003,0
1262,1001242.4972341,0.12124849939976,0.0003,0
1263,1001242.4972341,0.12124849939976,-0.0003,0
1264,1001241.296754,0.12064825930372,0.0003,0
1265,1001241.296754,0.12064825930372,-0.0003,0
1266,1001240.096274,0.12004801920768,0.0003,0
1267,1001240.096274,0.12004801920768,-0.0003,0
1268,1001238.8957939,0.11944777911164,0.0003,0
1269,1001238.8957939,0.11944777911164,-0.0003,0
1270,1001237.6953139,0.11884753901561,0.0003,0
1271,1001237.6953139,0.11884753901561,-0.0003,0
1272,1001236.4948338,0.11824729891957,0.0003,0
1273,1001236.4948338,0.11824729891957,-0.0003,0
1274,1001235.2943538,0.11764705882353,0.0003,0
1275,1001235.2943538,0.11764705882353,-0.0003,0
1276,1001234.0938737,0.11704681872749,0.0003,0
1277,1001234.0938737,0.11704681872749,-0.0003,0
1278,1001232.8933937,0.11644657863145,0.0003,0
1279,1001232.8933937,0.11644657863145,-0.0003,0
1280,1001231.6929136,0.11584633853541,0.0003,0
1281,1001231.6929136,0.11584633853541,-0.0003,0
1282,1001230.4924336,0.11524609843938,0.0003,0
1283,1001230.4924336,0.11524609843938,-0.0003,0
1284,1001229.2919535,0.11464585834334,0.0003,0
1285,1001229.2919535,0.11464585834334,-0.0003,0
1286,1001228.0914734,0.1140456182473,0.0003,0
1287,1001228.0914734,0.1140456182473,-0.0003,0
1288,1001226.8909934,0.11344537815126,0.0003,0
1289,1001226.8909934,0.11344537815126,-0.0003,0
1290,1001225.6905133,0.11284513805522,0.0003,0
1291,1001225.6905133,0.11284513805522,-0.0003,0
1292,1001224.4900333,0.11224489795918,0.0003,0
1293,1001224.4900333,0.11224489795918,-0.0003,0
1294,1001223.2895532,0.11164465786315,0.0003,0
1295,1001223.2895532,0.11164465786315,-0.0003,0
1296,1001222.0890732,0.11104441776711,0.0003,0
1297,1001222.0890732,0.11104441776711,-0.0003,0
1298,1001220.8885931,0.11044417767107,0.0003,0
1299,1001220.8885931,0.11044417767107,-0.0003,0
1300,1001219.688113,0.10984393757503,0.0003,0
1301,1001219.688113,0.10984393757503,-0.0003,0
1302,1001218.487633,0.10924369747899,0.0003,0
1303,1001218.487633,0.10924369747899,-0.0003,0
1304,1001217.2871529,0.10864345738295,0.0003,0
1305,1001217.2871529,0.10864345738295,-0.0003,0
1306,1001216.0866729,0.10804321728691,0.0003,0
1307,1001216.0866729,0.10804321728691,-0.0003,0
1308,1001214.8861928,0.10744297719088,0.0003,0
1309,1001214.8861928,0.10744297719088,-0.0003,0
1310,1001213.6857127,0.10684273709484,0.0003,0
1311,1001213.6857127,0.10684273709484,-0.0003,0
1312,1001212.4852327,0.1062424969988,0.0003,0
1313,1001212.4852327,0.1062424969988,-0.0003,0
1314,1001211.2847526,0.10564225690276,0.0003,0
1315,1001211.2847526,0.10564225690276,-0.0003,0
1316,1001210.0842725,0.10504201680672,0.0003,0
1317,1001210.0842725,0.10504201680672,-0.0003,0
1318,1001208.8837925,0.10444177671068,0.0003,0
1319,1001208.8837925,0.10444177671068,-0.0003,0
1320,1001207.6833124,0.10384153661465,0.0003,0
1321,1001207.6833124,0.10384153661465,-0.0003,0
1322,1001206.4828323,0.10324129651861,0.0003,0
1323,1001206.4828323,0.10324129651861,-0.0003,0
1324,1001205.2823523,0.10264105642257,0.0003,0
1325,1001205.2823523,0.10264105642257,-0.0003,0
1326,1001204.0818722,0.10204081632653,0.0003,0
1327,1001204.0818722,0.10204081632653,-0.0003,0
1328,1001202.8813921,0.10144057623049,0.0003,0
1329,1001202.8813921,0.10144057623049,-0.0003,0
1330,1001201.6809121,0.10084033613445,0.0003,0
1331,1001201.6809121,0.10084033613445,-0.0003,0
1332,1001200.480432,0.10024009603842,0.0003,0
1333,1001200.480432,0.10024009603842,-0.0003,0
1334,1001199.2799519,0.099639855942377,0.0003,0
1335,1001199.2799519,0.099639855942377,-0.0003,0
1336,1001198.0794718,0.099039615846339,0.0003,0
1337,1001198.0794718,0.099039615846338,-0.0003,0
1338,1001196.8789918,0.0984393757503,0.0003,0
1339,1001196.8789918,0.0984393757503,-0.0003,0
1340,1001195.6785117,0.097839135654262,0.0003,0
1341,1001195.6785117,0.097839135654262,-0.0003,0
1342,1001194.4780316,0.097238895558223,0.0003,0
1343,1001194.4780316,0.097238895558223,-0.0003,0
1344,1001193.2775515,0.096638655462185,0.0003,0
1345,1001193.2775515,0.096638655462185,-0.0003,0
1346,1001192.0770715,0.096038415366146,0.0003,0
1347,1001192.0770715,0.096038415366146,-0.0003,0
1348,1001190.8765914,0.095438175270108,0.0003,0
1349,1001190.8765914,0.095438175270108,-0.0003,0
1350,1001189.6761113,0.09483793517407,0.0003,0
1351,1001189.6761113,0.09483793517407,-0.0003,0
1352,1001188.4756312,0.094237695078031,0.0003,0
1353,1001188.4756312,0.094237695078031,-0.0003,0
1354,1001187.2751512,0.093637454981993,0.0003,0
1355,1001187.2751512,0.093637454981993,-0.0003,0
1356,1001186.0746711,0.093037214885954,0.0003,0
1357,1001186.0746711,0.093037214885954,-0.0003,0
1358,1001184.874191,0.092436974789916,0.0003,0
1359,1001184.874191,0.092436974789916,-0.0003,0
1360,1001183.6737109,0.091836734693878,0.0003,0
1361,1001183.6737109,0.091836734693878,-0.0003,0
1362,1001182.4732308,0.091236494597839,0.0003,0
1363,1001182.4732308,0.091236494597839,-0.0003,0
1364,1001181.2727508,0.090636254501801,0.0003,0
1365,1001181.2727508,0.090636254501801,-0.0003,0
1366,1001180.0722707,0.090036014405762,0.0003,0
1367,1001180.0722707,0.090036014405762,-0.0003,0
1368,1001178.8717906,0.089435774309724,0.0003,0
1369,1001178.8717906,0.089435774309724,-0.0003,0
1370,1001177.6713105,0.088835534213686,0.0003,0
1371,1001177.6713105,0.088835534213685,-0.0003,0
1372,1001176.4708304,0.088235294117647,0.0003,0
1373,1001176.4708304,0.088235294117647,-0.0003,0
1374,1001175.2703503,0.087635054021609,0.0003,0
1375,1001175.2703503,0.087635054021609,-0.0003,0
1376,1001174.0698702,0.08703481392557,0.0003,0
1377,1001174.0698702,0.08703481392557,-0.0003,0
1378,1001172.8693901,0.086434573829532,0.0003,0
1379,1001172.8693901,0.086434573829532,-0.0003,0
1380,1001171.6689101,0.085834333733493,0.0003,0
1381,1001171.6689101,0.085834333733493,-0.0003,0
1382,1001170.46843,0.085234093637455,0.0003,0
1383,1001170.46843,0.085234093637455,-0.0003,0
1384,1001169.2679499,0.084633853541417,0.0003,0
1385,1001169.2679499,0.084633853541417,-0.0003,0
1386,1001168.0674698,0.084033613445378,0.0003,0
1387,1001168.0674698,0.084033613445378,-0.0003,0
1388,1001166.8669897,0.08343337334934,0.0003,0
1389,1001166.8669897,0.08343337334934,-0.0003,0
1390,1001165.6665096,0.082833133253301,0.0003,0
1391,1001165.6665096,0.082833133253301,-0.0003,0
1392,1001164.4660295,0.082232893157263,0.0003,0
1393,1001164.4660295,0.082232893157263,-0.0003,0
1394,1001163.2655494,0.081632653061225,0.0003,0
1395,1001163.2655494,0.081632653061224,-0.0003,0
1396,1001162.0650693,0.081032412965186,0.0003,0
1397,1001162.0650693,0.081032412965186,-0.0003,0
1398,1001160.8645892,0.080432172869148,0.0003,0
1399,1001160.8645892,0.080432172869148,-0.0003,0
1400,1001159.6641091,0.079831932773109,0.0003,0
1401,1001159.6641091,0.079831932773109,-0.0003,0
1402,1001158.463629,0.079231692677071,0.0003,0
1403,1001158.463629,0.079231692677071,-0.0003,0
1404,1001157.2631489,0.078631452581032,0.0003,0
1405,1001157.2631489,0.078631452581032,-0.0003,0
1406,1001156.0626688,0.078031212484994,0.0003,0
1407,1001156.0626688,0.078031212484994,-0.0003,0
1408,1001154.8621887,0.077430972388956,0.0003,0
1409,1001154.8621887,0.077430972388956,-0.0003,0
1410,1001153.6617086,0.076830732292917,0.0003,0
1411,1001153.6617086,0.076830732292917,-0.0003,0
1412,1001152.4612285,0.076230492196879,0.0003,0
1413,1001152.4612285,0.076230492196879,-0.0003,0
1414,1001151.2607484,0.07563025210084,0.0003,0
1415,1001151.2607484,0.07563025210084,-0.0003,0
1416,1001150.0602683,0.075030012004802,0.0003,0
1417,1001150.0602683,0.075030012004802,-0.0003,0
1418,1001148.8597882,0.074429771908764,0.0003,0
1419,1001148.8597882,0.074429771908763,-0.0003,0
1420,1001147.6593081,0.073829531812725,0.0003,0
1421,1001147.6593081,0.073829531812725,-0.0003,0
1422,1001146.458828,0.073229291716687,0.0003,0
1423,1001146.458828,0.073229291716687,-0.0003,0
1424,1001145.2583479,0.072629051620648,0.0003,0
1425,1001145.2583479,0.072629051620648,-0.0003,0
1426,1001144.0578678,0.07202881152461,0.0003,0
1427,1001144.0578678,0.07202881152461,-0.0003,0
1428,1001142.8573877,0.071428571428571,0.0003,0
1429,1001142.8573877,0.071428571428571,-0.0003,0
1430,1001141.6569076,0.070828331332533,0.0003,0
1431,1001141.6569076,0.070828331332533,-0.0003,0
1432,1001140.4564275,0.070228091236495,0.0003,0
1433,1001140.4564275,0.070228091236495,-0.0003,0
1434,1001139.2559474,0.069627851140456,0.0003,0
1435,1001139.2559474,0.069627851140456,-0.0003,0
1436,1001138.0554673,0.069027611044418,0.0003,0
1437,1001138.0554673,0.069027611044418,-0.0003,0
1438,1001136.8549872,0.068427370948379,0.0003,0
1439,1001136.8549872,0.068427370948379,-0.0003,0
1440,1001135.6545071,0.067827130852341,0.0003,0
1441,1001135.6545071,0.067827130852341,-0.0003,0
1442,1001134.454027,0.067226890756303,0.0003,0
1443,1001134.454027,0.067226890756303,-0.0003,0
1444,1001133.2535468,0.066626650660264,0.0003,0
1445,1001133.2535468,0.066626650660264,-0.0003,0
1446,1001132.0530667,0.066026410564226,0.0003,0
1447,1001132.0530667,0.066026410564226,-0.0003,0
1448,1001130.8525866,0.065426170468187,0.0003,0
1449,1001130.8525866,0.065426170468187,-0.0003,0
1450,1001129.6521065,0.064825930372149,0.0003,0
1451,1001129.6521065,0.064825930372149,-0.0003,0
1452,1001128.4516264,0.06422569027611,0.0003,0
1453,1001128.4516264,0.06422569027611,-0.0003,0
1454,1001127.2511463,0.063625450180072,0.0003,0
1455,1001127.2511463,0.063625450180072,-0.0003,0
1456,1001126.0506662,0.063025210084034,0.0003,0
1457,1001126.0506662,0.063025210084034,-0.0003,0
1458,1001124.850186,0.062424969987995,0.0003,0
1459,1001124.850186,0.062424969987995,-0.0003,0
1460,1001123.6497059,0.061824729891957,0.0003,0
1461,1001123.6497059,0.061824729891957,-0.0003,0
1462,1001122.4492258,0.061224489795918,0.0003,0
1463,1001122.4492258,0.061224489795918,-0.0003,0
1464,1001121.2487457,0.06062424969988,0.0003,0
1465,1001121.2487457,0.06062424969988,-0.0003,0
1466,1001120.0482656,0.060024009603842,0.0003,0
1467,1001120.0482656,0.060024009603841,-0.0003,0
1468,1001118.8477854,0.059423769507803,0.0003,0
1469,1001118.8477854,0.059423769507803,-0.0003,0
1470,1001117.6473053,0.058823529411765,0.0003,0
1471,1001117.6473053,0.058823529411765,-0.0003,0
1472,1001116.4468252,0.058223289315726,0.0003,0
1473,1001116.4468252,0.058223289315726,-0.0003,0
1474,1001115.2463451,0.057623049219688,0.0003,0
1475,1001115.2463451,0.057623049219688,-0.0003,0
1476,1001114.045865,0.057022809123649,0.0003,0
1477,1001114.045865,0.057022809123649,-0.0003,0
1478,1001112.8453848,0.056422569027611,0.0003,0
1479,1001112.8453848,0.056422569027611,-0.0003,0
1480,1001111.6449047,0.055822328931573,0.0003,0
1481,1001111.6449047,0.055822328931573,-0.0003,0
1482,1001110.4444246,0.055222088835534,0.0003,0
1483,1001110.4444246,0.055222088835534,-0.0003,0
1484,1001109.2439445,0.054621848739496,0.0003,0
1485,1001109.2439445,0.054621848739496,-0.0003,0
1486,1001108.0434643,0.054021608643457,0.0003,0
1487,1001108.0434643,0.054021608643457,-0.0003,0
1488,1001106.8429842,0.053421368547419,0.0003,0
1489,1001106.8429842,0.053421368547419,-0.0003,0
1490,1001105.6425041,0.052821128451381,0.0003,0
1491,1001105.6425041,0.052821128451381,-0.0003,0
1492,1001104.4420239,0.052220888355342,0.0003,0
1493,1001104.4420239,0.052220888355342,-0.0003,0
1494,1001103.2415438,0.051620648259304,0.0003,0
1495,1001103.2415438,0.051620648259304,-0.0003,0
1496,1001102.0410637,0.051020408163265,0.0003,0
1497,1001102.0410637,0.051020408163265,-0.0003,0
1498,1001100.8405836,0.050420168067227,0.0003,0
1499,1001100.8405836,0.050420168067227,-0.0003,0
1500,1001099.6401034,0.049819927971189,0.0003,0
1501,1001099.6401034,0.049819927971188,-0.0003,0
1502,1001098.4396233,0.04921968787515,0.0003,0
1503,1001098.4396233,0.04921968787515,-0.0003,0
1504,1001097.2391432,0.048619447779112,0.0003,0
1505,1001097.2391432,0.048619447779112,-0.0003,0
1506,1001096.038663,0.048019207683073,0.0003,0
1507,1001096.038663,0.048019207683073,-0.0003,0
1508,1001094.8381829,0.047418967587035,0.0003,0
1509,1001094.8381829,0.047418967587035,-0.0003,0
1510,1001093.6377028,0.046818727490996,0.0003,0
1511,1001093.6377028,0.046818727490996,-0.0003,0
1512,1001092.4372226,0.046218487394958,0.0003,0
1513,1001092.4372226,0.046218487394958,-0.0003,0
1514,1001091.2367425,0.04561824729892,0.0003,0
1515,1001091.2367425,0.04561824729892,-0.0003,0
1516,1001090.0362623,0.045018007202881,0.0003,0
1517,1001090.0362623,0.045018007202881,-0.0003,0
1518,1001088.8357822,0.044417767106843,0.0003,0
1519,1001088.8357822,0.044417767106843,-0.0003,0
1520,1001087.6353021,0.043817527010804,0.0003,0
1521,1001087.6353021,0.043817527010804,-0.0003,0
1522,1001086.4348219,0.043217286914766,0.0003,0
1523,1001086.4348219,0.043217286914766,-0.0003,0
1524,1001085.2343418,0.042617046818728,0.0003,0
1525,1001085.2343418,0.042617046818727,-0.0003,0
1526,1001084.0338616,0.042016806722689,0.0003,0
1527,1001084.0338616,0.042016806722689,-0.0003,0
1528,1001082.8333815,0.041416566626651,0.0003,0
1529,1001082.8333815,0.041416566626651,-0.0003,0
1530,1001081.6329014,0.040816326530612,0.0003,0
1531,1001081.6329014,0.040816326530612,-0.0003,0
1532,1001080.4324212,0.040216086434574,0.0003,0
1533,1001080.4324212,0.040216086434574,-0.0003,0
1534,1001079.2319411,0.039615846338535,0.0003,0
1535,1001079.2319411,0.039615846338535,-0.0003,0
1536,1001078.0314609,0.039015606242497,0.0003,0
1537,1001078.0314609,0.039015606242497,-0.0003,0
1538,1001076.8309808,0.038415366146459,0.0003,0
1539,1001076.8309808,0.038415366146459,-0.0003,0
1540,1001075.6305006,0.03781512605042,0.0003,0
1541,1001075.6305006,0.03781512605042,-0.0003,0
1542,1001074.4300205,0.037214885954382,0.0003,0
1543,1001074.4300205,0.037214885954382,-0.0003,0
1544,1001073.2295403,0.036614645858343,0.0003,0
1545,1001073.2295403,0.036614645858343,-0.0003,0
1546,1001072.0290602,0.036014405762305,0.0003,0
1547,1001072.0290602,0.036014405762305,-0.0003,0
1548,1001070.82858,0.035414165666267,0.0003,0
1549,1001070.82858,0.035414165666266,-0.0003,0
1550,1001069.6280999,0.034813925570228,0.0003,0
1551,1001069.6280999,0.034813925570228,-0.0003,0
1552,1001068.4276197,0.03421368547419,0.0003,0
1553,1001068.4276197,0.03421368547419,-0.0003,0
1554,1001067.2271396,0.033613445378151,0.0003,0
1555,1001067.2271396,0.033613445378151,-0.0003,0
1556,1001066.0266594,0.033013205282113,0.0003,0
1557,1001066.0266594,0.033013205282113,-0.0003,0
1558,1001064.8261793,0.032412965186074,0.0003,0
1559,1001064.8261793,0.032412965186074,-0.0003,0
1560,1001063.6256991,0.031812725090036,0.0003,0
1561,1001063.6256991,0.031812725090036,-0.0003,0
1562,1001062.425219,0.031212484993998,0.0003,0
1563,1001062.425219,0.031212484993998,-0.0003,0
1564,1001061.2247388,0.030612244897959,0.0003,0
1565,1001061.2247388,0.030612244897959,-0.0003,0
1566,1001060.0242587,0.030012004801921,0.0003,0
1567,1001060.0242587,0.030012004801921,-0.0003,0
1568,1001058.8237785,0.029411764705882,0.0003,0
1569,1001058.8237785,0.029411764705882,-0.0003,0
1570,1001057.6232984,0.028811524609844,0.0003,0
1571,1001057.6232984,0.028811524609844,-0.0003,0
1572,1001056.4228182,0.028211284513806,0.0003,0
1573,1001056.4228182,0.028211284513806,-0.0003,0
1574,1001055.222338,0.027611044417767,0.0003,0
1575,1001055.222338,0.027611044417767,-0.0003,0
1576,1001054.0218579,0.027010804321729,0.0003,0
1577,1001054.0218579,0.027010804321729,-0.0003,0
1578,1001052.8213777,0.02641056422569,0.0003,0
1579,1001052.8213777,0.02641056422569,-0.0003,0
1580,1001051.6208976,0.025810324129652,0.0003,0
1581,1001051.6208976,0.025810324129652,-0.0003,0
1582,1001050.4204174,0.025210084033613,0.0003,0
1583,1001050.4204174,0.025210084033613,-0.0003,0
1584,1001049.2199372,0.024609843937575,0.0003,0
1585,1001049.2199372,0.024609843937575,-0.0003,0
1586,1001048.0194571,0.024009603841537,0.0003,0
1587,1001048.0194571,0.024009603841537,-0.0003,0
1588,1001046.8189769,0.023409363745498,0.0003,0
1589,1001046.8189769,0.023409363745498,-0.0003,0
1590,1001045.6184967,0.02280912364946,0.0003,0
1591,1001045.6184967,0.02280912364946,-0.0003,0
1592,1001044.4180166,0.022208883553421,0.0003,0
1593,1001044.4180166,0.022208883553421,-0.0003,0
1594,1001043.2175364,0.021608643457383,0.0003,0
1595,1001043.2175364,0.021608643457383,-0.0003,0
1596,1001042.0170562,0.021008403361345,0.0003,0
1597,1001042.0170562,0.021008403361344,-0.0003,0
1598,1001040.8165761,0.020408163265306,0.0003,0
1599,1001040.8165761,0.020408163265306,-0.0003,0
1600,1001039.6160959,0.019807923169268,0.0003,0
1601,1001039.6160959,0.019807923169268,-0.0003,0
1602,1001038.4156157,0.019207683073229,0.0003,0
1603,1001038.4156157,0.019207683073229,-0.0003,0
1604,1001037.2151356,0.018607442977191,0.0003,0
1605,1001037.2151356,0.018607442977191,-0.0003,0
1606,1001036.0146554,0.018007202881152,0.0003,0
1607,1001036.0146554,0.018007202881152,-0.0003,0
1608,1001034.8141752,0.017406962785114,0.0003,0
1609,1001034.8141752,0.017406962785114,-0.0003,0
1610,1001033.6136951,0.016806722689076,0.0003,0
1611,1001033.6136951,0.016806722689076,-0.0003,0
1612,1001032.4132149,0.016206482593037,0.0003,0
1613,1001032.4132149,0.016206482593037,-0.0003,0
1614,1001031.2127347,0.015606242496999,0.0003,0
1615,1001031.2127347,0.015606242496999,-0.0003,0
1616,1001030.0122545,0.01500600240096,0.0003,0
1617,1001030.0122545,0.01500600240096,-0.0003,0
1618,1001028.8117744,0.014405762304922,0.0003,0
1619,1001028.8117744,0.014405762304922,-0.0003,0
1620,1001027.6112942,0.013805522208884,0.0003,0
1621,1001027.6112942,0.013805522208884,-0.0003,0
1622,1001026.410814,0.013205282112845,0.0003,0
1623,1001026.410814,0.013205282112845,-0.0003,0
1624,1001025.2103338,0.012605042016807,0.0003,0
1625,1001025.2103338,0.012605042016807,-0.0003,0
1626,1001024.0098537,0.012004801920768,0.0003,0
1627,1001024.0098537,0.012004801920768,-0.0003,0
1628,1001022.8093735,0.01140456182473,0.0003,0
1629,1001022.8093735,0.01140456182473,-0.0003,0
1630,1001021.6088933,0.010804321728692,0.0003,0
1631,1001021.6088933,0.010804321728691,-0.0003,0
1632,1001020.4084131,0.010204081632653,0.0003,0
1633,1001020.4084131,0.010204081632653,-0.0003,0
1634,1001019.2079329,0.0096038415366147,0.0003,0
1635,1001019.2079329,0.0096038415366146,-0.0003,0
1636,1001018.0074528,0.0090036014405763,0.0003,0
1637,1001018.0074528,0.0090036014405762,-0.0003,0
1638,1001016.8069726,0.0084033613445378,0.0003,0
1639,1001016.8069726,0.0084033613445378,-0.0003,0
1640,1001015.6064924,0.0078031212484994,0.0003,0
1641,1001015.6064924,0.0078031212484994,-0.0003,0
1642,1001014.4060122,0.007202881152461,0.0003,0
1643,1001014.4060122,0.0072028811524609,-0.0003,0
1644,1001013.205532,0.0066026410564226,0.0003,0
1645,1001013.205532,0.0066026410564225,-0.0003,0
1646,1001012.0050518,0.0060024009603842,0.0003,0
1647,1001012.0050518,0.0060024009603841,-0.0003,0
1648,1001010.8045717,0.0054021608643458,0.0003,0
1649,1001010.8045717,0.0054021608643458,-0.0003,0
1650,1001009.6040915,0.0048019207683074,0.0003,0
1651,1001009.6040915,0.0048019207683073,-0.0003,0
1652,1001008.4036113,0.0042016806722689,0.0003,0
1653,1001008.4036113,0.0042016806722689,-0.0003,0
1654,1001007.2031311,0.0036014405762305,0.0003,0
1655,1001007.2031311,0.0036014405762305,-0.0003,0
1656,1001006.0026509,0.0030012004801921,0.0003,0
1657,1001006.0026509,0.003001200480192,-0.0003,0
1658,1001004.8021707,0.0024009603841537,0.0003,0
1659,1001004.8021707,0.0024009603841536,-0.0003,0
1660,1001003.6016905,0.0018007202881153,0.0003,0
1661,1001003.6016905,0.0018007202881152,-0.0003,0
1662,1001002.4012103,0.0012004801920769,0.0003,0
1663,1001002.4012103,0.0012004801920767,-0.0003,0
1664,1001001.2007302,0.00060024009603843,0.0003,0
1665,1001001.2007302,0.00060024009603843,-0.0003,0
1666,1001000.00025,5.5511151231258e-17,0.0003,0
1667,1001000.00025,-5.5511151231258e-17,-0.0003,0
1668,1000998.7997698,-0.00060024009603843,0.0003,0
1669,1000998.7997698,-0.00060024009603843,-0.0003,0
1670,1000997.5992896,-0.0012004801920767,0.0003,0
1671,1000997.5992896,-0.0012004801920769,-0.0003,0
1672,1000996.3988094,-0.0018007202881152,0.0003,0
1673,1000996.3988094,-0.0018007202881153,-0.0003,0
1674,1000995.1983292,-0.0024009603841536,0.0003,0
1675,1000995.1983292,-0.0024009603841537,-0.0003,0
1676,1000993.997849,-0.003001200480192,0.0003,0
1677,1000993.997849,-0.0030012004801921,-0.0003,0
1678,1000992.7973688,-0.0036014405762305,0.0003,0
1679,1000992.7973688,-0.0036014405762305,-0.0003,0
1680,1000991.5968886,-0.0042016806722689,0.0003,0
1681,1000991.5968886,-0.0042016806722689,-0.0003,0
1682,1000990.3964084,-0.0048019207683073,0.0003,0
1683,1000990.3964084,-0.0048019207683074,-0.0003,0
1684,1000989.1959282,-0.0054021608643458,0.0003,0
1685,1000989.1959282,-0.0054021608643458,-0.0003,0
1686,1000987.995448,-0.0060024009603841,0.0003,0
1687,1000987.995448,-0.0060024009603842,-0.0003,0
1688,1000986.7949678,-0.0066026410564225,0.0003,0
1689,1000986.7949678,-0.0066026410564226,-0.0003,0
1690,1000985.5944876,-0.0072028811524609,0.0003,0
1691,1000985.5944876,-0.007202881152461,-0.0003,0
1692,1000984.3940074,-0.0078031212484994,0.0003,0
1693,1000984.3940074,-0.0078031212484994,-0.0003,0
1694,1000983.1935272,-0.0084033613445378,0.0003,0
1695,1000983.1935272,-0.0084033613445378,-0.0003,0
1696,1000981.993047,-0.0090036014405762,0.0003,0
1697,1000981.993047,-0.0090036014405763,-0.0003,0
1698,1000980.7925668,-0.0096038415366146,0.0003,0
1699,1000980.7925668,-0.0096038415366147,-0.0003,0
1700,1000979.5920866,-0.010204081632653,0.0003,0
1701,1000979.5920866,-0.010204081632653,-0.0003,0
1702,1000978.3916064,-0.010804321728691,0.0003,0
1703,1000978.3916064,-0.010804321728692,-0.0003,0
1704,1000977.1911262,-0.01140456182473,0.0003,0
1705,1000977.1911262,-0.01140456182473,-0.0003,0
1706,1000975.990646,-0.012004801920768,0.0003,0
1707,1000975.990646,-0.012004801920768,-0.0003,0
1708,1000974.7901658,-0.012605042016807,0.0003,0
1709,1000974.7901658,-0.012605042016807,-0.0003,0
1710,1000973.5896856,-0.013205282112845,0.0003,0
1711,1000973.5896856,-0.013205282112845,-0.0003,0
1712,1000972.3892054,-0.013805522208884,0.0003,0
1713,1000972.3892054,-0.013805522208884,-0.0003,0
1714,1000971.1887251,-0.014405762304922,0.0003,0
1715,1000971.1887251,-0.014405762304922,-0.0003,0
1716,1000969.9882449,-0.01500600240096,0.0003,0
1717,1000969.9882449,-0.01500600240096,-0.0003,0
1718,1000968.7877647,-0.015606242496999,0.0003,0
1719,1000968.7877647,-0.015606242496999,-0.0003,0
1720,1000967.5872845,-0.016206482593037,0.0003,0
1721,1000967.5872845,-0.016206482593037,-0.0003,0
1722,1000966.3868043,-0.016806722689076,0.0003,0
1723,1000966.3868043,-0.016806722689076,-0.0003,0
1724,1000965.1863241,-0.017406962785114,0.0003,0
1725,1000965.1863241,-0.017406962785114,-0.0003,0
1726,1000963.9858439,-0.018007202881152,0.0003,0
1727,1000963.9858439,-0.018007202881152,-0.0003,0
1728,1000962.7853637,-0.018607442977191,0.0003,0
1729,1000962.7853637,-0.018607442977191,-0.0003,0
1730,1000961.5848834,-0.019207683073229,0.0003,0
1731,1000961.5848834,-0.019207683073229,-0.0003,0
1732,1000960.3844032,-0.019807923169268,0.0003,0
1733,1000960.3844032,-0.019807923169268,-0.0003,0
1734,1000959.183923,-0.020408163265306,0.0003,0
1735,1000959.183923,-0.020408163265306,-0.0003,0
1736,1000957.9834428,-0.021008403361344,0.0003,0
1737,1000957.9834428,-0.021008403361345,-0.0003,0
1738,1000956.7829626,-0.021608643457383,0.0003,0
1739,1000956.7829626,-0.021608643457383,-0.0003,0
1740,1000955.5824824,-0.022208883553421,0.0003,0
1741,1000955.5824824,-0.022208883553421,-0.0003,0
1742,1000954.3820021,-0.02280912364946,0.0003,0
1743,1000954.3820021,-0.02280912364946,-0.0003,0
1744,1000953.1815219,-0.023409363745498,0.0003,0
1745,1000953.1815219,-0.023409363745498,-0.0003,0
1746,1000951.9810417,-0.024009603841537,0.0003,0
1747,1000951.9810417,-0.024009603841537,-0.0003,0
1748,1000950.7805615,-0.024609843937575,0.0003,0
1749,1000950.7805615,-0.024609843937575,-0.0003,0
1750,1000949.5800813,-0.025210084033613,0.0003,0
1751,1000949.5800813,-0.025210084033613,-0.0003,0
1752,1000948.379601,-0.025810324129652,0.0003,0
1753,1000948.379601,-0.025810324129652,-0.0003,0
1754,1000947.1791208,-0.02641056422569,0.0003,0
1755,1000947.1791208,-0.02641056422569,-0.0003,0
1756,1000945.9786406,-0.027010804321729,0.0003,0
1757,1000945.9786406,-0.027010804321729,-0.0003,0
1758,1000944.7781604,-0.027611044417767,0.0003,0
1759,1000944.7781604,-0.027611044417767,-0.0003,0
1760,1000943.5776801,-0.028211284513806,0.0003,0
1761,1000943.5776801,-0.028211284513806,-0.0003,0
1762,1000942.3771999,-0.028811524609844,0.0003,0
1763,1000942.3771999,-0.028811524609844,-0.0003,0
1764,1000941.1767197,-0.029411764705882,0.0003,0
1765,1000941.1767197,-0.029411764705882,-0.0003,0
1766,1000939.9762395,-0.030012004801921,0.0003,0
1767,1000939.9762395,-0.030012004801921,-0.0003,0
1768,1000938.7757592,-0.030612244897959,0.0003,0
1769,1000938.7757592,-0.030612244897959,-0.0003,0
1770,1000937.575279,-0.031212484993998,0.0003,0
1771,1000937.575279,-0.031212484993998,-0.0003,0
1772,1000936.3747988,-0.031812725090036,0.0003,0
1773,1000936.3747988,-0.031812725090036,-0.0003,0
1774,1000935.1743185,-0.032412965186074,0.0003,0
1775,1000935.1743185,-0.032412965186074,-0.0003,0
1776,1000933.9738383,-0.033013205282113,0.0003,0
1777,1000933.9738383,-0.033013205282113,-0.0003,0
1778,1000932.7733581,-0.033613445378151,0.0003,0
1779,1000932.7733581,-0.033613445378151,-0.0003,0
1780,1000931.5728778,-0.03421368547419,0.0003,0
1781,1000931.5728778,-0.03421368547419,-0.0003,0
1782,1000930.3723976,-0.034813925570228,0.0003,0
1783,1000930.3723976,-0.034813925570228,-0.0003,0
1784,1000929.1719174,-0.035414165666266,0.0003,0
1785,1000929.1719174,-0.035414165666267,-0.0003,0
1786,1000927.9714371,-0.036014405762305,0.0003,0
1787,1000927.9714371,-0.036014405762305,-0.0003,0
1788,1000926.7709569,-0.036614645858343,0.0003,0
1789,1000926.7709569,-0.036614645858343,-0.0003,0
1790,1000925.5704767,-0.037214885954382,0.0003,0
1791,1000925.5704767,-0.037214885954382,-0.0003,0
1792,1000924.3699964,-0.03781512605042,0.0003,0
1793,1000924.3699964,-0.03781512605042,-0.0003,0
1794,1000923.1695162,-0.038415366146459,0.0003,0
1795,1000923.1695162,-0.038415366146459,-0.0003,0
1796,1000921.969036,-0.039015606242497,0.0003,0
1797,1000921.969036,-0.039015606242497,-0.0003,0
1798,1000920.7685557,-0.039615846338535,0.0003,0
1799,1000920.7685557,-0.039615846338535,-0.0003,0
1800,1000919.5680755,-0.040216086434574,0.0003,0
1801,1000919.5680755,-0.040216086434574,-0.0003,0
1802,1000918.3675952,-0.040816326530612,0.0003,0
1803,1000918.3675952,-0.040816326530612,-0.0003,0
1804,1000917.167115,-0.041416566626651,0.0003,0
1805,1000917.167115,-0.041416566626651,-0.0003,0
1806,1000915.9666348,-0.042016806722689,0.0003,0
1807,1000915.9666348,-0.042016806722689,-0.0003,0
1808,1000914.7661545,-0.042617046818727,0.0003,0
1809,1000914.7661545,-0.042617046818728,-0.0003,0
1810,1000913.5656743,-0.043217286914766,0.0003,0
1811,1000913.5656743,-0.043217286914766,-0.0003,0
1812,1000912.365194,-0.043817527010804,0.0003,0
1813,1000912.365194,-0.043817527010804,-0.0003,0
1814,1000911.1647138,-0.044417767106843,0.0003,0
1815,1000911.1647138,-0.044417767106843,-0.0003,0
1816,1000909.9642335,-0.045018007202881,0.0003,0
1817,1000909.9642335,-0.045018007202881,-0.0003,0
1818,1000908.7637533,-0.04561824729892,0.0003,0
1819,1000908.7637533,-0.04561824729892,-0.0003,0
1820,1000907.563273,-0.046218487394958,0.0003,0
1821,1000907.563273,-0.046218487394958,-0.0003,0
1822,1000906.3627928,-0.046818727490996,0.0003,0
1823,1000906.3627928,-0.046818727490996,-0.0003,0
1824,1000905.1623125,-0.047418967587035,0.0003,0
1825,1000905.1623125,-0.047418967587035,-0.0003,0
1826,1000903.9618323,-0.048019207683073,0.0003,0
1827,1000903.9618323,-0.048019207683073,-0.0003,0
1828,1000902.761352,-0.048619447779112,0.0003,0
1829,1000902.761352,-0.048619447779112,-0.0003,0
1830,1000901.5608718,-0.04921968787515,0.0003,0
1831,1000901.5608718,-0.04921968787515,-0.0003,0
1832,1000900.3603915,-0.049819927971188,0.0003,0
1833,1000900.3603915,-0.049819927971189,-0.0003,0
1834,1000899.1599113,-0.050420168067227,0.0003,0
1835,1000899.1599113,-0.050420168067227,-0.0003,0
1836,1000897.959431,-0.051020408163265,0.0003,0
1837,1000897.959431,-0.051020408163265,-0.0003,0
1838,1000896.7589508,-0.051620648259304,0.0003,0
1839,1000896.7589508,-0.051620648259304,-0.0003,0
1840,1000895.5584705,-0.052220888355342,0.0003,0
1841,1000895.5584705,-0.052220888355342,-0.0003,0
1842,1000894.3579903,-0.052821128451381,0.0003,0
1843,1000894.3579903,-0.052821128451381,-0.0003,0
1844,1000893.15751,-0.053421368547419,0.0003,0
1845,1000893.15751,-0.053421368547419,-0.0003,0
1846,1000891.9570298,-0.054021608643457,0.0003,0
1847,1000891.9570298,-0.054021608643457,-0.0003,0
1848,1000890.7565495,-0.054621848739496,0.0003,0
1849,1000890.7565495,-0.054621848739496,-0.0003,0
1850,1000889.5560692,-0.055222088835534,0.0003,0
1851,1000889.5560692,-0.055222088835534,-0.0003,0
1852,1000888.355589,-0.055822328931573,0.0003,0
1853,1000888.355589,-0.055822328931573,-0.0003,0
1854,1000887.1551087,-0.056422569027611,0.0003,0
1855,1000887.1551087,-0.056422569027611,-0.0003,0
1856,1000885.9546285,-0.057022809123649,0.0003,0
1857,1000885.9546285,-0.057022809123649,-0.0003,0
1858,1000884.7541482,-0.057623049219688,0.0003,0
1859,1000884.7541482,-0.057623049219688,-0.0003,0
1860,1000883.5536679,-0.058223289315726,0.0003,0
1861,1000883.5536679,-0.058223289315726,-0.0003,0
1862,1000882.3531877,-0.058823529411765,0.0003,0
1863,1000882.3531877,-0.058823529411765,-0.0003,0
1864,1000881.1527074,-0.059423769507803,0.0003,0
1865,1000881.1527074,-0.059423769507803,-0.0003,0
1866,1000879.9522272,-0.060024009603841,0.0003,0
1867,1000879.9522272,-0.060024009603842,-0.0003,0
1868,1000878.7517469,-0.06062424969988,0.0003,0
1869,1000878.7517469,-0.06062424969988,-0.0003,0
1870,1000877.5512666,-0.061224489795918,0.0003,0
1871,1000877.5512666,-0.061224489795918,-0.0003,0
1872,1000876.3507864,-0.061824729891957,0.0003,0
1873,1000876.3507864,-0.061824729891957,-0.0003,0
1874,1000875.1503061,-0.062424969987995,0.0003,0
1875,1000875.1503061,-0.062424969987995,-0.0003,0
1876,1000873.9498258,-0.063025210084034,0.0003,0
1877,1000873.9498258,-0.063025210084034,-0.0003,0
1878,1000872.7493456,-0.063625450180072,0.0003,0
1879,1000872.7493456,-0.063625450180072,-0.0003,0
1880,1000871.5488653,-0.06422569027611,0.0003,0
1881,1000871.5488653,-0.06422569027611,-0.0003,0
1882,1000870.348385,-0.064825930372149,0.0003,0
1883,1000870.348385,-0.064825930372149,-0.0003,0
1884,1000869.1479047,-0.065426170468187,0.0003,0
1885,1000869.1479047,-0.065426170468187,-0.0003,0
1886,1000867.9474245,-0.066026410564226,0.0003,0
1887,1000867.9474245,-0.066026410564226,-0.0003,0
1888,1000866.7469442,-0.066626650660264,0.0003,0
1889,1000866.7469442,-0.066626650660264,-0.0003,0
1890,1000865.5464639,-0.067226890756303,0.0003,0
1891,1000865.5464639,-0.067226890756303,-0.0003,0
1892,1000864.3459837,-0.067827130852341,0.0003,0
1893,1000864.3459837,-0.067827130852341,-0.0003,0
1894,1000863.1455034,-0.068427370948379,0.0003,0
1895,1000863.1455034,-0.068427370948379,-0.0003,0
1896,1000861.9450231,-0.069027611044418,0.0003,0
1897,1000861.9450231,-0.069027611044418,-0.0003,0
1898,1000860.7445428,-0.069627851140456,0.0003,0
1899,1000860.7445428,-0.069627851140456,-0.0003,0
1900,1000859.5440626,-0.070228091236495,0.0003,0
1901,1000859.5440626,-0.070228091236495,-0.0003,0
1902,1000858.3435823,-0.070828331332533,0.0003,0
1903,1000858.3435823,-0.070828331332533,-0.0003,0
1904,1000857.143102,-0.071428571428571,0.0003,0
1905,1000857.143102,-0.071428571428571,-0.0003,0
1906,1000855.9426217,-0.07202881152461,0.0003,0
1907,1000855.9426217,-0.07202881152461,-0.0003,0
1908,1000854.7421414,-0.072629051620648,0.0003,0
1909,1000854.7421415,-0.072629051620648,-0.0003,0
1910,1000853.5416612,-0.073229291716687,0.0003,0
1911,1000853.5416612,-0.073229291716687,-0.0003,0
1912,1000852.3411809,-0.073829531812725,0.0003,0
1913,1000852.3411809,-0.073829531812725,-0.0003,0
1914,1000851.1407006,-0.074429771908763,0.0003,0
1915,1000851.1407006,-0.074429771908764,-0.0003,0
1916,1000849.9402203,-0.075030012004802,0.0003,0
1917,1000849.9402203,-0.075030012004802,-0.0003,0
1918,1000848.73974,-0.07563025210084,0.0003,0
1919,1000848.73974,-0.07563025210084,-0.0003,0
1920,1000847.5392598,-0.076230492196879,0.0003,0
1921,1000847.5392598,-0.076230492196879,-0.0003,0
1922,1000846.3387795,-0.076830732292917,0.0003,0
1923,1000846.3387795,-0.076830732292917,-0.0003,0
1924,1000845.1382992,-0.077430972388956,0.0003,0
1925,1000845.1382992,-0.077430972388956,-0.0003,0
1926,1000843.9378189,-0.078031212484994,0.0003,0
1927,1000843.9378189,-0.078031212484994,-0.0003,0
1928,1000842.7373386,-0.078631452581032,0.0003,0
1929,1000842.7373386,-0.078631452581032,-0.0003,0
1930,1000841.5368583,-0.079231692677071,0.0003,0
1931,1000841.5368583,-0.079231692677071,-0.0003,0
1932,1000840.336378,-0.079831932773109,0.0003,0
1933,1000840.336378,-0.079831932773109,-0.0003,0
1934,1000839.1358978,-0.080432172869148,0.0003,0
1935,1000839.1358978,-0.080432172869148,-0.0003,0
1936,1000837.9354175,-0.081032412965186,0.0003,0
1937,1000837.9354175,-0.081032412965186,-0.0003,0
1938,1000836.7349372,-0.081632653061224,0.0003,0
1939,1000836.7349372,-0.081632653061225,-0.0003,0
1940,1000835.5344569,-0.082232893157263,0.0003,0
1941,1000835.5344569,-0.082232893157263,-0.0003,0
1942,1000834.3339766,-0.082833133253301,0.0003,0
1943,1000834.3339766,-0.082833133253301,-0.0003,0
1944,1000833.1334963,-0.08343337334934,0.0003,0
1945,1000833.1334963,-0.08343337334934,-0.0003,0
1946,1000831.933016,-0.084033613445378,0.0003,0
1947,1000831.933016,-0.084033613445378,-0.0003,0
1948,1000830.7325357,-0.084633853541417,0.0003,0
1949,1000830.7325357,-0.084633853541417,-0.0003,0
1950,1000829.5320554,-0.085234093637455,0.0003,0
1951,1000829.5320554,-0.085234093637455,-0.0003,0
1952,1000828.3315751,-0.085834333733493,0.0003,0
1953,1000828.3315751,-0.085834333733493,-0.0003,0
1954,1000827.1310948,-0.086434573829532,0.0003,0
1955,1000827.1310948,-0.086434573829532,-0.0003,0
1956,1000825.9306145,-0.08703481392557,0.0003,0
1957,1000825.9306145,-0.08703481392557,-0.0003,0
1958,1000824.7301342,-0.087635054021609,0.0003,0
1959,1000824.7301342,-0.087635054021609,-0.0003,0
1960,1000823.5296539,-0.088235294117647,0.0003,0
1961,1000823.5296539,-0.088235294117647,-0.0003,0
1962,1000822.3291736,-0.088835534213685,0.0003,0
1963,1000822.3291736,-0.088835534213686,-0.0003,0
1964,1000821.1286933,-0.089435774309724,0.0003,0
1965,1000821.1286933,-0.089435774309724,-0.0003,0
1966,1000819.928213,-0.090036014405762,0.0003,0
1967,1000819.928213,-0.090036014405762,-0.0003,0
1968,1000818.7277327,-0.090636254501801,0.0003,0
1969,1000818.7277327,-0.090636254501801,-0.0003,0
1970,1000817.5272524,-0.091236494597839,0.0003,0
1971,1000817.5272524,-0.091236494597839,-0.0003,0
1972,1000816.3267721,-0.091836734693878,0.0003,0
1973,1000816.3267721,-0.091836734693878,-0.0003,0
1974,1000815.1262918,-0.092436974789916,0.0003,0
1975,1000815.1262918,-0.092436974789916,-0.0003,0
1976,1000813.9258115,-0.093037214885954,0.0003,0
1977,1000813.9258115,-0.093037214885954,-0.0003,0
1978,1000812.7253312,-0.093637454981993,0.0003,0
1979,1000812.7253312,-0.093637454981993,-0.0003,0
1980,1000811.5248509,-0.094237695078031,0.0003,0
1981,1000811.5248509,-0.094237695078031,-0.0003,0
1982,1000810.3243706,-0.09483793517407,0.0003,0
1983,1000810.3243706,-0.09483793517407,-0.0003,0
1984,1000809.1238903,-0.095438175270108,0.0003,0
1985,1000809.1238903,-0.095438175270108,-0.0003,0
1986,1000807.92341,-0.096038415366146,0.0003,0
1987,1000807.92341,-0.096038415366146,-0.0003,0
1988,1000806.7229297,-0.096638655462185,0.0003,0
1989,1000806.7229297,-0.096638655462185,-0.0003,0
1990,1000805.5224494,-0.097238895558223,0.0003,0
1991,1000805.5224494,-0.097238895558223,-0.0003,0
1992,1000804.3219691,-0.097839135654262,0.0003,0
1993,1000804.3219691,-0.097839135654262,-0.0003,0
1994,1000803.1214888,-0.0984393757503,0.0003,0
1995,1000803.1214888,-0.0984393757503,-0.0003,0
1996,1000801.9210085,-0.099039615846338,0.0003,0
1997,1000801.9210085,-0.099039615846339,-0.0003,0
1998,1000800.7205282,-0.099639855942377,0.0003,0
1999,1000800.7205282,-0.099639855942377,-0.0003,0
2000,1000799.5200478,-0.10024009603842,0.0003,0
2001,1000799.5200478,-0.10024009603842,-0.0003,0
2002,1000798.3195675,-0.10084033613445,0.0003,0
2003,1000798.3195675,-0.10084033613445,-0.0003,0
2004,1000797.1190872,-0.10144057623049,0.0003,0
2005,1000797.1190872,-0.10144057623049,-0.0003,0
2006,1000795.9186069,-0.10204081632653,0.0003,0
2007,1000795.9186069,-0.10204081632653,-0.0003,0
2008,1000794.7181266,-0.10264105642257,0.0003,0
2009,1000794.7181266,-0.10264105642257,-0.0003,0
2010,1000793.5176463,-0.10324129651861,0.0003,0
2011,1000793.5176463,-0.10324129651861,-0.0003,0
2012,1000792.317166,-0.10384153661465,0.0003,0
2013,1000792.317166,-0.10384153661465,-0.0003,0
2014,1000791.1166856,-0.10444177671068,0.0003,0
2015,1000791.1166856,-0.10444177671068,-0.0003,0
2016,1000789.9162053,-0.10504201680672,0.0003,0
2017,1000789.9162053,-0.10504201680672,-0.0003,0
2018,1000788.715725,-0.10564225690276,0.0003,0
2019,1000788.715725,-0.10564225690276,-0.0003,0
2020,1000787.5152447,-0.1062424969988,0.0003,0
2021,1000787.5152447,-0.1062424969988,-0.0003,0
2022,1000786.3147644,-0.10684273709484,0.0003,0
2023,1000786.3147644,-0.10684273709484,-0.0003,0
2024,1000785.114284,-0.10744297719088,0.0003,0
2025,1000785.114284,-0.10744297719088,-0.0003,0
2026,1000783.9138037,-0.10804321728691,0.0003,0
2027,1000783.9138037,-0.10804321728691,-0.0003,0
2028,1000782.7133234,-0.10864345738295,0.0003,0
2029,1000782.7133234,-0.10864345738295,-0.0003,0
2030,1000781.5128431,-0.10924369747899,0.0003,0
2031,1000781.5128431,-0.10924369747899,-0.0003,0
2032,1000780.3123628,-0.10984393757503,0.0003,0
2033,1000780.3123628,-0.10984393757503,-0.0003,0
2034,1000779.1118824,-0.11044417767107,0.0003,0
2035,1000779.1118824,-0.11044417767107,-0.0003,0
2036,1000777.9114021,-0.11104441776711,0.0003,0
2037,1000777.9114021,-0.11104441776711,-0.0003,0
2038,1000776.7109218,-0.11164465786315,0.0003,0
2039,1000776.7109218,-0.11164465786315,-0.0003,0
2040,1000775.5104415,-0.11224489795918,0.0003,0
2041,1000775.5104415,-0.11224489795918,-0.0003,0
2042,1000774.3099611,-0.11284513805522,0.0003,0
2043,1000774.3099611,-0.11284513805522,-0.0003,0
2044,1000773.1094808,-0.11344537815126,0.0003,0
2045,1000773.1094808,-0.11344537815126,-0.0003,0
2046,1000771.9090005,-0.1140456182473,0.0003,0
2047,1000771.9090005,-0.1140456182473,-0.0003,0
2048,1000770.7085201,-0.11464585834334,0.0003,0
2049,1000770.7085201,-0.11464585834334,-0.0003,0
2050,1000769.5080398,-0.11524609843938,0.0003,0
2051,1000769.5080398,-0.11524609843938,-0.0003,0
2052,1000768.3075595,-0.11584633853541,0.0003,0
2053,1000768.3075595,-0.11584633853541,-0.0003,0
2054,1000767.1070791,-0.11644657863145,0.0003,0
2055,1000767.1070791,-0.11644657863145,-0.0003,0
2056,1000765.9065988,-0.11704681872749,0.0003,0
2057,1000765.9065988,-0.11704681872749,-0.0003,0
2058,1000764.7061185,-0.11764705882353,0.0003,0
2059,1000764.7061185,-0.11764705882353,-0.0003,0
2060,1000763.5056381,-0.11824729891957,0.0003,0
2061,1000763.5056381,-0.11824729891957,-0.0003,0
2062,1000762.3051578,-0.11884753901561,0.0003,0
2063,1000762.3051578,-0.11884753901561,-0.0003,0
2064,1000761.1046775,-0.11944777911164,0.0003,0
2065,1000761.1046775,-0.11944777911164,-0.0003,0
2066,1000759.9041971,-0.12004801920768,0.0003,0
2067,1000759.9041971,-0.12004801920768,-0.0003,0
2068,1000758.7037168,-0.12064825930372,0.0003,0
2069,1000758.7037168,-0.12064825930372,-0.0003,0
2070,1000757.5032365,-0.12124849939976,0.0003,0
2071,1000757.5032365,-0.12124849939976,-0.0003,0
2072,1000756.3027561,-0.1218487394958,0.0003,0
2073,1000756.3027561,-0.1218487394958,-0.0003,0
2074,1000755.1022758,-0.12244897959184,0.0003,0
2075,1000755.1022758,-0.12244897959184,-0.0003,0
2076,1000753.9017955,-0.12304921968788,0.0003,0
2077,1000753.9017955,-0.12304921968788,-0.0003,0
2078,1000752.7013151,-0.12364945978391,0.0003,0
2079,1000752.7013151,-0.12364945978391,-0.0003,0
2080,1000751.5008348,-0.12424969987995,0.0003,0
2081,1000751.5008348,-0.12424969987995,-0.0003,0
2082,1000750.3003544,-0.12484993997599,0.0003,0
2083,1000750.3003544,-0.12484993997599,-0.0003,0
2084,1000749.0998741,-0.12545018007203,0.0003,0
2085,1000749.0998741,-0.12545018007203,-0.0003,0
2086,1000747.8993937,-0.12605042016807,0.0003,0
2087,1000747.8993937,-0.12605042016807,-0.0003,0
2088,1000746.6989134,-0.12665066026411,0.0003,0
2089,1000746.6989134,-0.12665066026411,-0.0003,0
2090,1000745.4984331,-0.12725090036014,0.0003,0
2091,1000745.4984331,-0.12725090036014,-0.0003,0
2092,1000744.2979527,-0.12785114045618,0.0003,0
2093,1000744.2979527,-0.12785114045618,-0.0003,0
2094,1000743.0974724,-0.12845138055222,0.0003,0
2095,1000743.0974724,-0.12845138055222,-0.0003,0
2096,1000741.896992,-0.12905162064826,0.0003,0
2097,1000741.896992,-0.12905162064826,-0.0003,0
2098,1000740.6965117,-0.1296518607443,0.0003,0
2099,1000740.6965117,-0.1296518607443,-0.0003,0
2100,1000739.4960313,-0.13025210084034,0.0003,0
2101,1000739.4960313,-0.13025210084034,-0.0003,0
2102,1000738.295551,-0.13085234093637,0.0003,0
2103,1000738.295551,-0.13085234093637,-0.0003,0
2104,1000737.0950706,-0.13145258103241,0.0003,0
2105,1000737.0950706,-0.13145258103241,-0.0003,0
2106,1000735.8945903,-0.13205282112845,0.0003,0
2107,1000735.8945903,-0.13205282112845,-0.0003,0
2108,1000734.6941099,-0.13265306122449,0.0003,0
2109,1000734.6941099,-0.13265306122449,-0.0003,0
2110,1000733.4936296,-0.13325330132053,0.0003,0
2111,1000733.4936296,-0.13325330132053,-0.0003,0
2112,1000732.2931492,-0.13385354141657,0.0003,0
2113,1000732.2931492,-0.13385354141657,-0.0003,0
2114,1000731.0926689,-0.13445378151261,0.0003,0
2115,1000731.0926689,-0.13445378151261,-0.0003,0
2116,1000729.8921885,-0.13505402160864,0.0003,0
2117,1000729.8921885,-0.13505402160864,-0.0003,0
2118,1000728.6917082,-0.13565426170468,0.0003,0
2119,1000728.6917082,-0.13565426170468,-0.0003,0
2120,1000727.4912278,-0.13625450180072,0.0003,0
2121,1000727.4912278,-0.13625450180072,-0.0003,0
2122,1000726.2907474,-0.13685474189676,0.0003,0
2123,1000726.2907474,-0.13685474189676,-0.0003,0
2124,1000725.0902671,-0.1374549819928,0.0003,0
2125,1000725.0902671,-0.1374549819928,-0.0003,0
2126,1000723.8897867,-0.13805522208884,0.0003,0
2127,1000723.8897867,-0.13805522208884,-0.0003,0
2128,1000722.6893064,-0.13865546218487,0.0003,0
2129,1000722.6893064,-0.13865546218487,-0.0003,0
2130,1000721.488826,-0.13925570228091,0.0003,0
2131,1000721.488826,-0.13925570228091,-0.0003,0
2132,1000720.2883457,-0.13985594237695,0.0003,0
2133,1000720.2883457,-0.13985594237695,-0.0003,0
2134,1000719.0878653,-0.14045618247299,0.0003,0
2135,1000719.0878653,-0.14045618247299,-0.0003,0
2136,1000717.8873849,-0.14105642256903,0.0003,0
2137,1000717.8873849,-0.14105642256903,-0.0003,0
2138,1000716.6869046,-0.14165666266507,0.0003,0
2139,1000716.6869046,-0.14165666266507,-0.0003,0
2140,1000715.4864242,-0.1422569027611,0.0003,0
2141,1000715.4864242,-0.1422569027611,-0.0003,0
2142,1000714.2859438,-0.14285714285714,0.0003,0
2143,1000714.2859438,-0.14285714285714,-0.0003,0
2144,1000713.0854635,-0.14345738295318,0.0003,0
2145,1000713.0854635,-0.14345738295318,-0.0003,0
2146,1000711.8849831,-0.14405762304922,0.0003,0
2147,1000711.8849831,-0.14405762304922,-0.0003,0
2148,1000710.6845028,-0.14465786314526,0.0003,0
2149,1000710.6845028,-0.14465786314526,-0.0003,0
2150,1000709.4840224,-0.1452581032413,0.0003,0
2151,1000709.4840224,-0.1452581032413,-0.0003,0
2152,1000708.283542,-0.14585834333733,0.0003,0
2153,1000708.283542,-0.14585834333733,-0.0003,0
2154,1000707.0830617,-0.14645858343337,0.0003,0
2155,1000707.0830617,-0.14645858343337,-0.0003,0
2156,1000705.8825813,-0.14705882352941,0.0003,0
2157,1000705.8825813,-0.14705882352941,-0.0003,0
2158,1000704.6821009,-0.14765906362545,0.0003,0
2159,1000704.6821009,-0.14765906362545,-0.0003,0
2160,1000703.4816205,-0.14825930372149,0.0003,0
2161,1000703.4816205,-0.14825930372149,-0.0003,0
2162,1000702.2811402,-0.14885954381753,0.0003,0
2163,1000702.2811402,-0.14885954381753,-0.0003,0
2164,1000701.0806598,-0.14945978391357,0.0003,0
2165,1000701.0806598,-0.14945978391357,-0.0003,0
2166,1000699.8801794,-0.1500600240096,0.0003,0
2167,1000699.8801794,-0.1500600240096,-0.0003,0
2168,1000698.6796991,-0.15066026410564,0.0003,0
2169,1000698.6796991,-0.15066026410564,-0.0003,0
2170,1000697.4792187,-0.15126050420168,0.0003,0
2171,1000697.4792187,-0.15126050420168,-0.0003,0
2172,1000696.2787383,-0.15186074429772,0.0003,0
2173,1000696.2787383,-0.15186074429772,-0.0003,0
2174,1000695.0782579,-0.15246098439376,0.0003,0
2175,1000695.0782579,-0.15246098439376,-0.0003,0
2176,1000693.8777776,-0.1530612244898,0.0003,0
2177,1000693.8777776,-0.1530612244898,-0.0003,0
2178,1000692.6772972,-0.15366146458583,0.0003,0
2179,1000692.6772972,-0.15366146458583,-0.0003,0
2180,1000691.4768168,-0.15426170468187,0.0003,0
2181,1000691.4768168,-0.15426170468187,-0.0003,0
2182,1000690.2763364,-0.15486194477791,0.0003,0
2183,1000690.2763364,-0.15486194477791,-0.0003,0
2184,1000689.0758561,-0.15546218487395,0.0003,0
2185,1000689.0758561,-0.15546218487395,-0.0003,0
2186,1000687.8753757,-0.15606242496999,0.0003,0
2187,1000687.8753757,-0.15606242496999,-0.0003,0
2188,1000686.6748953,-0.15666266506603,0.0003,0
2189,1000686.6748953,-0.15666266506603,-0.0003,0
2190,1000685.4744149,-0.15726290516206,0.0003,0
2191,1000685.4744149,-0.15726290516206,-0.0003,0
2192,1000684.2739345,-0.1578631452581,0.0003,0
2193,1000684.2739345,-0.1578631452581,-0.0003,0
2194,1000683.0734542,-0.15846338535414,0.0003,0
2195,1000683.0734542,-0.15846338535414,-0.0003,0
2196,1000681.8729738,-0.15906362545018,0.0003,0
2197,1000681.8729738,-0.15906362545018,-0.0003,0
2198,1000680.6724934,-0.15966386554622,0.0003,0
2199,1000680.6724934,-0.15966386554622,-0.0003,0
2200,1000679.472013,-0.16026410564226,0.0003,0
2201,1000679.472013,-0.16026410564226,-0.0003,0
2202,1000678.2715326,-0.1608643457383,0.0003,0
2203,1000678.2715326,-0.1608643457383,-0.0003,0
2204,1000677.0710522,-0.16146458583433,0.0003,0
2205,1000677.0710522,-0.16146458583433,-0.0003,0
2206,1000675.8705718,-0.16206482593037,0.0003,0
2207,1000675.8705718,-0.16206482593037,-0.0003,0
2208,1000674.6700915,-0.16266506602641,0.0003,0
2209,1000674.6700915,-0.16266506602641,-0.0003,0
2210,1000673.4696111,-0.16326530612245,0.0003,0
2211,1000673.4696111,-0.16326530612245,-0.0003,0
2212,1000672.2691307,-0.16386554621849,0.0003,0
2213,1000672.2691307,-0.16386554621849,-0.0003,0
2214,1000671.0686503,-0.16446578631453,0.0003,0
2215,1000671.0686503,-0.16446578631453,-0.0003,0
2216,1000669.8681699,-0.16506602641056,0.0003,0
2217,1000669.8681699,-0.16506602641056,-0.0003,0
2218,1000668.6676895,-0.1656662665066,0.0003,0
2219,1000668.6676895,-0.1656662665066,-0.0003,0
2220,1000667.4672091,-0.16626650660264,0.0003,0
2221,1000667.4672091,-0.16626650660264,-0.0003,0
2222,1000666.2667287,-0.16686674669868,0.0003,0
2223,1000666.2667287,-0.16686674669868,-0.0003,0
2224,1000665.0662483,-0.16746698679472,0.0003,0
2225,1000665.0662483,-0.16746698679472,-0.0003,0
2226,1000663.8657679,-0.16806722689076,0.0003,0
2227,1000663.8657679,-0.16806722689076,-0.0003,0
2228,1000662.6652875,-0.16866746698679,0.0003,0
2229,1000662.6652875,-0.16866746698679,-0.0003,0
2230,1000661.4648072,-0.16926770708283,0.0003,0
2231,1000661.4648072,-0.16926770708283,-0.0003,0
2232,1000660.2643268,-0.16986794717887,0.0003,0
2233,1000660.2643268,-0.16986794717887,-0.0003,0
2234,1000659.0638464,-0.17046818727491,0.0003,0
2235,1000659.0638464,-0.17046818727491,-0.0003,0
2236,1000657.863366,-0.17106842737095,0.0003,0
2237,1000657.863366,-0.17106842737095,-0.0003,0
2238,1000656.6628856,-0.17166866746699,0.0003,0
2239,1000656.6628856,-0.17166866746699,-0.0003,0
2240,1000655.4624052,-0.17226890756303,0.0003,0
2241,1000655.4624052,-0.17226890756303,-0.0003,0
2242,1000654.2619248,-0.17286914765906,0.0003,0
2243,1000654.2619248,-0.17286914765906,-0.0003,0
2244,1000653.0614444,-0.1734693877551,0.0003,0
2245,1000653.0614444,-0.1734693877551,-0.0003,0
2246,1000651.860964,-0.17406962785114,0.0003,0
2247,1000651.860964,-0.17406962785114,-0.0003,0
2248,1000650.6604836,-0.17466986794718,0.0003,0
2249,1000650.6604836,-0.17466986794718,-0.0003,0
2250,1000649.4600032,-0.17527010804322,0.0003,0
2251,1000649.4600032,-0.17527010804322,-0.0003,0
2252,1000648.2595228,-0.17587034813926,0.0003,0
2253,1000648.2595228,-0.17587034813926,-0.0003,0
2254,1000647.0590424,-0.17647058823529,0.0003,0
2255,1000647.0590424,-0.17647058823529,-0.0003,0
2256,1000645.858562,-0.17707082833133,0.0003,0
2257,1000645.858562,-0.17707082833133,-0.0003,0
2258,1000644.6580816,-0.17767106842737,0.0003,0
2259,1000644.6580816,-0.17767106842737,-0.0003,0
2260,1000643.4576011,-0.17827130852341,0.0003,0
2261,1000643.4576011,-0.17827130852341,-0.0003,0
2262,1000642.2571207,-0.17887154861945,0.0003,0
2263,1000642.2571207,-0.17887154861945,-0.0003,0
2264,1000641.0566403,-0.17947178871549,0.0003,0
2265,1000641.0566403,-0.17947178871549,-0.0003,0
2266,1000639.8561599,-0.18007202881152,0.0003,0
2267,1000639.8561599,-0.18007202881152,-0.0003,0
2268,1000638.6556795,-0.18067226890756,0.0003,0
2269,1000638.6556795,-0.18067226890756,-0.0003,0
2270,1000637.4551991,-0.1812725090036,0.0003,0
2271,1000637.4551991,-0.1812725090036,-0.0003,0
2272,1000636.2547187,-0.18187274909964,0.0003,0
2273,1000636.2547187,-0.18187274909964,-0.0003,0
2274,1000635.0542383,-0.18247298919568,0.0003,0
2275,1000635.0542383,-0.18247298919568,-0.0003,0
2276,1000633.8537579,-0.18307322929172,0.0003,0
2277,1000633.8537579,-0.18307322929172,-0.0003,0
2278,1000632.6532775,-0.18367346938776,0.0003,0
2279,1000632.6532775,-0.18367346938776,-0.0003,0
2280,1000631.452797,-0.18427370948379,0.0003,0
2281,1000631.452797,-0.18427370948379,-0.0003,0
2282,1000630.2523166,-0.18487394957983,0.0003,0
2283,1000630.2523166,-0.18487394957983,-0.0003,0
2284,1000629.0518362,-0.18547418967587,0.0003,0
2285,1000629.0518362,-0.18547418967587,-0.0003,0
2286,1000627.8513558,-0.18607442977191,0.0003,0
2287,1000627.8513558,-0.18607442977191,-0.0003,0
2288,1000626.6508754,-0.18667466986795,0.0003,0
2289,1000626.6508754,-0.18667466986795,-0.0003,0
2290,1000625.450395,-0.18727490996399,0.0003,0
2291,1000625.450395,-0.18727490996399,-0.0003,0
2292,1000624.2499146,-0.18787515006002,0.0003,0
2293,1000624.2499146,-0.18787515006002,-0.0003,0
2294,1000623.0494341,-0.18847539015606,0.0003,0
2295,1000623.0494341,-0.18847539015606,-0.0003,0
2296,1000621.8489537,-0.1890756302521,0.0003,0
2297,1000621.8489537,-0.1890756302521,-0.0003,0
2298,1000620.6484733,-0.18967587034814,0.0003,0
2299,1000620.6484733,-0.18967587034814,-0.0003,0
2300,1000619.4479929,-0.19027611044418,0.0003,0
2301,1000619.4479929,-0.19027611044418,-0.0003,0
2302,1000618.2475125,-0.19087635054022,0.0003,0
2303,1000618.2475125,-0.19087635054022,-0.0003,0
2304,1000617.047032,-0.19147659063625,0.0003,0
2305,1000617.047032,-0.19147659063625,-0.0003,0
2306,1000615.8465516,-0.19207683073229,0.0003,0
2307,1000615.8465516,-0.19207683073229,-0.0003,0
2308,1000614.6460712,-0.19267707082833,0.0003,0
2309,1000614.6460712,-0.19267707082833,-0.0003,0
2310,1000613.4455908,-0.19327731092437,0.0003,0
2311,1000613.4455908,-0.19327731092437,-0.0003,0
2312,1000612.2451103,-0.19387755102041,0.0003,0
2313,1000612.2451103,-0.19387755102041,-0.0003,0
2314,1000611.0446299,-0.19447779111645,0.0003,0
2315,1000611.0446299,-0.19447779111645,-0.0003,0
2316,1000609.8441495,-0.19507803121248,0.0003,0
2317,1000609.8441495,-0.19507803121249,-0.0003,0
2318,1000608.6436691,-0.19567827130852,0.0003,0
2319,1000608.6436691,-0.19567827130852,-0.0003,0
2320,1000607.4431886,-0.19627851140456,0.0003,0
2321,1000607.4431886,-0.19627851140456,-0.0003,0
2322,1000606.2427082,-0.1968787515006,0.0003,0
2323,1000606.2427082,-0.1968787515006,-0.0003,0
2324,1000605.0422278,-0.19747899159664,0.0003,0
2325,1000605.0422278,-0.19747899159664,-0.0003,0
2326,1000603.8417474,-0.19807923169268,0.0003,0
2327,1000603.8417474,-0.19807923169268,-0.0003,0
2328,1000602.6412669,-0.19867947178872,0.0003,0
2329,1000602.6412669,-0.19867947178872,-0.0003,0
2330,1000601.4407865,-0.19927971188475,0.0003,0
2331,1000601.4407865,-0.19927971188475,-0.0003,0
2332,1000600.2403061,-0.19987995198079,0.0003,0
2333,1000600.2403061,-0.19987995198079,-0.0003,0
2334,1000599.0398256,-0.20048019207683,0.0003,0
2335,1000599.0398256,-0.20048019207683,-0.0003,0
2336,1000597.8393452,-0.20108043217287,0.0003,0
2337,1000597.8393452,-0.20108043217287,-0.0003,0
2338,1000596.6388648,-0.20168067226891,0.0003,0
2339,1000596.6388648,-0.20168067226891,-0.0003,0
2340,1000595.4383843,-0.20228091236495,0.0003,0
2341,1000595.4383843,-0.20228091236495,-0.0003,0
2342,1000594.2379039,-0.20288115246098,0.0003,0
2343,1000594.2379039,-0.20288115246098,-0.0003,0
2344,1000593.0374235,-0.20348139255702,0.0003,0
2345,1000593.0374235,-0.20348139255702,-0.0003,0
2346,1000591.836943,-0.20408163265306,0.0003,0
2347,1000591.836943,-0.20408163265306,-0.0003,0
2348,1000590.6364626,-0.2046818727491,0.0003,0
2349,1000590.6364626,-0.2046818727491,-0.0003,0
2350,1000589.4359821,-0.20528211284514,0.0003,0
2351,1000589.4359821,-0.20528211284514,-0.0003,0
2352,1000588.2355017,-0.20588235294118,0.0003,0
2353,1000588.2355017,-0.20588235294118,-0.0003,0
2354,1000587.0350213,-0.20648259303721,0.0003,0
2355,1000587.0350213,-0.20648259303721,-0.0003,0
2356,1000585.8345408,-0.20708283313325,0.0003,0
2357,1000585.8345408,-0.20708283313325,-0.0003,0
2358,1000584.6340604,-0.20768307322929,0.0003,0
2359,1000584.6340604,-0.20768307322929,-0.0003,0
2360,1000583.4335799,-0.20828331332533,0.0003,0
2361,1000583.4335799,-0.20828331332533,-0.0003,0
2362,1000582.2330995,-0.20888355342137,0.0003,0
2363,1000582.2330995,-0.20888355342137,-0.0003,0
2364,1000581.0326191,-0.20948379351741,0.0003,0
2365,1000581.0326191,-0.20948379351741,-0.0003,0
2366,1000579.8321386,-0.21008403361345,0.0003,0
2367,1000579.8321386,-0.21008403361345,-0.0003,0
2368,1000578.6316582,-0.21068427370948,0.0003,0
2369,1000578.6316582,-0.21068427370948,-0.0003,0
2370,1000577.4311777,-0.21128451380552,0.0003,0
2371,1000577.4311777,-0.21128451380552,-0.0003,0
2372,1000576.2306973,-0.21188475390156,0.0003,0
2373,1000576.2306973,-0.21188475390156,-0.0003,0
2374,1000575.0302168,-0.2124849939976,0.0003,0
2375,1000575.0302168,-0.2124849939976,-0.0003,0
2376,1000573.8297364,-0.21308523409364,0.0003,0
2377,1000573.8297364,-0.21308523409364,-0.0003,0
2378,1000572.6292559,-0.21368547418968,0.0003,0
2379,1000572.6292559,-0.21368547418968,-0.0003,0
2380,1000571.4287755,-0.21428571428571,0.0003,0
2381,1000571.4287755,-0.21428571428571,-0.0003,0
2382,1000570.228295,-0.21488595438175,0.0003,0
2383,1000570.228295,-0.21488595438175,-0.0003,0
2384,1000569.0278146,-0.21548619447779,0.0003,0
2385,1000569.0278146,-0.21548619447779,-0.0003,0
2386,1000567.8273341,-0.21608643457383,0.0003,0
2387,1000567.8273341,-0.21608643457383,-0.0003,0
2388,1000566.6268537,-0.21668667466987,0.0003,0
2389,1000566.6268537,-0.21668667466987,-0.0003,0
2390,1000565.4263732,-0.21728691476591,0.0003,0
2391,1000565.4263732,-0.21728691476591,-0.0003,0
2392,1000564.2258928,-0.21788715486194,0.0003,0
2393,1000564.2258928,-0.21788715486194,-0.0003,0
2394,1000563.0254123,-0.21848739495798,0.0003,0
2395,1000563.0254123,-0.21848739495798,-0.0003,0
2396,1000561.8249319,-0.21908763505402,0.0003,0
2397,1000561.8249319,-0.21908763505402,-0.0003,0
2398,1000560.6244514,-0.21968787515006,0.0003,0
2399,1000560.6244514,-0.21968787515006,-0.0003,0
2400,1000559.423971,-0.2202881152461,0.0003,0
2401,1000559.423971,-0.2202881152461,-0.0003,0
2402,1000558.2234905,-0.22088835534214,0.0003,0
2403,1000558.2234905,-0.22088835534214,-0.0003,0
2404,1000557.02301,-0.22148859543818,0.0003,0
2405,1000557.02301,-0.22148859543818,-0.0003,0
2406,1000555.8225296,-0.22208883553421,0.0003,0
2407,1000555.8225296,-0.22208883553421,-0.0003,0
2408,1000554.6220491,-0.22268907563025,0.0003,0
2409,1000554.6220491,-0.22268907563025,-0.0003,0
2410,1000553.4215687,-0.22328931572629,0.0003,0
2411,1000553.4215687,-0.22328931572629,-0.0003,0
2412,1000552.2210882,-0.22388955582233,0.0003,0
2413,1000552.2210882,-0.22388955582233,-0.0003,0
2414,1000551.0206077,-0.22448979591837,0.0003,0
2415,1000551.0206077,-0.22448979591837,-0.0003,0
2416,1000549.8201273,-0.22509003601441,0.0003,0
2417,1000549.8201273,-0.22509003601441,-0.0003,0
2418,1000548.6196468,-0.22569027611044,0.0003,0
2419,1000548.6196468,-0.22569027611044,-0.0003,0
2420,1000547.4191664,-0.22629051620648,0.0003,0
2421,1000547.4191664,-0.22629051620648,-0.0003,0
2422,1000546.2186859,-0.22689075630252,0.0003,0
2423,1000546.2186859,-0.22689075630252,-0.0003,0
2424,1000545.0182054,-0.22749099639856,0.0003,0
2425,1000545.0182054,-0.22749099639856,-0.0003,0
2426,1000543.817725,-0.2280912364946,0.0003,0
2427,1000543.817725,-0.2280912364946,-0.0003,0
2428,1000542.6172445,-0.22869147659064,0.0003,0
2429,1000542.6172445,-0.22869147659064,-0.0003,0
2430,1000541.416764,-0.22929171668667,0.0003,0
2431,1000541.416764,-0.22929171668667,-0.0003,0
2432,1000540.2162836,-0.22989195678271,0.0003,0
2433,1000540.2162836,-0.22989195678271,-0.0003,0
2434,1000539.0158031,-0.23049219687875,0.0003,0
2435,1000539.0158031,-0.23049219687875,-0.0003,0
2436,1000537.8153226,-0.23109243697479,0.0003,0
2437,1000537.8153226,-0.23109243697479,-0.0003,0
2438,1000536.6148422,-0.23169267707083,0.0003,0
2439,1000536.6148422,-0.23169267707083,-0.0003,0
2440,1000535.4143617,-0.23229291716687,0.0003,0
2441,1000535.4143617,-0.23229291716687,-0.0003,0
2442,1000534.2138812,-0.23289315726291,0.0003,0
2443,1000534.2138812,-0.23289315726291,-0.0003,0
2444,1000533.0134007,-0.23349339735894,0.0003,0
2445,1000533.0134007,-0.23349339735894,-0.0003,0
2446,1000531.8129203,-0.23409363745498,0.0003,0
2447,1000531.8129203,-0.23409363745498,-0.0003,0
2448,1000530.6124398,-0.23469387755102,0.0003,0
2449,1000530.6124398,-0.23469387755102,-0.0003,0
2450,1000529.4119593,-0.23529411764706,0.0003,0
2451,1000529.4119593,-0.23529411764706,-0.0003,0
2452,1000528.2114788,-0.2358943577431,0.0003,0
2453,1000528.2114788,-0.2358943577431,-0.0003,0
2454,1000527.0109984,-0.23649459783914,0.0003,0
2455,1000527.0109984,-0.23649459783914,-0.0003,0
2456,1000525.8105179,-0.23709483793517,0.0003,0
2457,1000525.8105179,-0.23709483793517,-0.0003,0
2458,1000524.6100374,-0.23769507803121,0.0003,0
2459,1000524.6100374,-0.23769507803121,-0.0003,0
2460,1000523.4095569,-0.23829531812725,0.0003,0
2461,1000523.4095569,-0.23829531812725,-0.0003,0
2462,1000522.2090765,-0.23889555822329,0.0003,0
2463,1000522.2090765,-0.23889555822329,-0.0003,0
2464,1000521.008596,-0.23949579831933,0.0003,0
2465,1000521.008596,-0.23949579831933,-0.0003,0
2466,1000519.8081155,-0.24009603841537,0.0003,0
2467,1000519.8081155,-0.24009603841537,-0.0003,0
2468,1000518.607635,-0.2406962785114,0.0003,0
2469,1000518.607635,-0.2406962785114,-0.0003,0
2470,1000517.4071545,-0.24129651860744,0.0003,0
2471,1000517.4071545,-0.24129651860744,-0.0003,0
2472,1000516.2066741,-0.24189675870348,0.0003,0
2473,1000516.2066741,-0.24189675870348,-0.0003,0
2474,1000515.0061936,-0.24249699879952,0.0003,0
2475,1000515.0061936,-0.24249699879952,-0.0003,0
2476,1000513.8057131,-0.24309723889556,0.0003,0
2477,1000513.8057131,-0.24309723889556,-0.0003,0
2478,1000512.6052326,-0.2436974789916,0.0003,0
2479,1000512.6052326,-0.2436974789916,-0.0003,0
2480,1000511.4047521,-0.24429771908763,0.0003,0
2481,1000511.4047521,-0.24429771908764,-0.0003,0
2482,1000510.2042716,-0.24489795918367,0.0003,0
2483,1000510.2042716,-0.24489795918367,-0.0003,0
2484,1000509.0037911,-0.24549819927971,0.0003,0
2485,1000509.0037911,-0.24549819927971,-0.0003,0
2486,1000507.8033107,-0.24609843937575,0.0003,0
2487,1000507.8033107,-0.24609843937575,-0.0003,0
2488,1000506.6028302,-0.24669867947179,0.0003,0
2489,1000506.6028302,-0.24669867947179,-0.0003,0
2490,1000505.4023497,-0.24729891956783,0.0003,0
2491,1000505.4023497,-0.24729891956783,-0.0003,0
2492,1000504.2018692,-0.24789915966387,0.0003,0
2493,1000504.2018692,-0.24789915966387,-0.0003,0
2494,1000503.0013887,-0.2484993997599,0.0003,0
2495,1000503.0013887,-0.2484993997599,-0.0003,0
2496,1000501.8009082,-0.24909963985594,0.0003,0
2497,1000501.8009082,-0.24909963985594,-0.0003,0
2498,1000500.6004277,-0.24969987995198,0.0003,0
2499,1000500.6004277,-0.24969987995198,-0.0003,0
2500,1000499.3999472,-0.25030012004802,0.0003,0
2501,1000499.3999472,-0.25030012004802,-0.0003,0
2502,1000498.1994667,-0.25090036014406,0.0003,0
2503,1000498.1994667,-0.25090036014406,-0.0003,0
2504,1000496.9989862,-0.2515006002401,0.0003,0
2505,1000496.9989862,-0.2515006002401,-0.0003,0
2506,1000495.7985058,-0.25210084033613,0.0003,0
2507,1000495.7985058,-0.25210084033613,-0.0003,0
2508,1000494.5980253,-0.25270108043217,0.0003,0
2509,1000494.5980253,-0.25270108043217,-0.0003,0
2510,1000493.3975448,-0.25330132052821,0.0003,0
2511,1000493.3975448,-0.25330132052821,-0.0003,0
2512,1000492.1970643,-0.25390156062425,0.0003,0
2513,1000492.1970643,-0.25390156062425,-0.0003,0
2514,1000490.9965838,-0.25450180072029,0.0003,0
2515,1000490.9965838,-0.25450180072029,-0.0003,0
2516,1000489.7961033,-0.25510204081633,0.0003,0
2517,1000489.7961033,-0.25510204081633,-0.0003,0
2518,1000488.5956228,-0.25570228091236,0.0003,0
2519,1000488.5956228,-0.25570228091236,-0.0003,0
2520,1000487.3951423,-0.2563025210084,0.0003,0
2521,1000487.3951423,-0.2563025210084,-0.0003,0
2522,1000486.1946618,-0.25690276110444,0.0003,0
2523,1000486.1946618,-0.25690276110444,-0.0003,0
2524,1000484.9941813,-0.25750300120048,0.0003,0
2525,1000484.9941813,-0.25750300120048,-0.0003,0
2526,1000483.7937008,-0.25810324129652,0.0003,0
2527,1000483.7937008,-0.25810324129652,-0.0003,0
2528,1000482.5932203,-0.25870348139256,0.0003,0
2529,1000482.5932203,-0.25870348139256,-0.0003,0
2530,1000481.3927398,-0.2593037214886,0.0003,0
2531,1000481.3927398,-0.2593037214886,-0.0003,0
2532,1000480.1922593,-0.25990396158463,0.0003,0
2533,1000480.1922593,-0.25990396158463,-0.0003,0
2534,1000478.9917788,-0.26050420168067,0.0003,0
2535,1000478.9917788,-0.26050420168067,-0.0003,0
2536,1000477.7912983,-0.26110444177671,0.0003,0
2537,1000477.7912983,-0.26110444177671,-0.0003,0
2538,1000476.5908177,-0.26170468187275,0.0003,0
2539,1000476.5908177,-0.26170468187275,-0.0003,0
2540,1000475.3903372,-0.26230492196879,0.0003,0
2541,1000475.3903372,-0.26230492196879,-0.0003,0
2542,1000474.1898567,-0.26290516206483,0.0003,0
2543,1000474.1898567,-0.26290516206483,-0.0003,0
2544,1000472.9893762,-0.26350540216086,0.0003,0
2545,1000472.9893762,-0.26350540216086,-0.0003,0
2546,1000471.7888957,-0.2641056422569,0.0003,0
2547,1000471.7888957,-0.2641056422569,-0.0003,0
2548,1000470.5884152,-0.26470588235294,0.0003,0
2549,1000470.5884152,-0.26470588235294,-0.0003,0
2550,1000469.3879347,-0.26530612244898,0.0003,0
2551,1000469.3879347,-0.26530612244898,-0.0003,0
2552,1000468.1874542,-0.26590636254502,0.0003,0
2553,1000468.1874542,-0.26590636254502,-0.0003,0
2554,1000466.9869737,-0.26650660264106,0.0003,0
2555,1000466.9869737,-0.26650660264106,-0.0003,0
2556,1000465.7864932,-0.26710684273709,0.0003,0
2557,1000465.7864932,-0.26710684273709,-0.0003,0
2558,1000464.5860126,-0.26770708283313,0.0003,0
2559,1000464.5860126,-0.26770708283313,-0.0003,0
2560,1000463.3855321,-0.26830732292917,0.0003,0
2561,1000463.3855321,-0.26830732292917,-0.0003,0
2562,1000462.1850516,-0.26890756302521,0.0003,0
2563,1000462.1850516,-0.26890756302521,-0.0003,0
2564,1000460.9845711,-0.26950780312125,0.0003,0
2565,1000460.9845711,-0.26950780312125,-0.0003,0
2566,1000459.7840906,-0.27010804321729,0.0003,0
2567,1000459.7840906,-0.27010804321729,-0.0003,0
2568,1000458.5836101,-0.27070828331333,0.0003,0
2569,1000458.5836101,-0.27070828331333,-0.0003,0
2570,1000457.3831296,-0.27130852340936,0.0003,0
2571,1000457.3831296,-0.27130852340936,-0.0003,0
2572,1000456.182649,-0.2719087635054,0.0003,0
2573,1000456.182649,-0.2719087635054,-0.0003,0
2574,1000454.9821685,-0.27250900360144,0.0003,0
2575,1000454.9821685,-0.27250900360144,-0.0003,0
2576,1000453.781688,-0.27310924369748,0.0003,0
2577,1000453.781688,-0.27310924369748,-0.0003,0
2578,1000452.5812075,-0.27370948379352,0.0003,0
2579,1000452.5812075,-0.27370948379352,-0.0003,0
2580,1000451.380727,-0.27430972388956,0.0003,0
2581,1000451.380727,-0.27430972388956,-0.0003,0
2582,1000450.1802464,-0.27490996398559,0.0003,0
2583,1000450.1802464,-0.27490996398559,-0.0003,0
2584,1000448.9797659,-0.27551020408163,0.0003,0
2585,1000448.9797659,-0.27551020408163,-0.0003,0
2586,1000447.7792854,-0.27611044417767,0.0003,0
2587,1000447.7792854,-0.27611044417767,-0.0003,0
2588,1000446.5788049,-0.27671068427371,0.0003,0
2589,1000446.5788049,-0.27671068427371,-0.0003,0
2590,1000445.3783243,-0.27731092436975,0.0003,0
2591,1000445.3783243,-0.27731092436975,-0.0003,0
2592,1000444.1778438,-0.27791116446579,0.0003,0
2593,1000444.1778438,-0.27791116446579,-0.0003,0
2594,1000442.9773633,-0.27851140456182,0.0003,0
2595,1000442.9773633,-0.27851140456182,-0.0003,0
2596,1000441.7768828,-0.27911164465786,0.0003,0
2597,1000441.7768828,-0.27911164465786,-0.0003,0
2598,1000440.5764022,-0.2797118847539,0.0003,0
2599,1000440.5764022,-0.2797118847539,-0.0003,0
2600,1000439.3759217,-0.28031212484994,0.0003,0
2601,1000439.3759217,-0.28031212484994,-0.0003,0
2602,1000438.1754412,-0.28091236494598,0.0003,0
2603,1000438.1754412,-0.28091236494598,-0.0003,0
2604,1000436.9749606,-0.28151260504202,0.0003,0
2605,1000436.9749606,-0.28151260504202,-0.0003,0
2606,1000435.7744801,-0.28211284513806,0.0003,0
2607,1000435.7744801,-0.28211284513806,-0.0003,0
2608,1000434.5739996,-0.28271308523409,0.0003,0
2609,1000434.5739996,-0.28271308523409,-0.0003,0
2610,1000433.3735191,-0.28331332533013,0.0003,0
2611,1000433.3735191,-0.28331332533013,-0.0003,0
2612,1000432.1730385,-0.28391356542617,0.0003,0
2613,1000432.1730385,-0.28391356542617,-0.0003,0
2614,1000430.972558,-0.28451380552221,0.0003,0
2615,1000430.972558,-0.28451380552221,-0.0003,0
2616,1000429.7720775,-0.28511404561825,0.0003,0
2617,1000429.7720775,-0.28511404561825,-0.0003,0
2618,1000428.5715969,-0.28571428571429,0.0003,0
2619,1000428.5715969,-0.28571428571429,-0.0003,0
2620,1000427.3711164,-0.28631452581032,0.0003,0
2621,1000427.3711164,-0.28631452581032,-0.0003,0
2622,1000426.1706358,-0.28691476590636,0.0003,0
2623,1000426.1706358,-0.28691476590636,-0.0003,0
2624,1000424.9701553,-0.2875150060024,0.0003,0
2625,1000424.9701553,-0.2875150060024,-0.0003,0
2626,1000423.7696748,-0.28811524609844,0.0003,0
2627,1000423.7696748,-0.28811524609844,-0.0003,0
2628,1000422.5691942,-0.28871548619448,0.0003,0
2629,1000422.5691942,-0.28871548619448,-0.0003,0
2630,1000421.3687137,-0.28931572629052,0.0003,0
2631,1000421.3687137,-0.28931572629052,-0.0003,0
2632,1000420.1682332,-0.28991596638655,0.0003,0
2633,1000420.1682332,-0.28991596638655,-0.0003,0
2634,1000418.9677526,-0.29051620648259,0.0003,0
2635,1000418.9677526,-0.29051620648259,-0.0003,0
2636,1000417.7672721,-0.29111644657863,0.0003,0
2637,1000417.7672721,-0.29111644657863,-0.0003,0
2638,1000416.5667915,-0.29171668667467,0.0003,0
2639,1000416.5667915,-0.29171668667467,-0.0003,0
2640,1000415.366311,-0.29231692677071,0.0003,0
2641,1000415.366311,-0.29231692677071,-0.0003,0
2642,1000414.1658304,-0.29291716686675,0.0003,0
2643,1000414.1658304,-0.29291716686675,-0.0003,0
2644,1000412.9653499,-0.29351740696279,0.0003,0
2645,1000412.9653499,-0.29351740696279,-0.0003,0
2646,1000411.7648694,-0.29411764705882,0.0003,0
2647,1000411.7648694,-0.29411764705882,-0.0003,0
2648,1000410.5643888,-0.29471788715486,0.0003,0
2649,1000410.5643888,-0.29471788715486,-0.0003,0
2650,1000409.3639083,-0.2953181272509,0.0003,0
2651,1000409.3639083,-0.2953181272509,-0.0003,0
2652,1000408.1634277,-0.29591836734694,0.0003,0
2653,1000408.1634277,-0.29591836734694,-0.0003,0
2654,1000406.9629472,-0.29651860744298,0.0003,0
2655,1000406.9629472,-0.29651860744298,-0.0003,0
2656,1000405.7624666,-0.29711884753902,0.0003,0
2657,1000405.7624666,-0.29711884753902,-0.0003,0
2658,1000404.5619861,-0.29771908763505,0.0003,0
2659,1000404.5619861,-0.29771908763505,-0.0003,0
2660,1000403.3615055,-0.29831932773109,0.0003,0
2661,1000403.3615055,-0.29831932773109,-0.0003,0
2662,1000402.161025,-0.29891956782713,0.0003,0
2663,1000402.161025,-0.29891956782713,-0.0003,0
2664,1000400.9605444,-0.29951980792317,0.0003,0
2665,1000400.9605444,-0.29951980792317,-0.0003,0
2666,1000399.7600639,-0.30012004801921,0.0003,0
2667,1000399.7600639,-0.30012004801921,-0.0003,0
2668,1000398.5595833,-0.30072028811525,0.0003,0
2669,1000398.5595833,-0.30072028811525,-0.0003,0
2670,1000397.3591028,-0.30132052821128,0.0003,0
2671,1000397.3591028,-0.30132052821128,-0.0003,0
2672,1000396.1586222,-0.30192076830732,0.0003,0
2673,1000396.1586222,-0.30192076830732,-0.0003,0
2674,1000394.9581417,-0.30252100840336,0.0003,0
2675,1000394.9581417,-0.30252100840336,-0.0003,0
2676,1000393.7576611,-0.3031212484994,0.0003,0
2677,1000393.7576611,-0.3031212484994,-0.0003,0
2678,1000392.5571805,-0.30372148859544,0.0003,0
2679,1000392.5571805,-0.30372148859544,-0.0003,0
2680,1000391.3567,-0.30432172869148,0.0003,0
2681,1000391.3567,-0.30432172869148,-0.0003,0
2682,1000390.1562194,-0.30492196878751,0.0003,0
2683,1000390.1562194,-0.30492196878751,-0.0003,0
2684,1000388.9557389,-0.30552220888355,0.0003,0
2685,1000388.9557389,-0.30552220888355,-0.0003,0
2686,1000387.7552583,-0.30612244897959,0.0003,0
2687,1000387.7552583,-0.30612244897959,-0.0003,0
2688,1000386.5547778,-0.30672268907563,0.0003,0
2689,1000386.5547778,-0.30672268907563,-0.0003,0
2690,1000385.3542972,-0.30732292917167,0.0003,0
2691,1000385.3542972,-0.30732292917167,-0.0003,0
2692,1000384.1538166,-0.30792316926771,0.0003,0
2693,1000384.1538166,-0.30792316926771,-0.0003,0
2694,1000382.9533361,-0.30852340936375,0.0003,0
2695,1000382.9533361,-0.30852340936375,-0.0003,0
2696,1000381.7528555,-0.30912364945978,0.0003,0
2697,1000381.7528555,-0.30912364945978,-0.0003,0
2698,1000380.5523749,-0.30972388955582,0.0003,0
2699,1000380.5523749,-0.30972388955582,-0.0003,0
2700,1000379.3518944,-0.31032412965186,0.0003,0
2701,1000379.3518944,-0.31032412965186,-0.0003,0
2702,1000378.1514138,-0.3109243697479,0.0003,0
2703,1000378.1514138,-0.3109243697479,-0.0003,0
2704,1000376.9509332,-0.31152460984394,0.0003,0
2705,1000376.9509332,-0.31152460984394,-0.0003,0
2706,1000375.7504527,-0.31212484993998,0.0003,0
2707,1000375.7504527,-0.31212484993998,-0.0003,0
2708,1000374.5499721,-0.31272509003601,0.0003,0
2709,1000374.5499721,-0.31272509003601,-0.0003,0
2710,1000373.3494915,-0.31332533013205,0.0003,0
2711,1000373.3494915,-0.31332533013205,-0.0003,0
2712,1000372.149011,-0.31392557022809,0.0003,0
2713,1000372.149011,-0.31392557022809,-0.0003,0
2714,1000370.9485304,-0.31452581032413,0.0003,0
2715,1000370.9485304,-0.31452581032413,-0.0003,0
2716,1000369.7480498,-0.31512605042017,0.0003,0
2717,1000369.7480498,-0.31512605042017,-0.0003,0
2718,1000368.5475693,-0.31572629051621,0.0003,0
2719,1000368.5475693,-0.31572629051621,-0.0003,0
2720,1000367.3470887,-0.31632653061224,0.0003,0
2721,1000367.3470887,-0.31632653061224,-0.0003,0
2722,1000366.1466081,-0.31692677070828,0.0003,0
2723,1000366.1466081,-0.31692677070828,-0.0003,0
2724,1000364.9461276,-0.31752701080432,0.0003,0
2725,1000364.9461276,-0.31752701080432,-0.0003,0
2726,1000363.745647,-0.31812725090036,0.0003,0
2727,1000363.745647,-0.31812725090036,-0.0003,0
2728,1000362.5451664,-0.3187274909964,0.0003,0
2729,1000362.5451664,-0.3187274909964,-0.0003,0
2730,1000361.3446858,-0.31932773109244,0.0003,0
2731,1000361.3446858,-0.31932773109244,-0.0003,0
2732,1000360.1442053,-0.31992797118848,0.0003,0
2733,1000360.1442053,-0.31992797118848,-0.0003,0
2734,1000358.9437247,-0.32052821128451,0.0003,0
2735,1000358.9437247,-0.32052821128451,-0.0003,0
2736,1000357.7432441,-0.32112845138055,0.0003,0
2737,1000357.7432441,-0.32112845138055,-0.0003,0
2738,1000356.5427635,-0.32172869147659,0.0003,0
2739,1000356.5427635,-0.32172869147659,-0.0003,0
2740,1000355.3422829,-0.32232893157263,0.0003,0
2741,1000355.3422829,-0.32232893157263,-0.0003,0
2742,1000354.1418024,-0.32292917166867,0.0003,0
2743,1000354.1418024,-0.32292917166867,-0.0003,0
2744,1000352.9413218,-0.32352941176471,0.0003,0
2745,1000352.9413218,-0.32352941176471,-0.0003,0
2746,1000351.7408412,-0.32412965186074,0.0003,0
2747,1000351.7408412,-0.32412965186074,-0.0003,0
2748,1000350.5403606,-0.32472989195678,0.0003,0
2749,1000350.5403606,-0.32472989195678,-0.0003,0
2750,1000349.33988,-0.32533013205282,0.0003,0
2751,1000349.33988,-0.32533013205282,-0.0003,0
2752,1000348.1393995,-0.32593037214886,0.0003,0
2753,1000348.1393995,-0.32593037214886,-0.0003,0
2754,1000346.9389189,-0.3265306122449,0.0003,0
2755,1000346.9389189,-0.3265306122449,-0.0003,0
2756,1000345.7384383,-0.32713085234094,0.0003,0
2757,1000345.7384383,-0.32713085234094,-0.0003,0
2758,1000344.5379577,-0.32773109243697,0.0003,0
2759,1000344.5379577,-0.32773109243697,-0.0003,0
2760,1000343.3374771,-0.32833133253301,0.0003,0
2761,1000343.3374771,-0.32833133253301,-0.0003,0
2762,1000342.1369965,-0.32893157262905,0.0003,0
2763,1000342.1369965,-0.32893157262905,-0.0003,0
2764,1000340.9365159,-0.32953181272509,0.0003,0
2765,1000340.9365159,-0.32953181272509,-0.0003,0
2766,1000339.7360354,-0.33013205282113,0.0003,0
2767,1000339.7360354,-0.33013205282113,-0.0003,0
2768,1000338.5355548,-0.33073229291717,0.0003,0
2769,1000338.5355548,-0.33073229291717,-0.0003,0
2770,1000337.3350742,-0.33133253301321,0.0003,0
2771,1000337.3350742,-0.33133253301321,-0.0003,0
2772,1000336.1345936,-0.33193277310924,0.0003,0
2773,1000336.1345936,-0.33193277310924,-0.0003,0
2774,1000334.934113,-0.33253301320528,0.0003,0
2775,1000334.934113,-0.33253301320528,-0.0003,0
2776,1000333.7336324,-0.33313325330132,0.0003,0
2777,1000333.7336324,-0.33313325330132,-0.0003,0
2778,1000332.5331518,-0.33373349339736,0.0003,0
2779,1000332.5331518,-0.33373349339736,-0.0003,0
2780,1000331.3326712,-0.3343337334934,0.0003,0
2781,1000331.3326712,-0.3343337334934,-0.0003,0
2782,1000330.1321906,-0.33493397358944,0.0003,0
2783,1000330.1321906,-0.33493397358944,-0.0003,0
2784,1000328.93171,-0.33553421368547,0.0003,0
2785,1000328.93171,-0.33553421368547,-0.0003,0
2786,1000327.7312294,-0.33613445378151,0.0003,0
2787,1000327.7312294,-0.33613445378151,-0.0003,0
2788,1000326.5307488,-0.33673469387755,0.0003,0
2789,1000326.5307488,-0.33673469387755,-0.0003,0
2790,1000325.3302682,-0.33733493397359,0.0003,0
2791,1000325.3302682,-0.33733493397359,-0.0003,0
2792,1000324.1297876,-0.33793517406963,0.0003,0
2793,1000324.1297876,-0.33793517406963,-0.0003,0
2794,1000322.929307,-0.33853541416567,0.0003,0
2795,1000322.929307,-0.33853541416567,-0.0003,0
2796,1000321.7288264,-0.3391356542617,0.0003,0
2797,1000321.7288264,-0.3391356542617,-0.0003,0
2798,1000320.5283459,-0.33973589435774,0.0003,0
2799,1000320.5283459,-0.33973589435774,-0.0003,0
2800,1000319.3278653,-0.34033613445378,0.0003,0
2801,1000319.3278653,-0.34033613445378,-0.0003,0
2802,1000318.1273846,-0.34093637454982,0.0003,0
2803,1000318.1273846,-0.34093637454982,-0.0003,0
2804,1000316.926904,-0.34153661464586,0.0003,0
2805,1000316.926904,-0.34153661464586,-0.0003,0
2806,1000315.7264234,-0.3421368547419,0.0003,0
2807,1000315.7264234,-0.3421368547419,-0.0003,0
2808,1000314.5259428,-0.34273709483794,0.0003,0
2809,1000314.5259428,-0.34273709483794,-0.0003,0
2810,1000313.3254622,-0.34333733493397,0.0003,0
2811,1000313.3254622,-0.34333733493397,-0.0003,0
2812,1000312.1249816,-0.34393757503001,0.0003,0
2813,1000312.1249816,-0.34393757503001,-0.0003,0
2814,1000310.924501,-0.34453781512605,0.0003,0
2815,1000310.924501,-0.34453781512605,-0.0003,0
2816,1000309.7240204,-0.34513805522209,0.0003,0
2817,1000309.7240204,-0.34513805522209,-0.0003,0
2818,1000308.5235398,-0.34573829531813,0.0003,0
2819,1000308.5235398,-0.34573829531813,-0.0003,0
2820,1000307.3230592,-0.34633853541417,0.0003,0
2821,1000307.3230592,-0.34633853541417,-0.0003,0
2822,1000306.1225786,-0.3469387755102,0.0003,0
2823,1000306.1225786,-0.3469387755102,-0.0003,0
2824,1000304.922098,-0.34753901560624,0.0003,0
2825,1000304.922098,-0.34753901560624,-0.0003,0
2826,1000303.7216174,-0.34813925570228,0.0003,0
2827,1000303.7216174,-0.34813925570228,-0.0003,0
2828,1000302.5211368,-0.34873949579832,0.0003,0
2829,1000302.5211368,-0.34873949579832,-0.0003,0
2830,1000301.3206562,-0.34933973589436,0.0003,0
2831,1000301.3206562,-0.34933973589436,-0.0003,0
2832,1000300.1201755,-0.3499399759904,0.0003,0
2833,1000300.1201755,-0.3499399759904,-0.0003,0
2834,1000298.9196949,-0.35054021608643,0.0003,0
2835,1000298.9196949,-0.35054021608643,-0.0003,0
2836,1000297.7192143,-0.35114045618247,0.0003,0
2837,1000297.7192143,-0.35114045618247,-0.0003,0
2838,1000296.5187337,-0.35174069627851,0.0003,0
2839,1000296.5187337,-0.35174069627851,-0.0003,0
2840,1000295.3182531,-0.35234093637455,0.0003,0
2841,1000295.3182531,-0.35234093637455,-0.0003,0
2842,1000294.1177725,-0.35294117647059,0.0003,0
2843,1000294.1177725,-0.35294117647059,-0.0003,0
2844,1000292.9172919,-0.35354141656663,0.0003,0
2845,1000292.9172919,-0.35354141656663,-0.0003,0
2846,1000291.7168112,-0.35414165666267,0.0003,0
2847,1000291.7168112,-0.35414165666267,-0.0003,0
2848,1000290.5163306,-0.3547418967587,0.0003,0
2849,1000290.5163306,-0.3547418967587,-0.0003,0
2850,1000289.31585,-0.35534213685474,0.0003,0
2851,1000289.31585,-0.35534213685474,-0.0003,0
2852,1000288.1153694,-0.35594237695078,0.0003,0
2853,1000288.1153694,-0.35594237695078,-0.0003,0
2854,1000286.9148888,-0.35654261704682,0.0003,0
2855,1000286.9148888,-0.35654261704682,-0.0003,0
2856,1000285.7144082,-0.35714285714286,0.0003,0
2857,1000285.7144082,-0.35714285714286,-0.0003,0
2858,1000284.5139275,-0.3577430972389,0.0003,0
2859,1000284.5139275,-0.3577430972389,-0.0003,0
2860,1000283.3134469,-0.35834333733493,0.0003,0
2861,1000283.3134469,-0.35834333733493,-0.0003,0
2862,1000282.1129663,-0.35894357743097,0.0003,0
2863,1000282.1129663,-0.35894357743097,-0.0003,0
2864,1000280.9124857,-0.35954381752701,0.0003,0
2865,1000280.9124857,-0.35954381752701,-0.0003,0
2866,1000279.712005,-0.36014405762305,0.0003,0
2867,1000279.712005,-0.36014405762305,-0.0003,0
2868,1000278.5115244,-0.36074429771909,0.0003,0
2869,1000278.5115244,-0.36074429771909,-0.0003,0
2870,1000277.3110438,-0.36134453781513,0.0003,0
2871,1000277.3110438,-0.36134453781513,-0.0003,0
2872,1000276.1105632,-0.36194477791116,0.0003,0
2873,1000276.1105632,-0.36194477791116,-0.0003,0
2874,1000274.9100825,-0.3625450180072,0.0003,0
2875,1000274.9100825,-0.3625450180072,-0.0003,0
2876,1000273.7096019,-0.36314525810324,0.0003,0
2877,1000273.7096019,-0.36314525810324,-0.0003,0
2878,1000272.5091213,-0.36374549819928,0.0003,0
2879,1000272.5091213,-0.36374549819928,-0.0003,0
2880,1000271.3086407,-0.36434573829532,0.0003,0
2881,1000271.3086407,-0.36434573829532,-0.0003,0
2882,1000270.10816,-0.36494597839136,0.0003,0
2883,1000270.10816,-0.36494597839136,-0.0003,0
2884,1000268.9076794,-0.36554621848739,0.0003,0
2885,1000268.9076794,-0.36554621848739,-0.0003,0
2886,1000267.7071988,-0.36614645858343,0.0003,0
2887,1000267.7071988,-0.36614645858343,-0.0003,0
2888,1000266.5067181,-0.36674669867947,0.0003,0
2889,1000266.5067181,-0.36674669867947,-0.0003,0
2890,1000265.3062375,-0.36734693877551,0.0003,0
2891,1000265.3062375,-0.36734693877551,-0.0003,0
2892,1000264.1057569,-0.36794717887155,0.0003,0
2893,1000264.1057569,-0.36794717887155,-0.0003,0
2894,1000262.9052762,-0.36854741896759,0.0003,0
2895,1000262.9052762,-0.36854741896759,-0.0003,0
2896,1000261.7047956,-0.36914765906363,0.0003,0
2897,1000261.7047956,-0.36914765906363,-0.0003,0
2898,1000260.504315,-0.36974789915966,0.0003,0
2899,1000260.504315,-0.36974789915966,-0.0003,0
2900,1000259.3038343,-0.3703481392557,0.0003,0
2901,1000259.3038343,-0.3703481392557,-0.0003,0
2902,1000258.1033537,-0.37094837935174,0.0003,0
2903,1000258.1033537,-0.37094837935174,-0.0003,0
2904,1000256.902873,-0.37154861944778,0.0003,0
2905,1000256.902873,-0.37154861944778,-0.0003,0
2906,1000255.7023924,-0.37214885954382,0.0003,0
2907,1000255.7023924,-0.37214885954382,-0.0003,0
2908,1000254.5019118,-0.37274909963986,0.0003,0
2909,1000254.5019118,-0.37274909963986,-0.0003,0
2910,1000253.3014311,-0.37334933973589,0.0003,0
2911,1000253.3014311,-0.37334933973589,-0.0003,0
2912,1000252.1009505,-0.37394957983193,0.0003,0
2913,1000252.1009505,-0.37394957983193,-0.0003,0
2914,1000250.9004698,-0.37454981992797,0.0003,0
2915,1000250.9004698,-0.37454981992797,-0.0003,0
2916,1000249.6999892,-0.37515006002401,0.0003,0
2917,1000249.6999892,-0.37515006002401,-0.0003,0
2918,1000248.4995086,-0.37575030012005,0.0003,0
2919,1000248.4995086,-0.37575030012005,-0.0003,0
2920,1000247.2990279,-0.37635054021609,0.0003,0
2921,1000247.2990279,-0.37635054021609,-0.0003,0
2922,1000246.0985473,-0.37695078031212,0.0003,0
2923,1000246.0985473,-0.37695078031212,-0.0003,0
2924,1000244.8980666,-0.37755102040816,0.0003,0
2925,1000244.8980666,-0.37755102040816,-0.0003,0
2926,1000243.697586,-0.3781512605042,0.0003,0
2927,1000243.697586,-0.3781512605042,-0.0003,0
2928,1000242.4971053,-0.37875150060024,0.0003,0
2929,1000242.4971053,-0.37875150060024,-0.0003,0
2930,1000241.2966247,-0.37935174069628,0.0003,0
2931,1000241.2966247,-0.37935174069628,-0.0003,0
2932,1000240.096144,-0.37995198079232,0.0003,0
2933,1000240.096144,-0.37995198079232,-0.0003,0
2934,1000238.8956634,-0.38055222088836,0.0003,0
2935,1000238.8956634,-0.38055222088836,-0.0003,0
2936,1000237.6951827,-0.38115246098439,0.0003,0
2937,1000237.6951827,-0.38115246098439,-0.0003,0
2938,1000236.4947021,-0.38175270108043,0.0003,0
2939,1000236.4947021,-0.38175270108043,-0.0003,0
2940,1000235.2942214,-0.38235294117647,0.0003,0
2941,1000235.2942214,-0.38235294117647,-0.0003,0
2942,1000234.0937408,-0.38295318127251,0.0003,0
2943,1000234.0937408,-0.38295318127251,-0.0003,0
2944,1000232.8932601,-0.38355342136855,0.0003,0
2945,1000232.8932601,-0.38355342136855,-0.0003,0
2946,1000231.6927795,-0.38415366146459,0.0003,0
2947,1000231.6927795,-0.38415366146459,-0.0003,0
2948,1000230.4922988,-0.38475390156062,0.0003,0
2949,1000230.4922988,-0.38475390156062,-0.0003,0
2950,1000229.2918182,-0.38535414165666,0.0003,0
2951,1000229.2918182,-0.38535414165666,-0.0003,0
2952,1000228.0913375,-0.3859543817527,0.0003,0
2953,1000228.0913375,-0.3859543817527,-0.0003,0
2954,1000226.8908569,-0.38655462184874,0.0003,0
2955,1000226.8908569,-0.38655462184874,-0.0003,0
2956,1000225.6903762,-0.38715486194478,0.0003,0
2957,1000225.6903762,-0.38715486194478,-0.0003,0
2958,1000224.4898956,-0.38775510204082,0.0003,0
2959,1000224.4898956,-0.38775510204082,-0.0003,0
2960,1000223.2894149,-0.38835534213685,0.0003,0
2961,1000223.2894149,-0.38835534213685,-0.0003,0
2962,1000222.0889342,-0.38895558223289,0.0003,0
2963,1000222.0889342,-0.38895558223289,-0.0003,0
2964,1000220.8884536,-0.38955582232893,0.0003,0
2965,1000220.8884536,-0.38955582232893,-0.0003,0
2966,1000219.6879729,-0.39015606242497,0.0003,0
2967,1000219.6879729,-0.39015606242497,-0.0003,0
2968,1000218.4874923,-0.39075630252101,0.0003,0
2969,1000218.4874923,-0.39075630252101,-0.0003,0
2970,1000217.2870116,-0.39135654261705,0.0003,0
2971,1000217.2870116,-0.39135654261705,-0.0003,0
2972,1000216.0865309,-0.39195678271309,0.0003,0
2973,1000216.0865309,-0.39195678271309,-0.0003,0
2974,1000214.8860503,-0.39255702280912,0.0003,0
2975,1000214.8860503,-0.39255702280912,-0.0003,0
2976,1000213.6855696,-0.39315726290516,0.0003,0
2977,1000213.6855696,-0.39315726290516,-0.0003,0
2978,1000212.4850889,-0.3937575030012,0.0003,0
2979,1000212.4850889,-0.3937575030012,-0.0003,0
2980,1000211.2846083,-0.39435774309724,0.0003,0
2981,1000211.2846083,-0.39435774309724,-0.0003,0
2982,1000210.0841276,-0.39495798319328,0.0003,0
2983,1000210.0841276,-0.39495798319328,-0.0003,0
2984,1000208.8836469,-0.39555822328932,0.0003,0
2985,1000208.8836469,-0.39555822328932,-0.0003,0
2986,1000207.6831663,-0.39615846338535,0.0003,0
2987,1000207.6831663,-0.39615846338535,-0.0003,0
2988,1000206.4826856,-0.39675870348139,0.0003,0
2989,1000206.4826856,-0.39675870348139,-0.0003,0
2990,1000205.2822049,-0.39735894357743,0.0003,0
2991,1000205.2822049,-0.39735894357743,-0.0003,0
2992,1000204.0817243,-0.39795918367347,0.0003,0
2993,1000204.0817243,-0.39795918367347,-0.0003,0
2994,1000202.8812436,-0.39855942376951,0.0003,0
2995,1000202.8812436,-0.39855942376951,-0.0003,0
2996,1000201.6807629,-0.39915966386555,0.0003,0
2997,1000201.6807629,-0.39915966386555,-0.0003,0
2998,1000200.4802823,-0.39975990396158,0.0003,0
2999,1000200.4802823,-0.39975990396158,-0.0003,0
3000,1000199.2798016,-0.40036014405762,0.0003,0
3001,1000199.2798016,-0.40036014405762,-0.0003,0
3002,1000198.0793209,-0.40096038415366,0.0003,0
3003,1000198.0793209,-0.40096038415366,-0.0003,0
3004,1000196.8788402,-0.4015606242497,0.0003,0
3005,1000196.8788402,-0.4015606242497,-0.0003,0
3006,1000195.6783596,-0.40216086434574,0.0003,0
3007,1000195.6783596,-0.40216086434574,-0.0003,0
3008,1000194.4778789,-0.40276110444178,0.0003,0
3009,1000194.4778789,-0.40276110444178,-0.0003,0
3010,1000193.2773982,-0.40336134453782,0.0003,0
3011,1000193.2773982,-0.40336134453782,-0.0003,0
3012,1000192.0769175,-0.40396158463385,0.0003,0
3013,1000192.0769175,-0.40396158463385,-0.0003,0
3014,1000190.8764369,-0.40456182472989,0.0003,0
3015,1000190.8764369,-0.40456182472989,-0.0003,0
3016,1000189.6759562,-0.40516206482593,0.0003,0
3017,1000189.6759562,-0.40516206482593,-0.0003,0
3018,1000188.4754755,-0.40576230492197,0.0003,0
3019,1000188.4754755,-0.40576230492197,-0.0003,0
3020,1000187.2749948,-0.40636254501801,0.0003,0
3021,1000187.2749948,-0.40636254501801,-0.0003,0
3022,1000186.0745141,-0.40696278511405,0.0003,0
3023,1000186.0745141,-0.40696278511405,-0.0003,0
3024,1000184.8740335,-0.40756302521008,0.0003,0
3025,1000184.8740335,-0.40756302521008,-0.0003,0
3026,1000183.6735528,-0.40816326530612,0.0003,0
3027,1000183.6735528,-0.40816326530612,-0.0003,0
3028,1000182.4730721,-0.40876350540216,0.0003,0
3029,1000182.4730721,-0.40876350540216,-0.0003,0
3030,1000181.2725914,-0.4093637454982,0.0003,0
3031,1000181.2725914,-0.4093637454982,-0.0003,0
3032,1000180.0721107,-0.40996398559424,0.0003,0
3033,1000180.0721107,-0.40996398559424,-0.0003,0
3034,1000178.87163,-0.41056422569028,0.0003,0
3035,1000178.87163,-0.41056422569028,-0.0003,0
3036,1000177.6711494,-0.41116446578631,0.0003,0
3037,1000177.6711494,-0.41116446578631,-0.0003,0
3038,1000176.4706687,-0.41176470588235,0.0003,0
3039,1000176.4706687,-0.41176470588235,-0.0003,0
3040,1000175.270188,-0.41236494597839,0.0003,0
3041,1000175.270188,-0.41236494597839,-0.0003,0
3042,1000174.0697073,-0.41296518607443,0.0003,0
3043,1000174.0697073,-0.41296518607443,-0.0003,0
3044,1000172.8692266,-0.41356542617047,0.0003,0
3045,1000172.8692266,-0.41356542617047,-0.0003,0
3046,1000171.6687459,-0.41416566626651,0.0003,0
3047,1000171.6687459,-0.41416566626651,-0.0003,0
3048,1000170.4682652,-0.41476590636254,0.0003,0
3049,1000170.4682652,-0.41476590636255,-0.0003,0
3050,1000169.2677845,-0.41536614645858,0.0003,0
3051,1000169.2677845,-0.41536614645858,-0.0003,0
3052,1000168.0673039,-0.41596638655462,0.0003,0
3053,1000168.0673039,-0.41596638655462,-0.0003,0
3054,1000166.8668232,-0.41656662665066,0.0003,0
3055,1000166.8668232,-0.41656662665066,-0.0003,0
3056,1000165.6663425,-0.4171668667467,0.0003,0
3057,1000165.6663425,-0.4171668667467,-0.0003,0
3058,1000164.4658618,-0.41776710684274,0.0003,0
3059,1000164.4658618,-0.41776710684274,-0.0003,0
3060,1000163.2653811,-0.41836734693878,0.0003,0
3061,1000163.2653811,-0.41836734693878,-0.0003,0
3062,1000162.0649004,-0.41896758703481,0.0003,0
3063,1000162.0649004,-0.41896758703481,-0.0003,0
3064,1000160.8644197,-0.41956782713085,0.0003,0
3065,1000160.8644197,-0.41956782713085,-0.0003,0
3066,1000159.663939,-0.42016806722689,0.0003,0
3067,1000159.663939,-0.42016806722689,-0.0003,0
3068,1000158.4634583,-0.42076830732293,0.0003,0
3069,1000158.4634583,-0.42076830732293,-0.0003,0
3070,1000157.2629776,-0.42136854741897,0.0003,0
3071,1000157.2629776,-0.42136854741897,-0.0003,0
3072,1000156.0624969,-0.42196878751501,0.0003,0
3073,1000156.0624969,-0.42196878751501,-0.0003,0
3074,1000154.8620162,-0.42256902761104,0.0003,0
3075,1000154.8620162,-0.42256902761104,-0.0003,0
3076,1000153.6615355,-0.42316926770708,0.0003,0
3077,1000153.6615355,-0.42316926770708,-0.0003,0
3078,1000152.4610548,-0.42376950780312,0.0003,0
3079,1000152.4610548,-0.42376950780312,-0.0003,0
3080,1000151.2605741,-0.42436974789916,0.0003,0
3081,1000151.2605741,-0.42436974789916,-0.0003,0
3082,1000150.0600934,-0.4249699879952,0.0003,0
3083,1000150.0600934,-0.4249699879952,-0.0003,0
3084,1000148.8596127,-0.42557022809124,0.0003,0
3085,1000148.8596127,-0.42557022809124,-0.0003,0
3086,1000147.659132,-0.42617046818727,0.0003,0
3087,1000147.659132,-0.42617046818727,-0.0003,0
3088,1000146.4586513,-0.42677070828331,0.0003,0
3089,1000146.4586513,-0.42677070828331,-0.0003,0
3090,1000145.2581706,-0.42737094837935,0.0003,0
3091,1000145.2581706,-0.42737094837935,-0.0003,0
3092,1000144.0576899,-0.42797118847539,0.0003,0
3093,1000144.0576899,-0.42797118847539,-0.0003,0
3094,1000142.8572092,-0.42857142857143,0.0003,0
3095,1000142.8572092,-0.42857142857143,-0.0003,0
3096,1000141.6567285,-0.42917166866747,0.0003,0
3097,1000141.6567285,-0.42917166866747,-0.0003,0
3098,1000140.4562478,-0.42977190876351,0.0003,0
3099,1000140.4562478,-0.42977190876351,-0.0003,0
3100,1000139.2557671,-0.43037214885954,0.0003,0
3101,1000139.2557671,-0.43037214885954,-0.0003,0
3102,1000138.0552863,-0.43097238895558,0.0003,0
3103,1000138.0552863,-0.43097238895558,-0.0003,0
3104,1000136.8548056,-0.43157262905162,0.0003,0
3105,1000136.8548056,-0.43157262905162,-0.0003,0
3106,1000135.6543249,-0.43217286914766,0.0003,0
3107,1000135.6543249,-0.43217286914766,-0.0003,0
3108,1000134.4538442,-0.4327731092437,0.0003,0
3109,1000134.4538442,-0.4327731092437,-0.0003,0
3110,1000133.2533635,-0.43337334933974,0.0003,0
3111,1000133.2533635,-0.43337334933974,-0.0003,0
3112,1000132.0528828,-0.43397358943577,0.0003,0
3113,1000132.0528828,-0.43397358943577,-0.0003,0
3114,1000130.8524021,-0.43457382953181,0.0003,0
3115,1000130.8524021,-0.43457382953181,-0.0003,0
3116,1000129.6519214,-0.43517406962785,0.0003,0
3117,1000129.6519214,-0.43517406962785,-0.0003,0
3118,1000128.4514406,-0.43577430972389,0.0003,0
3119,1000128.4514406,-0.43577430972389,-0.0003,0
3120,1000127.2509599,-0.43637454981993,0.0003,0
3121,1000127.2509599,-0.43637454981993,-0.0003,0
3122,1000126.0504792,-0.43697478991597,0.0003,0
3123,1000126.0504792,-0.43697478991597,-0.0003,0
3124,1000124.8499985,-0.437575030012,0.0003,0
3125,1000124.8499985,-0.437575030012,-0.0003,0
3126,1000123.6495178,-0.43817527010804,0.0003,0
3127,1000123.6495178,-0.43817527010804,-0.0003,0
3128,1000122.4490371,-0.43877551020408,0.0003,0
3129,1000122.4490371,-0.43877551020408,-0.0003,0
3130,1000121.2485563,-0.43937575030012,0.0003,0
3131,1000121.2485563,-0.43937575030012,-0.0003,0
3132,1000120.0480756,-0.43997599039616,0.0003,0
3133,1000120.0480756,-0.43997599039616,-0.0003,0
3134,1000118.8475949,-0.4405762304922,0.0003,0
3135,1000118.8475949,-0.4405762304922,-0.0003,0
3136,1000117.6471142,-0.44117647058824,0.0003,0
3137,1000117.6471142,-0.44117647058824,-0.0003,0
3138,1000116.4466335,-0.44177671068427,0.0003,0
3139,1000116.4466335,-0.44177671068427,-0.0003,0
3140,1000115.2461527,-0.44237695078031,0.0003,0
3141,1000115.2461527,-0.44237695078031,-0.0003,0
3142,1000114.045672,-0.44297719087635,0.0003,0
3143,1000114.045672,-0.44297719087635,-0.0003,0
3144,1000112.8451913,-0.44357743097239,0.0003,0
3145,1000112.8451913,-0.44357743097239,-0.0003,0
3146,1000111.6447106,-0.44417767106843,0.0003,0
3147,1000111.6447106,-0.44417767106843,-0.0003,0
3148,1000110.4442298,-0.44477791116447,0.0003,0
3149,1000110.4442298,-0.44477791116447,-0.0003,0
3150,1000109.2437491,-0.4453781512605,0.0003,0
3151,1000109.2437491,-0.4453781512605,-0.0003,0
3152,1000108.0432684,-0.44597839135654,0.0003,0
3153,1000108.0432684,-0.44597839135654,-0.0003,0
3154,1000106.8427877,-0.44657863145258,0.0003,0
3155,1000106.8427877,-0.44657863145258,-0.0003,0
3156,1000105.6423069,-0.44717887154862,0.0003,0
3157,1000105.6423069,-0.44717887154862,-0.0003,0
3158,1000104.4418262,-0.44777911164466,0.0003,0
3159,1000104.4418262,-0.44777911164466,-0.0003,0
3160,1000103.2413455,-0.4483793517407,0.0003,0
3161,1000103.2413455,-0.4483793517407,-0.0003,0
3162,1000102.0408647,-0.44897959183673,0.0003,0
3163,1000102.0408647,-0.44897959183673,-0.0003,0
3164,1000100.840384,-0.44957983193277,0.0003,0
3165,1000100.840384,-0.44957983193277,-0.0003,0
3166,1000099.6399033,-0.45018007202881,0.0003,0
3167,1000099.6399033,-0.45018007202881,-0.0003,0
3168,1000098.4394225,-0.45078031212485,0.0003,0
3169,1000098.4394225,-0.45078031212485,-0.0003,0
3170,1000097.2389418,-0.45138055222089,0.0003,0
3171,1000097.2389418,-0.45138055222089,-0.0003,0
3172,1000096.0384611,-0.45198079231693,0.0003,0
3173,1000096.0384611,-0.45198079231693,-0.0003,0
3174,1000094.8379803,-0.45258103241297,0.0003,0
3175,1000094.8379803,-0.45258103241297,-0.0003,0
3176,1000093.6374996,-0.453181272509,0.0003,0
3177,1000093.6374996,-0.453181272509,-0.0003,0
3178,1000092.4370189,-0.45378151260504,0.0003,0
3179,1000092.4370189,-0.45378151260504,-0.0003,0
3180,1000091.2365381,-0.45438175270108,0.0003,0
3181,1000091.2365381,-0.45438175270108,-0.0003,0
3182,1000090.0360574,-0.45498199279712,0.0003,0
3183,1000090.0360574,-0.45498199279712,-0.0003,0
3184,1000088.8355767,-0.45558223289316,0.0003,0
3185,1000088.8355767,-0.45558223289316,-0.0003,0
3186,1000087.6350959,-0.4561824729892,0.0003,0
3187,1000087.6350959,-0.4561824729892,-0.0003,0
3188,1000086.4346152,-0.45678271308523,0.0003,0
3189,1000086.4346152,-0.45678271308523,-0.0003,0
3190,1000085.2341344,-0.45738295318127,0.0003,0
3191,1000085.2341344,-0.45738295318127,-0.0003,0
3192,1000084.0336537,-0.45798319327731,0.0003,0
3193,1000084.0336537,-0.45798319327731,-0.0003,0
3194,1000082.833173,-0.45858343337335,0.0003,0
3195,1000082.833173,-0.45858343337335,-0.0003,0
3196,1000081.6326922,-0.45918367346939,0.0003,0
3197,1000081.6326922,-0.45918367346939,-0.0003,0
3198,1000080.4322115,-0.45978391356543,0.0003,0
3199,1000080.4322115,-0.45978391356543,-0.0003,0
3200,1000079.2317307,-0.46038415366146,0.0003,0
3201,1000079.2317307,-0.46038415366146,-0.0003,0
3202,1000078.03125,-0.4609843937575,0.0003,0
3203,1000078.03125,-0.4609843937575,-0.0003,0
3204,1000076.8307692,-0.46158463385354,0.0003,0
3205,1000076.8307692,-0.46158463385354,-0.0003,0
3206,1000075.6302885,-0.46218487394958,0.0003,0
3207,1000075.6302885,-0.46218487394958,-0.0003,0
3208,1000074.4298077,-0.46278511404562,0.0003,0
3209,1000074.4298077,-0.46278511404562,-0.0003,0
3210,1000073.229327,-0.46338535414166,0.0003,0
3211,1000073.229327,-0.46338535414166,-0.0003,0
3212,1000072.0288462,-0.4639855942377,0.0003,0
3213,1000072.0288462,-0.4639855942377,-0.0003,0
3214,1000070.8283655,-0.46458583433373,0.0003,0
3215,1000070.8283655,-0.46458583433373,-0.0003,0
3216,1000069.6278847,-0.46518607442977,0.0003,0
3217,1000069.6278847,-0.46518607442977,-0.0003,0
3218,1000068.427404,-0.46578631452581,0.0003,0
3219,1000068.427404,-0.46578631452581,-0.0003,0
3220,1000067.2269232,-0.46638655462185,0.0003,0
3221,1000067.2269232,-0.46638655462185,-0.0003,0
3222,1000066.0264425,-0.46698679471789,0.0003,0
3223,1000066.0264425,-0.46698679471789,-0.0003,0
3224,1000064.8259617,-0.46758703481393,0.0003,0
3225,1000064.8259617,-0.46758703481393,-0.0003,0
3226,1000063.625481,-0.46818727490996,0.0003,0
3227,1000063.625481,-0.46818727490996,-0.0003,0
3228,1000062.4250002,-0.468787515006,0.0003,0
3229,1000062.4250002,-0.468787515006,-0.0003,0
3230,1000061.2245195,-0.46938775510204,0.0003,0
3231,1000061.2245195,-0.46938775510204,-0.0003,0
3232,1000060.0240387,-0.46998799519808,0.0003,0
3233,1000060.0240387,-0.46998799519808,-0.0003,0
3234,1000058.823558,-0.47058823529412,0.0003,0
3235,1000058.823558,-0.47058823529412,-0.0003,0
3236,1000057.6230772,-0.47118847539016,0.0003,0
3237,1000057.6230772,-0.47118847539016,-0.0003,0
3238,1000056.4225964,-0.47178871548619,0.0003,0
3239,1000056.4225964,-0.47178871548619,-0.0003,0
3240,1000055.2221157,-0.47238895558223,0.0003,0
3241,1000055.2221157,-0.47238895558223,-0.0003,0
3242,1000054.0216349,-0.47298919567827,0.0003,0
3243,1000054.0216349,-0.47298919567827,-0.0003,0
3244,1000052.8211542,-0.47358943577431,0.0003,0
3245,1000052.8211542,-0.47358943577431,-0.0003,0
3246,1000051.6206734,-0.47418967587035,0.0003,0
3247,1000051.6206734,-0.47418967587035,-0.0003,0
3248,1000050.4201926,-0.47478991596639,0.0003,0
3249,1000050.4201926,-0.47478991596639,-0.0003,0
3250,1000049.2197119,-0.47539015606242,0.0003,0
3251,1000049.2197119,-0.47539015606242,-0.0003,0
3252,1000048.0192311,-0.47599039615846,0.0003,0
3253,1000048.0192311,-0.47599039615846,-0.0003,0
3254,1000046.8187504,-0.4765906362545,0.0003,0
3255,1000046.8187504,-0.4765906362545,-0.0003,0
3256,1000045.6182696,-0.47719087635054,0.0003,0
3257,1000045.6182696,-0.47719087635054,-0.0003,0
3258,1000044.4177888,-0.47779111644658,0.0003,0
3259,1000044.4177888,-0.47779111644658,-0.0003,0
3260,1000043.2173081,-0.47839135654262,0.0003,0
3261,1000043.2173081,-0.47839135654262,-0.0003,0
3262,1000042.0168273,-0.47899159663866,0.0003,0
3263,1000042.0168273,-0.47899159663866,-0.0003,0
3264,1000040.8163465,-0.47959183673469,0.0003,0
3265,1000040.8163465,-0.47959183673469,-0.0003,0
3266,1000039.6158658,-0.48019207683073,0.0003,0
3267,1000039.6158658,-0.48019207683073,-0.0003,0
3268,1000038.415385,-0.48079231692677,0.0003,0
3269,1000038.415385,-0.48079231692677,-0.0003,0
3270,1000037.2149042,-0.48139255702281,0.0003,0
3271,1000037.2149042,-0.48139255702281,-0.0003,0
3272,1000036.0144234,-0.48199279711885,0.0003,0
3273,1000036.0144234,-0.48199279711885,-0.0003,0
3274,1000034.8139427,-0.48259303721489,0.0003,0
3275,1000034.8139427,-0.48259303721489,-0.0003,0
3276,1000033.6134619,-0.48319327731092,0.0003,0
3277,1000033.6134619,-0.48319327731092,-0.0003,0
3278,1000032.4129811,-0.48379351740696,0.0003,0
3279,1000032.4129811,-0.48379351740696,-0.0003,0
3280,1000031.2125004,-0.484393757503,0.0003,0
3281,1000031.2125004,-0.484393757503,-0.0003,0
3282,1000030.0120196,-0.48499399759904,0.0003,0
3283,1000030.0120196,-0.48499399759904,-0.0003,0
3284,1000028.8115388,-0.48559423769508,0.0003,0
3285,1000028.8115388,-0.48559423769508,-0.0003,0
3286,1000027.611058,-0.48619447779112,0.0003,0
3287,1000027.611058,-0.48619447779112,-0.0003,0
3288,1000026.4105773,-0.48679471788715,0.0003,0
3289,1000026.4105773,-0.48679471788715,-0.0003,0
3290,1000025.2100965,-0.48739495798319,0.0003,0
3291,1000025.2100965,-0.48739495798319,-0.0003,0
3292,1000024.0096157,-0.48799519807923,0.0003,0
3293,1000024.0096157,-0.48799519807923,-0.0003,0
3294,1000022.8091349,-0.48859543817527,0.0003,0
3295,1000022.8091349,-0.48859543817527,-0.0003,0
3296,1000021.6086541,-0.48919567827131,0.0003,0
3297,1000021.6086541,-0.48919567827131,-0.0003,0
3298,1000020.4081734,-0.48979591836735,0.0003,0
3299,1000020.4081734,-0.48979591836735,-0.0003,0
3300,1000019.2076926,-0.49039615846339,0.0003,0
3301,1000019.2076926,-0.49039615846339,-0.0003,0
3302,1000018.0072118,-0.49099639855942,0.0003,0
3303,1000018.0072118,-0.49099639855942,-0.0003,0
3304,1000016.806731,-0.49159663865546,0.0003,0
3305,1000016.806731,-0.49159663865546,-0.0003,0
3306,1000015.6062502,-0.4921968787515,0.0003,0
3307,1000015.6062502,-0.4921968787515,-0.0003,0
3308,1000014.4057695,-0.49279711884754,0.0003,0
3309,1000014.4057695,-0.49279711884754,-0.0003,0
3310,1000013.2052887,-0.49339735894358,0.0003,0
3311,1000013.2052887,-0.49339735894358,-0.0003,0
3312,1000012.0048079,-0.49399759903962,0.0003,0
3313,1000012.0048079,-0.49399759903962,-0.0003,0
3314,1000010.8043271,-0.49459783913565,0.0003,0
3315,1000010.8043271,-0.49459783913565,-0.0003,0
3316,1000009.6038463,-0.49519807923169,0.0003,0
3317,1000009.6038463,-0.49519807923169,-0.0003,0
3318,1000008.4033655,-0.49579831932773,0.0003,0
3319,1000008.4033655,-0.49579831932773,-0.0003,0
3320,1000007.2028847,-0.49639855942377,0.0003,0
3321,1000007.2028847,-0.49639855942377,-0.0003,0
3322,1000006.002404,-0.49699879951981,0.0003,0
3323,1000006.002404,-0.49699879951981,-0.0003,0
3324,1000004.8019232,-0.49759903961585,0.0003,0
3325,1000004.8019232,-0.49759903961585,-0.0003,0
3326,1000003.6014424,-0.49819927971188,0.0003,0
3327,1000003.6014424,-0.49819927971188,-0.0003,0
3328,1000002.4009616,-0.49879951980792,0.0003,0
3329,1000002.4009616,-0.49879951980792,-0.0003,0
3330,1000001.2004808,-0.49939975990396,0.0003,0
3331,1000001.2004808,-0.49939975990396,-0.0003,0
3332,1000000,-0.5,0.0003,0
3333,1000000,-0.5,-0.0003,0
