element,qp,increment
1,1,0.0137525
1,2,0.0146799
1,3,0.0132047
1,4,0.0141688
2,1,0.0165653
2,2,0.0165234
2,3,0.0170112
2,4,0.0169707
3,1,0.0132047
3,2,0.0141688
3,3,0.0137525
3,4,0.0146799
4,1,0.0170112
4,2,0.0169707
4,3,0.0165653
4,4,0.0165234
