diffusivity_values,temperature_misfit
0.79031753120875,-0.0017470840166476
4.771373019696,0.0018969678942459
0,-0.0017470840172233
0,0.00015344604386619
