n_samples,total,per_proc,max_proc,time
32,2003,62.59375,64,0.8895750045776367
64,2021,63.15625,65,1.2967300415039062
128,2014,62.9375,64,2.322119951248169
256,2017,63.03125,64,4.598278999328613
512,2025,63.28125,64,8.99910306930542
1024,2018,63.0625,64,17.473124980926514
2048,2020,63.125,64,35.00717377662659
4096,2014,62.9375,65,70.51581192016602
8192,2029,63.40625,65,145.92764902114868
16384,2043,63.84375,65,306.4398341178894
