n_samples,total,per_proc,max_proc,time
32,2006,62.6875,63,1.33833909034729
64,2143,66.96875,68,1.0270500183105469
128,2431,75.96875,77,1.8830368518829346
256,3005,93.90625,95,3.7104830741882324
512,4127,128.96875,130,6.813031196594238
1024,6390,199.6875,201,13.703726053237915
2048,10900,340.625,342,26.99653196334839
4096,19930,622.8125,624,54.06905007362366
8192,38009,1187.78125,1188,114.29055905342102
16384,74158,2317.4375,2319,258.34480690956116
