n_samples,total,per_proc,max_proc,time
1,39,39,39,0.4098820686340332
2,45,45,45,0.5975279808044434
4,54,54,54,1.0269010066986084
8,72,72,72,1.9073710441589355
16,107,107,107,3.778654098510742
32,171,171,171,7.30600118637085
64,302,302,302,14.619956970214844
128,560,560,560,29.310001850128174
256,1092,1092,1092,62.75931692123413
512,2107,2107,2107,117.64810681343079
1024,4180,4180,4180,228.49525594711304
