n_samples,total,per_proc,max_proc,time
1,61,61,61,0.3087019920349121
2,62,62,62,0.5568909645080566
4,62,62,62,1.059433937072754
8,62,62,62,2.076439142227173
16,62,62,62,4.202796936035156
32,63,63,63,8.194607973098755
64,63,63,63,16.570204973220825
128,63,63,63,32.784961223602295
256,62,62,62,65.53801989555359
512,62,62,62,130.28309988975525
1024,62,62,62,256.6889009475708
