n_samples,total,per_proc,max_proc,time
1,61,61,61,0.30574798583984375
2,62,62,62,0.4726600646972656
4,63,63,63,0.822404146194458
8,62,62,62,1.517362117767334
16,62,62,62,2.916407823562622
32,62,62,62,5.764437198638916
64,62,62,62,11.407047986984253
128,62,62,62,22.885844945907593
256,62,62,62,45.15262699127197
512,62,62,62,89.3657112121582
1024,62,62,62,179.2792670726776
