n_samples,total,per_proc,max_proc,time
32,1999,62.46875,64,0.7929909229278564
64,2018,63.0625,64,1.1722910404205322
128,2018,63.0625,64,2.1792099475860596
256,2016,63.0,64,3.589040994644165
512,2009,62.78125,64,6.543374061584473
1024,2018,63.0625,64,12.681308031082153
2048,2012,62.875,64,25.22466802597046
4096,2015,62.96875,64,52.03970909118652
8192,2019,63.09375,65,106.41850590705872
16384,2036,63.625,64,228.31627297401428
