time,max_proc,per_proc,total
0,7547,7535.3214285714,210989
1,7536,7524.6428571429,210690
2,7508,7495.1071428571,209863
3,7492,7471.2857142857,209196
4,7463,7433.2857142857,208136
5,7444,7413.7857142857,207586
6,7421,7388.5714285714,206880
7,7399,7357.25,206003
8,7375,7336.1071428571,205411
9,7350,7316.0357142857,204849
10,7331,7298.1785714286,204349
