n_samples,total,per_proc,max_proc,time
32,2020,63.125,64,4.355259895324707
64,2024,63.25,66,7.933997869491577
128,2023,63.21875,64,15.361284971237183
256,2028,63.375,64,30.607635021209717
512,2022,63.1875,64,62.722448110580444
1024,2022,63.1875,65,122.77144193649292
2048,2033,63.53125,65,248.0796971321106
4096,2046,63.9375,65,498.4984760284424
8192,2058,64.3125,65,1040.1365821361542
16384,2124,66.375,68,2213.0920181274414
