n_samples,total,per_proc,max_proc,time
32,2027,63.34375,65,4.264084815979004
64,2171,67.84375,69,8.0244300365448
128,2461,76.90625,78,15.796481132507324
256,3017,94.28125,96,30.830486059188843
512,4160,130.0,131,61.932452917099
1024,6407,200.21875,202,128.2539029121399
2048,10949,342.15625,344,276.8892412185669
4096,19988,624.625,626,571.3255610466003
8192,38080,1190.0,1192,1183.5705847740173
16384,74263,2320.71875,2322,2276.1071949005127
