n_samples,total,per_proc,max_proc,time
1,62,62,62,2.00274920463562
2,62,62,62,3.7881100177764893
4,63,63,63,7.514307022094727
8,63,63,63,14.90131402015686
16,63,63,63,30.180922985076904
32,63,63,63,59.649468183517456
64,63,63,63,118.92928409576416
128,62,62,62,236.9599051475525
256,63,63,63,477.9155080318451
512,63,63,63,937.4217369556427
1024,63,63,63,1885.5357420444489
