n_samples,total,per_proc,max_proc,time
1,41,41,41,1.6719460487365723
2,50,50,50,3.169961929321289
4,59,59,59,6.226783037185669
8,77,77,77,12.301530122756958
16,117,117,117,24.460346221923828
32,187,187,187,48.713058948516846
64,328,328,328,97.71084213256836
128,626,626,626,195.45316100120544
256,1173,1173,1173,391.7432289123535
512,2310,2310,2310,781.0093379020691
1024,4573,4573,4573,1555.4038436412811
